time,X,Y,Z,x,y,z,w,Vx,Vy,Vz,Wx,Wy,Wz,fx,fy,fz,tx,ty,tz
2024-01-09 17:53:35.670234,0.8020148305178119,-0.18072161215347138,0.3847123101085233,0.9469367861747742,-0.016904695135608685,0.3160210710316521,-0.05617516724504907,-4.507683171173227e-06,-2.5473424331128498e-05,2.3356540151027914e-06,-5.6596590374368856e-05,-5.068978188239631e-05,7.0232995249726044e-06,6.394003353118123,0.9055978538838583,-5.4485264713929995,-0.4827800588942486,-0.2511804847819835,-1.464475071306036
2024-01-09 17:53:35.682856,0.8020148305178119,-0.18072161215347138,0.3847123101085233,0.9469367861747742,-0.016904695135608685,0.3160210710316521,-0.05617516724504907,-4.507683171173227e-06,-2.5473424331128498e-05,2.3356540151027914e-06,-5.6596590374368856e-05,-5.068978188239631e-05,7.0232995249726044e-06,6.401141173510149,0.9208386599944798,-5.47512137024746,-0.4782331829186161,-0.25002165213993244,-1.4629673278195297
2024-01-09 17:53:35.695495,0.8020149331487652,-0.18072119817064586,0.38471284426727376,0.9469366073608398,-0.016904923757487346,0.316021480135311,-0.05617591710714909,-4.507683171173227e-06,-2.5473424331128498e-05,2.3356540151027914e-06,-5.6596590374368856e-05,-5.068978188239631e-05,7.0232995249726044e-06,6.401141173510149,0.9208386599944798,-5.47512137024746,-0.4782331829186161,-0.25002165213993244,-1.4629673278195297
2024-01-09 17:53:35.707914,0.8020151347930022,-0.18072097960415615,0.3847133160676213,0.9469364285469055,-0.016905138469275115,0.3160218289879282,-0.05617623295831526,-4.507683171173227e-06,-2.5473424331128498e-05,2.3356540151027914e-06,-5.6596590374368856e-05,-5.068978188239631e-05,7.0232995249726044e-06,6.433187365699953,0.8999415590426622,-5.488959337966711,-0.48586079425666606,-0.25462709491403746,-1.4676202691516838
2024-01-09 17:53:35.720643,0.802012190290134,-0.18072187856891234,0.38471054253945136,0.9469380974769592,-0.01689819893614321,0.316018058018167,-0.05617168937552867,-4.507683171173227e-06,-2.5473424331128498e-05,2.3356540151027914e-06,-5.6596590374368856e-05,-5.068978188239631e-05,7.0232995249726044e-06,6.449459196005468,0.9101441657580215,-5.504581431658894,-0.47929849740552505,-0.25533465649003156,-1.47302831394645
2024-01-09 17:53:35.733050,0.8020162079841728,-0.18072262496846458,0.3847138797254043,0.9469358921051025,-0.016907967638302324,0.3160234708173317,-0.05617585118339446,0.00026784626925291377,-4.9759970149887416e-05,0.0002224790635274587,0.0009413964818643593,-0.0007125500837779457,-0.0011035283577958699,6.392208989229333,0.8755272485432134,-5.567045886900059,-0.509596218527294,-0.24204812586728117,-1.45971425928032
2024-01-09 17:53:35.745894,0.8020154127437025,-0.1807228206968078,0.3847129746551847,0.9469362497329712,-0.016907192742824737,0.31602241770612305,-0.056175660697864574,0.00026784626925291377,-4.9759970149887416e-05,0.0002224790635274587,0.0009413964818643593,-0.0007125500837779457,-0.0011035283577958699,6.351265585393678,0.9166399431127047,-5.556206526989672,-0.5092511038422374,-0.24318308694748364,-1.4590999944842813
2024-01-09 17:53:35.758262,0.8020154127437025,-0.1807228206968078,0.3847129746551847,0.9469362497329712,-0.016907192742824737,0.31602241770612305,-0.056175660697864574,0.00026784626925291377,-4.9759970149887416e-05,0.0002224790635274587,0.0009413964818643593,-0.0007125500837779457,-0.0011035283577958699,6.351265585393678,0.9166399431127047,-5.556206526989672,-0.5092511038422374,-0.24318308694748364,-1.4590999944842813
2024-01-09 17:53:35.770456,0.8020154127437025,-0.1807228206968078,0.3847129746551847,0.9469362497329712,-0.016907192742824737,0.31602241770612305,-0.056175660697864574,0.00026784626925291377,-4.9759970149887416e-05,0.0002224790635274587,0.0009413964818643593,-0.0007125500837779457,-0.0011035283577958699,6.351265585393678,0.9166399431127047,-5.556206526989672,-0.5092511038422374,-0.24318308694748364,-1.4590999944842813
2024-01-09 17:53:35.782613,0.8020154127437025,-0.1807228206968078,0.3847129746551847,0.9469362497329712,-0.016907192742824737,0.31602241770612305,-0.056175660697864574,0.00026784626925291377,-4.9759970149887416e-05,0.0002224790635274587,0.0009413964818643593,-0.0007125500837779457,-0.0011035283577958699,6.351265585393678,0.9166399431127047,-5.556206526989672,-0.5092511038422374,-0.24318308694748364,-1.4590999944842813
2024-01-09 17:53:35.794866,0.8020154127437025,-0.1807228206968078,0.3847129746551847,0.9469362497329712,-0.016907192742824737,0.31602241770612305,-0.056175660697864574,0.00026784626925291377,-4.9759970149887416e-05,0.0002224790635274587,0.0009413964818643593,-0.0007125500837779457,-0.0011035283577958699,6.422979979097781,0.9204020914570241,-5.476742801325837,-0.47363851111112687,-0.2499141208957434,-1.4702583583174302
2024-01-09 17:53:35.807315,0.8020156514535086,-0.18072250985476448,0.3847127567451363,0.9469359517097473,-0.016906546500083504,0.3160233794517548,-0.05617568379169137,0.00026784626925291377,-4.9759970149887416e-05,0.0002224790635274587,0.0009413964818643593,-0.0007125500837779457,-0.0011035283577958699,6.422979979097781,0.9204020914570241,-5.476742801325837,-0.47363851111112687,-0.2499141208957434,-1.4702583583174302
2024-01-09 17:53:35.819958,0.8020156642066723,-0.18072300121057247,0.384712928135636,0.946935772895813,-0.016905406839844216,0.31602420250957103,-0.05617445663688309,0.00026784626925291377,-4.9759970149887416e-05,0.0002224790635274587,0.0009413964818643593,-0.0007125500837779457,-0.0011035283577958699,6.431354696263077,0.9255368082922052,-5.493161439410794,-0.4737908837844643,-0.24830209969800746,-1.468552247897173
2024-01-09 17:53:35.832257,0.8020156642066723,-0.18072300121057247,0.384712928135636,0.946935772895813,-0.016905406839844216,0.31602420250957103,-0.05617445663688309,0.00026784626925291377,-4.9759970149887416e-05,0.0002224790635274587,0.0009413964818643593,-0.0007125500837779457,-0.0011035283577958699,6.431354696263077,0.9255368082922052,-5.493161439410794,-0.4737908837844643,-0.24830209969800746,-1.468552247897173
2024-01-09 17:53:35.844619,0.8020156642066723,-0.18072300121057247,0.384712928135636,0.946935772895813,-0.016905406839844216,0.31602420250957103,-0.05617445663688309,0.00026784626925291377,-4.9759970149887416e-05,0.0002224790635274587,0.0009413964818643593,-0.0007125500837779457,-0.0011035283577958699,6.431354696263077,0.9255368082922052,-5.493161439410794,-0.4737908837844643,-0.24830209969800746,-1.468552247897173
2024-01-09 17:53:35.857289,0.8020156642066723,-0.18072300121057247,0.384712928135636,0.946935772895813,-0.016905406839844216,0.31602420250957103,-0.05617445663688309,0.00026784626925291377,-4.9759970149887416e-05,0.0002224790635274587,0.0009413964818643593,-0.0007125500837779457,-0.0011035283577958699,6.431354696263077,0.9255368082922052,-5.493161439410794,-0.4737908837844643,-0.24830209969800746,-1.468552247897173
2024-01-09 17:53:35.869477,0.8020156642066723,-0.18072300121057247,0.384712928135636,0.946935772895813,-0.016905406839844216,0.31602420250957103,-0.05617445663688309,0.00026784626925291377,-4.9759970149887416e-05,0.0002224790635274587,0.0009413964818643593,-0.0007125500837779457,-0.0011035283577958699,6.429096816022914,0.9104341266034096,-5.487241862370627,-0.4839784078504069,-0.2514461254977619,-1.4693233095124243
2024-01-09 17:53:35.882318,0.8020154007321507,-0.18072154484604824,0.3847130156756621,0.9469357132911682,-0.016904157915830283,0.3160243922784301,-0.05617485138340408,0.00026784626925291377,-4.9759970149887416e-05,0.0002224790635274587,0.0009413964818643593,-0.0007125500837779457,-0.0011035283577958699,6.429096816022914,0.9104341266034096,-5.487241862370627,-0.4839784078504069,-0.2514461254977619,-1.4693233095124243
2024-01-09 17:53:35.894571,0.8020141048003905,-0.18071945776030401,0.3847131032552529,0.9469362497329712,-0.016903471728642618,0.3160222538342994,-0.05617791414437683,0.00026784626925291377,-4.9759970149887416e-05,0.0002224790635274587,0.0009413964818643593,-0.0007125500837779457,-0.0011035283577958699,6.432864222423393,0.9562607732289921,-5.502189755462429,-0.4801703105649958,-0.2664108908840974,-1.4809936922581062
2024-01-09 17:53:35.906935,0.8020152892408967,-0.18072191062714454,0.3847127215412918,0.9469357132911682,-0.0169034891944528,0.31602459099619534,-0.05617379654592079,0.00026784626925291377,-4.9759970149887416e-05,0.0002224790635274587,0.0009413964818643593,-0.0007125500837779457,-0.0011035283577958699,6.460710279597565,0.9488389033109502,-5.426075331515559,-0.4620386753376352,-0.26358358446177277,-1.4738106438768583
2024-01-09 17:53:35.919463,0.8020152892408967,-0.18072191062714454,0.3847127215412918,0.9469357132911682,-0.0169034891944528,0.31602459099619534,-0.05617379654592079,0.00026784626925291377,-4.9759970149887416e-05,0.0002224790635274587,0.0009413964818643593,-0.0007125500837779457,-0.0011035283577958699,6.460710279597565,0.9488389033109502,-5.426075331515559,-0.4620386753376352,-0.26358358446177277,-1.4738106438768583
2024-01-09 17:53:35.931866,0.8020152892408967,-0.18072191062714454,0.3847127215412918,0.9469357132911682,-0.0169034891944528,0.31602459099619534,-0.05617379654592079,0.00026784626925291377,-4.9759970149887416e-05,0.0002224790635274587,0.0009413964818643593,-0.0007125500837779457,-0.0011035283577958699,6.460710279597565,0.9488389033109502,-5.426075331515559,-0.4620386753376352,-0.26358358446177277,-1.4738106438768583
2024-01-09 17:53:35.944129,0.8020152892408967,-0.18072191062714454,0.3847127215412918,0.9469357132911682,-0.0169034891944528,0.31602459099619534,-0.05617379654592079,0.00026784626925291377,-4.9759970149887416e-05,0.0002224790635274587,0.0009413964818643593,-0.0007125500837779457,-0.0011035283577958699,6.460710279597565,0.9488389033109502,-5.426075331515559,-0.4620386753376352,-0.26358358446177277,-1.4738106438768583
2024-01-09 17:53:35.956584,0.8020152892408967,-0.18072191062714454,0.3847127215412918,0.9469357132911682,-0.0169034891944528,0.31602459099619534,-0.05617379654592079,0.00026784626925291377,-4.9759970149887416e-05,0.0002224790635274587,0.0009413964818643593,-0.0007125500837779457,-0.0011035283577958699,6.460710279597565,0.9488389033109502,-5.426075331515559,-0.4620386753376352,-0.26358358446177277,-1.4738106438768583
2024-01-09 17:53:35.968688,0.8020206592328699,-0.18073224021894024,0.38475273396710924,0.9469261765480042,-0.016888150901146953,0.3160577162558123,-0.056152685462594706,0.00026784626925291377,-4.9759970149887416e-05,0.0002224790635274587,0.0009413964818643593,-0.0007125500837779457,-0.0011035283577958699,6.0426242256501626,0.738372459536198,-5.978384919473635,-0.5762786800572308,-0.15356694143118083,-1.4078317530471596
2024-01-09 17:53:35.980797,0.8020206592328699,-0.18073224021894024,0.38475273396710924,0.9469261765480042,-0.016888150901146953,0.3160577162558123,-0.056152685462594706,0.00026784626925291377,-4.9759970149887416e-05,0.0002224790635274587,0.0009413964818643593,-0.0007125500837779457,-0.0011035283577958699,6.0426242256501626,0.738372459536198,-5.978384919473635,-0.5762786800572308,-0.15356694143118083,-1.4078317530471596
2024-01-09 17:53:35.993214,0.8020298262106491,-0.1807577115812116,0.3848014552724504,0.9469143152236938,-0.016893321886494148,0.31609671901571806,-0.05613185763402765,0.00026784626925291377,-4.9759970149887416e-05,0.0002224790635274587,0.0009413964818643593,-0.0007125500837779457,-0.0011035283577958699,5.441933926124157,0.8690858914178239,-5.198807122501755,-0.4227193178821229,-0.032535952557400084,-1.31692473512407
2024-01-09 17:53:36.005568,0.8020529781499518,-0.18081914256091472,0.38487104348773166,0.9468953013420105,-0.01693583131140741,0.3161565909126196,-0.05610201175562237,0.00026784626925291377,-4.9759970149887416e-05,0.0002224790635274587,0.0009413964818643593,-0.0007125500837779457,-0.0011035283577958699,5.046461066183803,0.8093651290510817,-5.6338757675199735,-0.5054162305197827,0.06632725128257094,-1.2573262749469694
2024-01-09 17:53:36.018026,0.8020529781499518,-0.18081914256091472,0.38487104348773166,0.9468953013420105,-0.01693583131140741,0.3161565909126196,-0.05610201175562237,0.00026784626925291377,-4.9759970149887416e-05,0.0002224790635274587,0.0009413964818643593,-0.0007125500837779457,-0.0011035283577958699,5.205677058777057,0.3371280513975568,-5.620404251340055,-0.6137934642909186,0.0264882486622824,-1.2705709093125563
2024-01-09 17:53:36.030485,0.8020741309427443,-0.18089165667673796,0.3849433346730569,0.9468756318092346,-0.016968859384014767,0.31622139416550565,-0.05605901975572202,0.001244281928968651,-0.004265536224896214,0.004252422666191602,-0.003560103113090411,-0.007647000178941944,-0.005745299251009734,5.205677058777057,0.3371280513975568,-5.620404251340055,-0.6137934642909186,0.0264882486622824,-1.2705709093125563
2024-01-09 17:53:36.042609,0.8020741309427443,-0.18089165667673796,0.3849433346730569,0.9468756318092346,-0.016968859384014767,0.31622139416550565,-0.05605901975572202,0.001244281928968651,-0.004265536224896214,0.004252422666191602,-0.003560103113090411,-0.007647000178941944,-0.005745299251009734,5.205677058777057,0.3371280513975568,-5.620404251340055,-0.6137934642909186,0.0264882486622824,-1.2705709093125563
2024-01-09 17:53:36.055254,0.8020741309427443,-0.18089165667673796,0.3849433346730569,0.9468756318092346,-0.016968859384014767,0.31622139416550565,-0.05605901975572202,0.001244281928968651,-0.004265536224896214,0.004252422666191602,-0.003560103113090411,-0.007647000178941944,-0.005745299251009734,5.205677058777057,0.3371280513975568,-5.620404251340055,-0.6137934642909186,0.0264882486622824,-1.2705709093125563
2024-01-09 17:53:36.067573,0.8020741309427443,-0.18089165667673796,0.3849433346730569,0.9468756318092346,-0.016968859384014767,0.31622139416550565,-0.05605901975572202,0.001244281928968651,-0.004265536224896214,0.004252422666191602,-0.003560103113090411,-0.007647000178941944,-0.005745299251009734,5.205677058777057,0.3371280513975568,-5.620404251340055,-0.6137934642909186,0.0264882486622824,-1.2705709093125563
2024-01-09 17:53:36.079784,0.8020670564885555,-0.18094642966905514,0.38528492600800895,0.9468194842338562,-0.016853829816852253,0.3164317218847858,-0.05585484283086321,0.001244281928968651,-0.004265536224896214,0.004252422666191602,-0.003560103113090411,-0.007647000178941944,-0.005745299251009734,4.701525130374567,0.5768346389799958,-4.849915329801008,-0.41383092296900337,0.14298043640226243,-1.2018015341164794
2024-01-09 17:53:36.092179,0.8020670564885555,-0.18094642966905514,0.38528492600800895,0.9468194842338562,-0.016853829816852253,0.3164317218847858,-0.05585484283086321,0.001244281928968651,-0.004265536224896214,0.004252422666191602,-0.003560103113090411,-0.007647000178941944,-0.005745299251009734,4.701525130374567,0.5768346389799958,-4.849915329801008,-0.41383092296900337,0.14298043640226243,-1.2018015341164794
2024-01-09 17:53:36.104343,0.8020670564885555,-0.18094642966905514,0.38528492600800895,0.9468194842338562,-0.016853829816852253,0.3164317218847858,-0.05585484283086321,0.001244281928968651,-0.004265536224896214,0.004252422666191602,-0.003560103113090411,-0.007647000178941944,-0.005745299251009734,4.701525130374567,0.5768346389799958,-4.849915329801008,-0.41383092296900337,0.14298043640226243,-1.2018015341164794
2024-01-09 17:53:36.116664,0.8020670564885555,-0.18094642966905514,0.38528492600800895,0.9468194842338562,-0.016853829816852253,0.3164317218847858,-0.05585484283086321,0.001244281928968651,-0.004265536224896214,0.004252422666191602,-0.003560103113090411,-0.007647000178941944,-0.005745299251009734,4.701525130374567,0.5768346389799958,-4.849915329801008,-0.41383092296900337,0.14298043640226243,-1.2018015341164794
2024-01-09 17:53:36.129241,0.802044855544741,-0.1808687964552998,0.3853973536667535,0.9468130469322205,-0.01679522761342153,0.31646016557421985,-0.0558204524714382,0.001244281928968651,-0.004265536224896214,0.004252422666191602,-0.003560103113090411,-0.007647000178941944,-0.005745299251009734,5.62410748972343,1.0255281961746068,-5.056853219901878,-0.3251955370884895,-0.07545143777645459,-1.3545128760251606
2024-01-09 17:53:36.141611,0.802044855544741,-0.1808687964552998,0.3853973536667535,0.9468130469322205,-0.01679522761342153,0.31646016557421985,-0.0558204524714382,0.001244281928968651,-0.004265536224896214,0.004252422666191602,-0.003560103113090411,-0.007647000178941944,-0.005745299251009734,5.476568184662865,0.9988689176707626,-5.537494299678002,-0.42079822854651605,-0.045215085980911784,-1.3473055227382875
2024-01-09 17:53:36.154472,0.8020449442861104,-0.18083474161596302,0.38536496083772287,0.9468221068382263,-0.016823755572019972,0.31642474224951356,-0.05585941674674905,0.001244281928968651,-0.004265536224896214,0.004252422666191602,-0.003560103113090411,-0.007647000178941944,-0.005745299251009734,5.417463548580021,0.6872975189310147,-6.068747255756342,-0.579557343507876,-0.03771108470912899,-1.3428430470644075
2024-01-09 17:53:36.166860,0.802046356476015,-0.18080723231163662,0.38532082886695496,0.9468318223953247,-0.016854014717532412,0.3163866349038319,-0.0559012025588086,0.001244281928968651,-0.004265536224896214,0.004252422666191602,-0.003560103113090411,-0.007647000178941944,-0.005745299251009734,5.417463548580021,0.6872975189310147,-6.068747255756342,-0.579557343507876,-0.03771108470912899,-1.3428430470644075
2024-01-09 17:53:36.179207,0.8020460127223895,-0.1807823140680878,0.3852591127623867,0.946843683719635,-0.01687721587330982,0.3163420435060749,-0.05594549555047185,0.001244281928968651,-0.004265536224896214,0.004252422666191602,-0.003560103113090411,-0.007647000178941944,-0.005745299251009734,5.506527084687001,0.5484888096215734,-6.3027696771813355,-0.659125606340466,-0.06102450060680424,-1.364243436323261
2024-01-09 17:53:36.191620,0.8020475997610292,-0.18076518016271653,0.3851789252322443,0.9468563199043274,-0.016901343820869046,0.3162942107998806,-0.05599464371938727,0.001244281928968651,-0.004265536224896214,0.004252422666191602,-0.003560103113090411,-0.007647000178941944,-0.005745299251009734,5.786234944967858,0.8189992266770233,-6.141851350110742,-0.6015787702942905,-0.13778436124517895,-1.4118371371567142
2024-01-09 17:53:36.203972,0.8020475997610292,-0.18076518016271653,0.3851789252322443,0.9468563199043274,-0.016901343820869046,0.3162942107998806,-0.05599464371938727,0.001244281928968651,-0.004265536224896214,0.004252422666191602,-0.003560103113090411,-0.007647000178941944,-0.005745299251009734,5.786234944967858,0.8189992266770233,-6.141851350110742,-0.6015787702942905,-0.13778436124517895,-1.4118371371567142
2024-01-09 17:53:36.216642,0.8020475997610292,-0.18076518016271653,0.3851789252322443,0.9468563199043274,-0.016901343820869046,0.3162942107998806,-0.05599464371938727,0.001244281928968651,-0.004265536224896214,0.004252422666191602,-0.003560103113090411,-0.007647000178941944,-0.005745299251009734,5.786234944967858,0.8189992266770233,-6.141851350110742,-0.6015787702942905,-0.13778436124517895,-1.4118371371567142
2024-01-09 17:53:36.229292,0.8020475997610292,-0.18076518016271653,0.3851789252322443,0.9468563199043274,-0.016901343820869046,0.3162942107998806,-0.05599464371938727,0.001244281928968651,-0.004265536224896214,0.004252422666191602,-0.003560103113090411,-0.007647000178941944,-0.005745299251009734,5.786234944967858,0.8189992266770233,-6.141851350110742,-0.6015787702942905,-0.13778436124517895,-1.4118371371567142
2024-01-09 17:53:36.241707,0.8020416850315413,-0.18072256097791903,0.3849568733397563,0.946892499923706,-0.01692337145276556,0.31616457670277204,-0.05610792898480743,0.001244281928968651,-0.004265536224896214,0.004252422666191602,-0.003560103113090411,-0.007647000178941944,-0.005745299251009734,6.395362194594825,0.5855590988415167,-5.714848946111589,-0.6384474370989625,-0.2731734376321993,-1.4864976744013063
2024-01-09 17:53:36.254377,0.8020386546480704,-0.18070930528009324,0.3849018172420447,0.946901798248291,-0.01692375669348015,0.3161319761912446,-0.05613516654142457,0.001244281928968651,-0.004265536224896214,0.004252422666191602,-0.003560103113090411,-0.007647000178941944,-0.005745299251009734,6.509958413895503,0.4361344758538815,-5.589579109505033,-0.6581392401738507,-0.29835056697333706,-1.5014830516018112
2024-01-09 17:53:36.266749,0.8020386546480704,-0.18070930528009324,0.3849018172420447,0.946901798248291,-0.01692375669348015,0.3161319761912446,-0.05613516654142457,0.001244281928968651,-0.004265536224896214,0.004252422666191602,-0.003560103113090411,-0.007647000178941944,-0.005745299251009734,6.600153429485736,0.4837941915097601,-5.592338334705252,-0.676448657642313,-0.3248203554592557,-1.5032347689713905
2024-01-09 17:53:36.278990,0.802036770175544,-0.18069710214577892,0.3848458902520947,0.9469103813171387,-0.016925607595400034,0.3161013183185391,-0.05616277613692676,0.001244281928968651,-0.004265536224896214,0.004252422666191602,-0.003560103113090411,-0.007647000178941944,-0.005745299251009734,6.482925430218236,0.306998054823641,-6.005134945495634,-0.7926429724624509,-0.30423045961280826,-1.4718632736240436
2024-01-09 17:53:36.291402,0.8020345221724129,-0.1806916323659373,0.3848200534204858,0.9469146132469177,-0.016921681916729474,0.31608693047168746,-0.056173290919405,-0.0001605716522206408,0.00039069856011542115,-0.0018454879720638687,0.0012459272297174443,0.002080467719468542,0.0011315274135292141,6.482925430218236,0.306998054823641,-6.005134945495634,-0.7926429724624509,-0.30423045961280826,-1.4718632736240436
2024-01-09 17:53:36.303834,0.8020333966796057,-0.18068809056206228,0.3848037326943095,0.9469173550605774,-0.016920825430641565,0.3160775110671484,-0.05618065660850253,-0.0001605716522206408,0.00039069856011542115,-0.0018454879720638687,0.0012459272297174443,0.002080467719468542,0.0011315274135292141,6.380144622155247,0.3983616447023113,-6.23047978006848,-0.8014074488828432,-0.2798404824676675,-1.4502053058726865
2024-01-09 17:53:36.316409,0.8020333966796057,-0.18068809056206228,0.3848037326943095,0.9469173550605774,-0.016920825430641565,0.3160775110671484,-0.05618065660850253,-0.0001605716522206408,0.00039069856011542115,-0.0018454879720638687,0.0012459272297174443,0.002080467719468542,0.0011315274135292141,6.380144622155247,0.3983616447023113,-6.23047978006848,-0.8014074488828432,-0.2798404824676675,-1.4502053058726865
2024-01-09 17:53:36.328668,0.8020303495590636,-0.18068079651763497,0.3847809773472641,0.9469214677810669,-0.016915523665171628,0.31606361035408614,-0.05619025087232484,-0.0001605716522206408,0.00039069856011542115,-0.0018454879720638687,0.0012459272297174443,0.002080467719468542,0.0011315274135292141,5.9919389868147075,0.5630091480286022,-6.56823657080012,-0.805649004357642,-0.19046098559585475,-1.389982192868761
2024-01-09 17:53:36.340935,0.8020303495590636,-0.18068079651763497,0.3847809773472641,0.9469214677810669,-0.016915523665171628,0.31606361035408614,-0.05619025087232484,-0.0001605716522206408,0.00039069856011542115,-0.0018454879720638687,0.0012459272297174443,0.002080467719468542,0.0011315274135292141,5.9919389868147075,0.5630091480286022,-6.56823657080012,-0.805649004357642,-0.19046098559585475,-1.389982192868761
2024-01-09 17:53:36.353509,0.8020303495590636,-0.18068079651763497,0.3847809773472641,0.9469214677810669,-0.016915523665171628,0.31606361035408614,-0.05619025087232484,-0.0001605716522206408,0.00039069856011542115,-0.0018454879720638687,0.0012459272297174443,0.002080467719468542,0.0011315274135292141,5.559666569723799,0.4592999629723401,-6.884152581330117,-0.8791393376281073,-0.10246544192142737,-1.3383286957241967
2024-01-09 17:53:36.366021,0.8020299216801091,-0.18067447752770652,0.3847687612923871,0.9469229578971863,-0.01691294203378753,0.31605813992245035,-0.05619673746898261,-0.0001605716522206408,0.00039069856011542115,-0.0018454879720638687,0.0012459272297174443,0.002080467719468542,0.0011315274135292141,5.559666569723799,0.4592999629723401,-6.884152581330117,-0.8791393376281073,-0.10246544192142737,-1.3383286957241967
2024-01-09 17:53:36.378347,0.8020299216801091,-0.18067447752770652,0.3847687612923871,0.9469229578971863,-0.01691294203378753,0.31605813992245035,-0.05619673746898261,-0.0001605716522206408,0.00039069856011542115,-0.0018454879720638687,0.0012459272297174443,0.002080467719468542,0.0011315274135292141,5.559666569723799,0.4592999629723401,-6.884152581330117,-0.8791393376281073,-0.10246544192142737,-1.3383286957241967
2024-01-09 17:53:36.390719,0.8020299216801091,-0.18067447752770652,0.3847687612923871,0.9469229578971863,-0.01691294203378753,0.31605813992245035,-0.05619673746898261,-0.0001605716522206408,0.00039069856011542115,-0.0018454879720638687,0.0012459272297174443,0.002080467719468542,0.0011315274135292141,5.559666569723799,0.4592999629723401,-6.884152581330117,-0.8791393376281073,-0.10246544192142737,-1.3383286957241967
2024-01-09 17:53:36.403012,0.8020299216801091,-0.18067447752770652,0.3847687612923871,0.9469229578971863,-0.01691294203378753,0.31605813992245035,-0.05619673746898261,-0.0001605716522206408,0.00039069856011542115,-0.0018454879720638687,0.0012459272297174443,0.002080467719468542,0.0011315274135292141,5.559666569723799,0.4592999629723401,-6.884152581330117,-0.8791393376281073,-0.10246544192142737,-1.3383286957241967
2024-01-09 17:53:36.415295,0.8020299216801091,-0.18067447752770652,0.3847687612923871,0.9469229578971863,-0.01691294203378753,0.31605813992245035,-0.05619673746898261,-0.0001605716522206408,0.00039069856011542115,-0.0018454879720638687,0.0012459272297174443,0.002080467719468542,0.0011315274135292141,5.559666569723799,0.4592999629723401,-6.884152581330117,-0.8791393376281073,-0.10246544192142737,-1.3383286957241967
2024-01-09 17:53:36.427541,0.8020299216801091,-0.18067447752770652,0.3847687612923871,0.9469229578971863,-0.01691294203378753,0.31605813992245035,-0.05619673746898261,-0.0001605716522206408,0.00039069856011542115,-0.0018454879720638687,0.0012459272297174443,0.002080467719468542,0.0011315274135292141,5.559666569723799,0.4592999629723401,-6.884152581330117,-0.8791393376281073,-0.10246544192142737,-1.3383286957241967
2024-01-09 17:53:36.440009,0.8020299216801091,-0.18067447752770652,0.3847687612923871,0.9469229578971863,-0.01691294203378753,0.31605813992245035,-0.05619673746898261,-0.0001605716522206408,0.00039069856011542115,-0.0018454879720638687,0.0012459272297174443,0.002080467719468542,0.0011315274135292141,5.559666569723799,0.4592999629723401,-6.884152581330117,-0.8791393376281073,-0.10246544192142737,-1.3383286957241967
2024-01-09 17:53:36.452480,0.8027746595442922,-0.18061210442340847,0.3855822302589427,0.9462350606918335,-0.016973898837754273,0.3181163356662839,-0.0561521120227095,-0.0001605716522206408,0.00039069856011542115,-0.0018454879720638687,0.0012459272297174443,0.002080467719468542,0.0011315274135292141,6.5050777370878095,-0.044202988842301054,-5.5415402260321045,-0.7667358842525936,-0.2841388103151153,-1.4436771393509777
2024-01-09 17:53:36.464989,0.8027728315836251,-0.18040665923914875,0.3858353828628235,0.946181058883667,-0.016859495770983265,0.3182404950291791,-0.056393079802509245,-0.0001605716522206408,0.00039069856011542115,-0.0018454879720638687,0.0012459272297174443,0.002080467719468542,0.0011315274135292141,5.804019450140218,-0.02076311517576412,-5.8852782891845665,-0.8433130283966511,-0.20140308146135383,-1.2951998165374226
2024-01-09 17:53:36.477202,0.8027728315836251,-0.18040665923914875,0.3858353828628235,0.946181058883667,-0.016859495770983265,0.3182404950291791,-0.056393079802509245,-0.0001605716522206408,0.00039069856011542115,-0.0018454879720638687,0.0012459272297174443,0.002080467719468542,0.0011315274135292141,5.804019450140218,-0.02076311517576412,-5.8852782891845665,-0.8433130283966511,-0.20140308146135383,-1.2951998165374226
2024-01-09 17:53:36.489642,0.8026525559759793,-0.18029839033177109,0.3858952206244326,0.9462376832962036,-0.016551299337652727,0.3181019412951215,-0.056315847804059946,-0.0001605716522206408,0.00039069856011542115,-0.0018454879720638687,0.0012459272297174443,0.002080467719468542,0.0011315274135292141,5.610649329348198,0.07843315913180342,-6.149021118184018,-0.8975623258048051,-0.12191288729127288,-1.241622559984813
2024-01-09 17:53:36.502098,0.8026525559759793,-0.18029839033177109,0.3858952206244326,0.9462376832962036,-0.016551299337652727,0.3181019412951215,-0.056315847804059946,-0.0001605716522206408,0.00039069856011542115,-0.0018454879720638687,0.0012459272297174443,0.002080467719468542,0.0011315274135292141,4.966120602768358,-0.09832645206625466,-6.556230736471844,-1.0107841394208321,0.04258761577787065,-1.12766717632362
2024-01-09 17:53:36.514570,0.8026525559759793,-0.18029839033177109,0.3858952206244326,0.9462376832962036,-0.016551299337652727,0.3181019412951215,-0.056315847804059946,-0.0001605716522206408,0.00039069856011542115,-0.0018454879720638687,0.0012459272297174443,0.002080467719468542,0.0011315274135292141,4.966120602768358,-0.09832645206625466,-6.556230736471844,-1.0107841394208321,0.04258761577787065,-1.12766717632362
2024-01-09 17:53:36.526943,0.8026525559759793,-0.18029839033177109,0.3858952206244326,0.9462376832962036,-0.016551299337652727,0.3181019412951215,-0.056315847804059946,-0.0001605716522206408,0.00039069856011542115,-0.0018454879720638687,0.0012459272297174443,0.002080467719468542,0.0011315274135292141,4.966120602768358,-0.09832645206625466,-6.556230736471844,-1.0107841394208321,0.04258761577787065,-1.12766717632362
2024-01-09 17:53:36.539203,0.8026525559759793,-0.18029839033177109,0.3858952206244326,0.9462376832962036,-0.016551299337652727,0.3181019412951215,-0.056315847804059946,-0.0001605716522206408,0.00039069856011542115,-0.0018454879720638687,0.0012459272297174443,0.002080467719468542,0.0011315274135292141,4.966120602768358,-0.09832645206625466,-6.556230736471844,-1.0107841394208321,0.04258761577787065,-1.12766717632362
2024-01-09 17:53:36.551523,0.8024514366135398,-0.18029358176225185,0.38579589453069346,0.946363091468811,-0.01603938058117508,0.3178230169676978,-0.05593023808421704,-0.0001605716522206408,0.00039069856011542115,-0.0018454879720638687,0.0012459272297174443,0.002080467719468542,0.0011315274135292141,4.966120602768358,-0.09832645206625466,-6.556230736471844,-1.0107841394208321,0.04258761577787065,-1.12766717632362
2024-01-09 17:53:36.564004,0.8023432618432816,-0.1804693684007378,0.38607233693541104,0.9463111758232117,-0.014994035843830739,0.31824845916261896,-0.05466493305277736,-0.0001605716522206408,0.00039069856011542115,-0.0018454879720638687,0.0012459272297174443,0.002080467719468542,0.0011315274135292141,4.946379205331749,-0.44077533871271213,-6.512214463950796,-1.095697655126595,0.07498736596952497,-1.152402492684058
2024-01-09 17:53:36.576366,0.8023774311340538,-0.18046405526671538,0.38634151868184746,0.9462561011314392,-0.015143904515610507,0.31839501987194796,-0.0547234253770181,-0.0001605716522206408,0.00039069856011542115,-0.0018454879720638687,0.0012459272297174443,0.002080467719468542,0.0011315274135292141,5.352400029273441,-0.08275249092326378,-5.874971359168659,-0.9525330678605965,-0.026699532196657473,-1.234235385720672
2024-01-09 17:53:36.588915,0.8023616719699328,-0.18043907632156936,0.38661035228558055,0.9462513327598572,-0.015384764595240946,0.3183712734501046,-0.054876896373230385,-0.0010506109413999098,0.0016652630097350554,0.01792224024887249,0.029670942869907617,0.0042411345688174,-0.023709819360099325,6.125023299593603,0.0006762028474430606,-5.250641633025542,-0.8334242930226902,-0.18926795660600634,-1.3503962755955559
2024-01-09 17:53:36.601282,0.8023616719699328,-0.18043907632156936,0.38661035228558055,0.9462513327598572,-0.015384764595240946,0.3183712734501046,-0.054876896373230385,-0.0010506109413999098,0.0016652630097350554,0.01792224024887249,0.029670942869907617,0.0042411345688174,-0.023709819360099325,6.125023299593603,0.0006762028474430606,-5.250641633025542,-0.8334242930226902,-0.18926795660600634,-1.3503962755955559
2024-01-09 17:53:36.613684,0.8022138538086322,-0.1803972102947367,0.38678750736281226,0.9463208317756653,-0.015356146904300396,0.31815382667767256,-0.05494714993747042,-0.0010506109413999098,0.0016652630097350554,0.01792224024887249,0.029670942869907617,0.0042411345688174,-0.023709819360099325,7.024238500833693,-0.037613371625713106,-4.752867604506575,-0.7569663403645945,-0.36820338794320057,-1.4738423007076533
2024-01-09 17:53:36.626068,0.8020773740254198,-0.1803860011408973,0.3869040446373592,0.9463720917701721,-0.015199737632743062,0.31801562683444096,-0.054908096909708805,-0.0010506109413999098,0.0016652630097350554,0.01792224024887249,0.029670942869907617,0.0042411345688174,-0.023709819360099325,7.1943067512835395,-0.13607471844606062,-4.960512019220243,-0.8093178453042394,-0.38788304939791024,-1.495948446543689
2024-01-09 17:53:36.638308,0.8019896971725908,-0.18041031356992562,0.3870489738616248,0.9463797807693481,-0.01505584031481367,0.31801484099216326,-0.054819580712342844,-0.0010506109413999098,0.0016652630097350554,0.01792224024887249,0.029670942869907617,0.0042411345688174,-0.023709819360099325,6.764651529171997,-0.14590220808292315,-5.378082463322568,-0.8808277688157576,-0.28516801278387477,-1.4398814551138768
2024-01-09 17:53:36.650574,0.8019896971725908,-0.18041031356992562,0.3870489738616248,0.9463797807693481,-0.01505584031481367,0.31801484099216326,-0.054819580712342844,-0.0010506109413999098,0.0016652630097350554,0.01792224024887249,0.029670942869907617,0.0042411345688174,-0.023709819360099325,6.078170771067748,-0.16069057839058432,-5.9366595653678225,-0.9875906906559654,-0.1420413839343863,-1.3460267671051838
2024-01-09 17:53:36.662921,0.8019539715997357,-0.18050086810793303,0.38717213399695083,0.9463584423065186,-0.014964460413247142,0.3181127899395677,-0.05464484096247955,-0.0010506109413999098,0.0016652630097350554,0.01792224024887249,0.029670942869907617,0.0042411345688174,-0.023709819360099325,6.078170771067748,-0.16069057839058432,-5.9366595653678225,-0.9875906906559654,-0.1420413839343863,-1.3460267671051838
2024-01-09 17:53:36.675364,0.8019311688566388,-0.1806469663849431,0.3874091714992054,0.9463028311729431,-0.014895467334870216,0.3183221815044582,-0.05440621640031239,-0.0010506109413999098,0.0016652630097350554,0.01792224024887249,0.029670942869907617,0.0042411345688174,-0.023709819360099325,5.6238259857046735,-0.04596352108876951,-6.574482960101238,-0.9828397752781816,-0.04006699647995223,-1.3196741237613927
2024-01-09 17:53:36.688162,0.8019073355010436,-0.1807697692062269,0.3875675137370638,0.9462836980819702,-0.014971271768656048,0.3183913422039059,-0.054313937084629706,-0.0010506109413999098,0.0016652630097350554,0.01792224024887249,0.029670942869907617,0.0042411345688174,-0.023709819360099325,4.98223948467661,0.1941054086668086,-6.410787935509578,-0.9126731462066108,0.09275112694512742,-1.259999720993671
2024-01-09 17:53:36.700593,0.8019073355010436,-0.1807697692062269,0.3875675137370638,0.9462836980819702,-0.014971271768656048,0.3183913422039059,-0.054313937084629706,-0.0010506109413999098,0.0016652630097350554,0.01792224024887249,0.029670942869907617,0.0042411345688174,-0.023709819360099325,4.98223948467661,0.1941054086668086,-6.410787935509578,-0.9126731462066108,0.09275112694512742,-1.259999720993671
2024-01-09 17:53:36.712830,0.8019073355010436,-0.1807697692062269,0.3875675137370638,0.9462836980819702,-0.014971271768656048,0.3183913422039059,-0.054313937084629706,-0.0010506109413999098,0.0016652630097350554,0.01792224024887249,0.029670942869907617,0.0042411345688174,-0.023709819360099325,4.98223948467661,0.1941054086668086,-6.410787935509578,-0.9126731462066108,0.09275112694512742,-1.259999720993671
2024-01-09 17:53:36.725206,0.8019073355010436,-0.1807697692062269,0.3875675137370638,0.9462836980819702,-0.014971271768656048,0.3183913422039059,-0.054313937084629706,-0.0010506109413999098,0.0016652630097350554,0.01792224024887249,0.029670942869907617,0.0042411345688174,-0.023709819360099325,4.98223948467661,0.1941054086668086,-6.410787935509578,-0.9126731462066108,0.09275112694512742,-1.259999720993671
2024-01-09 17:53:36.737328,0.8019073355010436,-0.1807697692062269,0.3875675137370638,0.9462836980819702,-0.014971271768656048,0.3183913422039059,-0.054313937084629706,-0.0010506109413999098,0.0016652630097350554,0.01792224024887249,0.029670942869907617,0.0042411345688174,-0.023709819360099325,4.98223948467661,0.1941054086668086,-6.410787935509578,-0.9126731462066108,0.09275112694512742,-1.259999720993671
2024-01-09 17:53:36.749810,0.8019073355010436,-0.1807697692062269,0.3875675137370638,0.9462836980819702,-0.014971271768656048,0.3183913422039059,-0.054313937084629706,-0.0010506109413999098,0.0016652630097350554,0.01792224024887249,0.029670942869907617,0.0042411345688174,-0.023709819360099325,4.98223948467661,0.1941054086668086,-6.410787935509578,-0.9126731462066108,0.09275112694512742,-1.259999720993671
2024-01-09 17:53:36.762087,0.8019073355010436,-0.1807697692062269,0.3875675137370638,0.9462836980819702,-0.014971271768656048,0.3183913422039059,-0.054313937084629706,-0.0010506109413999098,0.0016652630097350554,0.01792224024887249,0.029670942869907617,0.0042411345688174,-0.023709819360099325,4.98223948467661,0.1941054086668086,-6.410787935509578,-0.9126731462066108,0.09275112694512742,-1.259999720993671
2024-01-09 17:53:36.774394,0.8019073355010436,-0.1807697692062269,0.3875675137370638,0.9462836980819702,-0.014971271768656048,0.3183913422039059,-0.054313937084629706,-0.0010506109413999098,0.0016652630097350554,0.01792224024887249,0.029670942869907617,0.0042411345688174,-0.023709819360099325,4.98223948467661,0.1941054086668086,-6.410787935509578,-0.9126731462066108,0.09275112694512742,-1.259999720993671
2024-01-09 17:53:36.787587,0.8019691646610954,-0.18120836700419649,0.38793166491757164,0.9463027715682983,-0.015346624267827878,0.3184070161896625,-0.05378185249434885,-0.0010506109413999098,0.0016652630097350554,0.01792224024887249,0.029670942869907617,0.0042411345688174,-0.023709819360099325,3.859462178741662,-0.576775113046313,-6.492060013661505,-1.0248323557053804,0.36113628909269196,-1.110207693637857
2024-01-09 17:53:36.799852,0.802002349691626,-0.18121573134322147,0.387939167820583,0.9462986588478088,-0.015363373398127355,0.31842394231991933,-0.053749622642664814,-0.0010506109413999098,0.0016652630097350554,0.01792224024887249,0.029670942869907617,0.0042411345688174,-0.023709819360099325,3.293481145623102,-0.7175914989420912,-6.904918881844332,-1.0913388507065551,0.48787457261383477,-1.048926105395158
2024-01-09 17:53:36.812104,0.802048189026215,-0.18120538497589153,0.38794273237006527,0.9462944269180298,-0.015398892472786344,0.31843611817727324,-0.05374192934928373,-0.0010506109413999098,0.0016652630097350554,0.01792224024887249,0.029670942869907617,0.0042411345688174,-0.023709819360099325,2.573689021072545,-0.8107576830379974,-7.41505355237768,-1.1774960571638353,0.6325703034785578,-0.9606640756711751
2024-01-09 17:53:36.824499,0.802048189026215,-0.18120538497589153,0.38794273237006527,0.9462944269180298,-0.015398892472786344,0.31843611817727324,-0.05374192934928373,-0.0010506109413999098,0.0016652630097350554,0.01792224024887249,0.029670942869907617,0.0042411345688174,-0.023709819360099325,2.713106791957227,-0.9092619552838538,-7.192545651334511,-1.149640987152107,0.612702937771309,-0.9912161080846456
2024-01-09 17:53:36.836684,0.8020975166957295,-0.1811792478539856,0.3879199311487733,0.9462966918945312,-0.015415583575564242,0.3184317989415143,-0.05372243971175528,0.0030829793446554565,0.0016335701191211999,-0.0014250763307466219,-0.0016478872699046182,0.000750706243875933,-0.002716737483060479,2.713106791957227,-0.9092619552838538,-7.192545651334511,-1.149640987152107,0.612702937771309,-0.9912161080846456
2024-01-09 17:53:36.849038,0.8021555336064126,-0.18113952434857236,0.3878723286395844,0.9463030695915222,-0.015417010423639476,0.31841902538816724,-0.053685659710251646,0.0030829793446554565,0.0016335701191211999,-0.0014250763307466219,-0.0016478872699046182,0.000750706243875933,-0.002716737483060479,2.7447518104503628,-1.2086852758822535,-7.431926525138864,-1.2404166882385923,0.6063495924740436,-0.9931477472728437
2024-01-09 17:53:36.861198,0.8022387513717455,-0.18109845842319527,0.38777695972769655,0.9463183879852295,-0.015448554919640848,0.3183822018521932,-0.053624759707828325,0.0030829793446554565,0.0016335701191211999,-0.0014250763307466219,-0.0016478872699046182,0.000750706243875933,-0.002716737483060479,2.6112690167775807,-1.1470995031082363,-7.082087492746355,-1.1636501471407361,0.6287163004793614,-0.9862635336518855
2024-01-09 17:53:36.873426,0.8022387513717455,-0.18109845842319527,0.38777695972769655,0.9463183879852295,-0.015448554919640848,0.3183822018521932,-0.053624759707828325,0.0030829793446554565,0.0016335701191211999,-0.0014250763307466219,-0.0016478872699046182,0.000750706243875933,-0.002716737483060479,2.4005064342102194,-1.2464621370587017,-7.148321633988095,-1.1974076235804056,0.6574588155521758,-0.9683810766074525
2024-01-09 17:53:36.886411,0.8023290768670401,-0.18106241117123384,0.38764390479109445,0.9463457465171814,-0.015511551555318664,0.31830946615562167,-0.05355559870684722,0.0030829793446554565,0.0016335701191211999,-0.0014250763307466219,-0.0016478872699046182,0.000750706243875933,-0.002716737483060479,2.4005064342102194,-1.2464621370587017,-7.148321633988095,-1.1974076235804056,0.6574588155521758,-0.9683810766074525
2024-01-09 17:53:36.898745,0.8023290768670401,-0.18106241117123384,0.38764390479109445,0.9463457465171814,-0.015511551555318664,0.31830946615562167,-0.05355559870684722,0.0030829793446554565,0.0016335701191211999,-0.0014250763307466219,-0.0016478872699046182,0.000750706243875933,-0.002716737483060479,2.4005064342102194,-1.2464621370587017,-7.148321633988095,-1.1974076235804056,0.6574588155521758,-0.9683810766074525
2024-01-09 17:53:36.911033,0.8023290768670401,-0.18106241117123384,0.38764390479109445,0.9463457465171814,-0.015511551555318664,0.31830946615562167,-0.05355559870684722,0.0030829793446554565,0.0016335701191211999,-0.0014250763307466219,-0.0016478872699046182,0.000750706243875933,-0.002716737483060479,2.4005064342102194,-1.2464621370587017,-7.148321633988095,-1.1974076235804056,0.6574588155521758,-0.9683810766074525
2024-01-09 17:53:36.923279,0.8023290768670401,-0.18106241117123384,0.38764390479109445,0.9463457465171814,-0.015511551555318664,0.31830946615562167,-0.05355559870684722,0.0030829793446554565,0.0016335701191211999,-0.0014250763307466219,-0.0016478872699046182,0.000750706243875933,-0.002716737483060479,1.180871877682281,-1.3546464162747842,-8.426434643650246,-1.3238709200462428,0.9324606619137893,-0.8311221281933237
2024-01-09 17:53:36.935555,0.8028877112124693,-0.18098920452051973,0.38727991651482013,0.9462633728981018,-0.01588215333191294,0.31857859914620235,-0.05330166490623722,0.0030829793446554565,0.0016335701191211999,-0.0014250763307466219,-0.0016478872699046182,0.000750706243875933,-0.002716737483060479,1.180871877682281,-1.3546464162747842,-8.426434643650246,-1.3238709200462428,0.9324606619137893,-0.8311221281933237
2024-01-09 17:53:36.947817,0.8030907215432329,-0.18096521205939572,0.3871606769804864,0.9462105631828308,-0.01596558641060637,0.3187457659293203,-0.05321510375779048,0.0030829793446554565,0.0016335701191211999,-0.0014250763307466219,-0.0016478872699046182,0.000750706243875933,-0.002716737483060479,1.0386310658593099,-1.6891547474233535,-8.958326463370952,-1.4495917712876143,0.9531217453629461,-0.8019209129922376
2024-01-09 17:53:36.960182,0.8030907215432329,-0.18096521205939572,0.3871606769804864,0.9462105631828308,-0.01596558641060637,0.3187457659293203,-0.05321510375779048,0.0030829793446554565,0.0016335701191211999,-0.0014250763307466219,-0.0016478872699046182,0.000750706243875933,-0.002716737483060479,1.0386310658593099,-1.6891547474233535,-8.958326463370952,-1.4495917712876143,0.9531217453629461,-0.8019209129922376
2024-01-09 17:53:36.972535,0.8032837404394797,-0.18092323856596884,0.38686923239300713,0.9462186694145203,-0.016010172173893535,0.3187394739411251,-0.0530949802645764,0.0030829793446554565,0.0016335701191211999,-0.0014250763307466219,-0.0016478872699046182,0.000750706243875933,-0.002716737483060479,0.3004489026834296,-1.5228246492454027,-8.94355289733347,-1.410246203265846,1.0751173683211996,-0.6994450853545208
2024-01-09 17:53:36.984864,0.8033710998227602,-0.18087677133178684,0.38664574248825906,0.9462571144104004,-0.01601282523335743,0.3186341099956458,-0.05304108126239723,0.0030829793446554565,0.0016335701191211999,-0.0014250763307466219,-0.0016478872699046182,0.000750706243875933,-0.002716737483060479,0.5971640896150884,-1.7576754046612366,-9.23347316324656,-1.4911935279837667,1.0195232884325698,-0.7299850747429929
2024-01-09 17:53:36.997315,0.803478356778983,-0.1808288588264644,0.38646552740807205,0.9462722539901733,-0.01602838300737211,0.31859439744213885,-0.053004634601590474,0.0030829793446554565,0.0016335701191211999,-0.0014250763307466219,-0.0016478872699046182,0.000750706243875933,-0.002716737483060479,0.5658244625125752,-1.8284096820692426,-9.084221821203423,-1.4907151206596805,1.027933412719963,-0.73773515488191
2024-01-09 17:53:37.010169,0.803478356778983,-0.1808288588264644,0.38646552740807205,0.9462722539901733,-0.01602838300737211,0.31859439744213885,-0.053004634601590474,0.0030829793446554565,0.0016335701191211999,-0.0014250763307466219,-0.0016478872699046182,0.000750706243875933,-0.002716737483060479,0.697253249345902,-1.8271562482512271,-8.620753515553101,-1.4343737963265317,0.9947109139094049,-0.7606477147586318
2024-01-09 17:53:37.022786,0.8036481144814842,-0.18077624753198998,0.38630829837089675,0.9462454915046692,-0.016083210656718208,0.31867461482691606,-0.052984267045733016,0.0030829793446554565,0.0016335701191211999,-0.0014250763307466219,-0.0016478872699046182,0.000750706243875933,-0.002716737483060479,0.697253249345902,-1.8271562482512271,-8.620753515553101,-1.4343737963265317,0.9947109139094049,-0.7606477147586318
2024-01-09 17:53:37.035217,0.8039066628487557,-0.18071639416902366,0.38617504063772823,0.9461663365364075,-0.016160777849681174,0.3189106085253817,-0.05295375576257603,0.015208727486556503,0.003520786056842486,-0.007838690186383742,-0.00044165143251174657,-0.02869789317161514,-0.011399740847941299,0.6881247921036349,-1.9259014400538108,-9.263990448471933,-1.5374314989244497,1.006965440785785,-0.7638099940480296
2024-01-09 17:53:37.047594,0.8041127585630036,-0.1806517441250848,0.3860379395256456,0.9461113214492798,-0.01620786009088737,0.3190746751427991,-0.05293444264230548,0.015208727486556503,0.003520786056842486,-0.007838690186383742,-0.00044165143251174657,-0.02869789317161514,-0.011399740847941299,0.3137425826970491,-2.0604722099921537,-9.088194438740537,-1.536407601189913,1.061349123841649,-0.714712255403801
2024-01-09 17:53:37.059912,0.8041127585630036,-0.1806517441250848,0.3860379395256456,0.9461113214492798,-0.01620786009088737,0.3190746751427991,-0.05293444264230548,0.015208727486556503,0.003520786056842486,-0.007838690186383742,-0.00044165143251174657,-0.02869789317161514,-0.011399740847941299,0.3137425826970491,-2.0604722099921537,-9.088194438740537,-1.536407601189913,1.061349123841649,-0.714712255403801
2024-01-09 17:53:37.072345,0.8041127585630036,-0.1806517441250848,0.3860379395256456,0.9461113214492798,-0.01620786009088737,0.3190746751427991,-0.05293444264230548,0.015208727486556503,0.003520786056842486,-0.007838690186383742,-0.00044165143251174657,-0.02869789317161514,-0.011399740847941299,0.3137425826970491,-2.0604722099921537,-9.088194438740537,-1.536407601189913,1.061349123841649,-0.714712255403801
2024-01-09 17:53:37.084806,0.8041127585630036,-0.1806517441250848,0.3860379395256456,0.9461113214492798,-0.01620786009088737,0.3190746751427991,-0.05293444264230548,0.015208727486556503,0.003520786056842486,-0.007838690186383742,-0.00044165143251174657,-0.02869789317161514,-0.011399740847941299,0.3137425826970491,-2.0604722099921537,-9.088194438740537,-1.536407601189913,1.061349123841649,-0.714712255403801
2024-01-09 17:53:37.097178,0.8045029964080788,-0.1804656539678512,0.3854476919497216,0.9461358189582825,-0.016300742057568467,0.3189901324573586,-0.05297757601123433,0.015208727486556503,0.003520786056842486,-0.007838690186383742,-0.00044165143251174657,-0.02869789317161514,-0.011399740847941299,-0.25557818879944594,-2.221686179844145,-9.776867408605074,-1.685300148940965,1.179245397716712,-0.6308593764173298
2024-01-09 17:53:37.109449,0.8045029964080788,-0.1804656539678512,0.3854476919497216,0.9461358189582825,-0.016300742057568467,0.3189901324573586,-0.05297757601123433,0.015208727486556503,0.003520786056842486,-0.007838690186383742,-0.00044165143251174657,-0.02869789317161514,-0.011399740847941299,-0.25557818879944594,-2.221686179844145,-9.776867408605074,-1.685300148940965,1.179245397716712,-0.6308593764173298
2024-01-09 17:53:37.122070,0.8046823796868091,-0.18044239135914142,0.3852448394209403,0.9461212158203125,-0.01637451781697575,0.3190325436638743,-0.05296012958068087,0.015208727486556503,0.003520786056842486,-0.007838690186383742,-0.00044165143251174657,-0.02869789317161514,-0.011399740847941299,-0.10796605911406065,-2.37939009234449,-9.668523567509611,-1.6826286541254805,1.1524533890082094,-0.6483308360598709
2024-01-09 17:53:37.134323,0.804863429919945,-0.18043514370173355,0.3850846671005115,0.9460863471031189,-0.01644325568218912,0.3191379667930303,-0.05292626935380513,0.015208727486556503,0.003520786056842486,-0.007838690186383742,-0.00044165143251174657,-0.02869789317161514,-0.011399740847941299,-0.10552824192571206,-2.320908990274267,-9.60736240089693,-1.6693118132259646,1.1378353003492923,-0.6516610282247286
2024-01-09 17:53:37.146755,0.804863429919945,-0.18043514370173355,0.3850846671005115,0.9460863471031189,-0.01644325568218912,0.3191379667930303,-0.05292626935380513,0.015208727486556503,0.003520786056842486,-0.007838690186383742,-0.00044165143251174657,-0.02869789317161514,-0.011399740847941299,-0.10552824192571206,-2.320908990274267,-9.60736240089693,-1.6693118132259646,1.1378353003492923,-0.6516610282247286
2024-01-09 17:53:37.158982,0.804863429919945,-0.18043514370173355,0.3850846671005115,0.9460863471031189,-0.01644325568218912,0.3191379667930303,-0.05292626935380513,0.015208727486556503,0.003520786056842486,-0.007838690186383742,-0.00044165143251174657,-0.02869789317161514,-0.011399740847941299,-0.10552824192571206,-2.320908990274267,-9.60736240089693,-1.6693118132259646,1.1378353003492923,-0.6516610282247286
2024-01-09 17:53:37.171216,0.804863429919945,-0.18043514370173355,0.3850846671005115,0.9460863471031189,-0.01644325568218912,0.3191379667930303,-0.05292626935380513,0.015208727486556503,0.003520786056842486,-0.007838690186383742,-0.00044165143251174657,-0.02869789317161514,-0.011399740847941299,-0.10552824192571206,-2.320908990274267,-9.60736240089693,-1.6693118132259646,1.1378353003492923,-0.6516610282247286
2024-01-09 17:53:37.183443,0.804863429919945,-0.18043514370173355,0.3850846671005115,0.9460863471031189,-0.01644325568218912,0.3191379667930303,-0.05292626935380513,0.015208727486556503,0.003520786056842486,-0.007838690186383742,-0.00044165143251174657,-0.02869789317161514,-0.011399740847941299,0.24389326794315258,-2.4284432184439178,-9.64838618689853,-1.6801634314489742,1.0557968751878872,-0.6646076452001243
2024-01-09 17:53:37.195602,0.8054703711089698,-0.180343691615568,0.3844401423236774,0.9459970593452454,-0.016625827556272326,0.3193953119601747,-0.052913435388563336,0.015208727486556503,0.003520786056842486,-0.007838690186383742,-0.00044165143251174657,-0.02869789317161514,-0.011399740847941299,0.24389326794315258,-2.4284432184439178,-9.64838618689853,-1.6801634314489742,1.0557968751878872,-0.6646076452001243
2024-01-09 17:53:37.207979,0.8056229324479746,-0.18030174193488174,0.3841972538752628,0.9460054039955139,-0.016677195781416056,0.31936070374420156,-0.05295630110487773,0.015208727486556503,0.003520786056842486,-0.007838690186383742,-0.00044165143251174657,-0.02869789317161514,-0.011399740847941299,-0.4317437685561153,-2.5103948395811004,-9.828878391423945,-1.7059900671005814,1.1924455766113766,-0.5797695842115517
2024-01-09 17:53:37.221380,0.8057773425237488,-0.1802746758817149,0.3840138483502718,0.9459906816482544,-0.016730425090418992,0.3193969905195009,-0.05298387466934457,0.015208727486556503,0.003520786056842486,-0.007838690186383742,-0.00044165143251174657,-0.02869789317161514,-0.011399740847941299,-0.3336779037607351,-2.405782372716635,-9.854206488638878,-1.6737614738476356,1.1782753380171869,-0.5870256604326921
2024-01-09 17:53:37.233726,0.8059520709387545,-0.1802580215313682,0.38384264298632087,0.9459607601165771,-0.016792068762803453,0.3194799239746377,-0.05299889737550696,0.015208727486556503,0.003520786056842486,-0.007838690186383742,-0.00044165143251174657,-0.02869789317161514,-0.011399740847941299,-0.46397234866054743,-2.5853250564088275,-10.278041886594679,-1.7892631732414725,1.205433482539441,-0.559389898210632
2024-01-09 17:53:37.246020,0.8059520709387545,-0.1802580215313682,0.38384264298632087,0.9459607601165771,-0.016792068762803453,0.3194799239746377,-0.05299889737550696,0.015208727486556503,0.003520786056842486,-0.007838690186383742,-0.00044165143251174657,-0.02869789317161514,-0.011399740847941299,-0.46397234866054743,-2.5853250564088275,-10.278041886594679,-1.7892631732414725,1.205433482539441,-0.559389898210632
2024-01-09 17:53:37.258230,0.8061591682422665,-0.18024334011195753,0.3836621831080008,0.9459167718887329,-0.016851397442917932,0.3196081420181391,-0.052991481641144,0.015208727486556503,0.003520786056842486,-0.007838690186383742,-0.00044165143251174657,-0.02869789317161514,-0.011399740847941299,-0.246836271176561,-2.3973478465488696,-10.003622446776038,-1.6876904950518534,1.1529054192371588,-0.5969846686980582
2024-01-09 17:53:37.270609,0.8063305212688653,-0.18025490119643586,0.38347945995873983,0.9458840489387512,-0.0169146644321129,0.31970442000538596,-0.05297516252800106,0.011423535106584263,-0.0007707389652222839,-0.01218154328406588,0.0006527654691368034,-0.0130535830383472,-0.009428582432894378,-0.38535665232641525,-2.2770028034101624,-9.848398954594403,-1.659980239598203,1.1760940245594198,-0.5654103425839418
2024-01-09 17:53:37.282947,0.8065259669499525,-0.18023859512381762,0.3832507461633178,0.9458630084991455,-0.016977843103499854,0.3197628507041929,-0.05297778314898189,0.011423535106584263,-0.0007707389652222839,-0.01218154328406588,0.0006527654691368034,-0.0130535830383472,-0.009428582432894378,-0.023850844151387277,-2.7404540874199523,-10.159648341952115,-1.7764735865062158,1.0887489789652214,-0.6110032932765338
2024-01-09 17:53:37.295186,0.8065259669499525,-0.18023859512381762,0.3832507461633178,0.9458630084991455,-0.016977843103499854,0.3197628507041929,-0.05297778314898189,0.011423535106584263,-0.0007707389652222839,-0.01218154328406588,0.0006527654691368034,-0.0130535830383472,-0.009428582432894378,-0.023850844151387277,-2.7404540874199523,-10.159648341952115,-1.7764735865062158,1.0887489789652214,-0.6110032932765338
2024-01-09 17:53:37.307777,0.8066636463021606,-0.18021879832807558,0.38301964928020943,0.9458746910095215,-0.017024470157655527,0.3197223387000343,-0.052998540410852064,0.011423535106584263,-0.0007707389652222839,-0.01218154328406588,0.0006527654691368034,-0.0130535830383472,-0.009428582432894378,-0.45341959176480456,-2.246142964919861,-10.12227622938952,-1.6714050209785278,1.177252637082321,-0.5553844371821356
2024-01-09 17:53:37.320649,0.8068120520412473,-0.1801884288679354,0.38278066220204854,0.9458799362182617,-0.017064031400133815,0.3197004075220388,-0.05302503370078008,0.011423535106584263,-0.0007707389652222839,-0.01218154328406588,0.0006527654691368034,-0.0130535830383472,-0.009428582432894378,-0.002287987660900277,-2.662303300830877,-9.669809673585284,-1.7087710474901816,1.0767588945172861,-0.6039270986236811
2024-01-09 17:53:37.333174,0.8068120520412473,-0.1801884288679354,0.38278066220204854,0.9458799362182617,-0.017064031400133815,0.3197004075220388,-0.05302503370078008,0.011423535106584263,-0.0007707389652222839,-0.01218154328406588,0.0006527654691368034,-0.0130535830383472,-0.009428582432894378,-0.002287987660900277,-2.662303300830877,-9.669809673585284,-1.7087710474901816,1.0767588945172861,-0.6039270986236811
2024-01-09 17:53:37.345401,0.8068120520412473,-0.1801884288679354,0.38278066220204854,0.9458799362182617,-0.017064031400133815,0.3197004075220388,-0.05302503370078008,0.011423535106584263,-0.0007707389652222839,-0.01218154328406588,0.0006527654691368034,-0.0130535830383472,-0.009428582432894378,-0.002287987660900277,-2.662303300830877,-9.669809673585284,-1.7087710474901816,1.0767588945172861,-0.6039270986236811
2024-01-09 17:53:37.357869,0.8068120520412473,-0.1801884288679354,0.38278066220204854,0.9458799362182617,-0.017064031400133815,0.3197004075220388,-0.05302503370078008,0.011423535106584263,-0.0007707389652222839,-0.01218154328406588,0.0006527654691368034,-0.0130535830383472,-0.009428582432894378,-0.002287987660900277,-2.662303300830877,-9.669809673585284,-1.7087710474901816,1.0767588945172861,-0.6039270986236811
2024-01-09 17:53:37.370167,0.8068120520412473,-0.1801884288679354,0.38278066220204854,0.9458799362182617,-0.017064031400133815,0.3197004075220388,-0.05302503370078008,0.011423535106584263,-0.0007707389652222839,-0.01218154328406588,0.0006527654691368034,-0.0130535830383472,-0.009428582432894378,-0.3148444750823156,-2.6611316191937626,-10.021821088601635,-1.7499610593401935,1.13761942707854,-0.5296511214013521
2024-01-09 17:53:37.382546,0.8075023484994843,-0.18008081212297758,0.38204871777366134,0.9457680583000183,-0.017154231835580572,0.3200246079821829,-0.05303594480843725,0.011423535106584263,-0.0007707389652222839,-0.01218154328406588,0.0006527654691368034,-0.0130535830383472,-0.009428582432894378,-0.3148444750823156,-2.6611316191937626,-10.021821088601635,-1.7499610593401935,1.13761942707854,-0.5296511214013521
2024-01-09 17:53:37.394916,0.8076718423434238,-0.18007675367456707,0.38185937039881784,0.9457461833953857,-0.017189433941155404,0.3200868025872609,-0.05303881943114842,0.011423535106584263,-0.0007707389652222839,-0.01218154328406588,0.0006527654691368034,-0.0130535830383472,-0.009428582432894378,-0.3964525553134364,-2.4496633789760347,-10.471762878004014,-1.7956111307345393,1.149633381967011,-0.5071765177904838
2024-01-09 17:53:37.407191,0.8078412427488926,-0.1800661389311912,0.3816575150315453,0.9457328915596008,-0.017232640751682442,0.3201216909520267,-0.05305122772663077,0.011423535106584263,-0.0007707389652222839,-0.01218154328406588,0.0006527654691368034,-0.0130535830383472,-0.009428582432894378,-0.3533259912722533,-2.6705990579837002,-10.27965570765914,-1.8061958353501402,1.1380853274726863,-0.508700576582262
2024-01-09 17:53:37.419861,0.8079840600958484,-0.18004497116439228,0.3814599889939351,0.9457302093505859,-0.017246422922477155,0.320126705828613,-0.05306422066058203,0.011423535106584263,-0.0007707389652222839,-0.01218154328406588,0.0006527654691368034,-0.0130535830383472,-0.009428582432894378,-0.020794465789690516,-2.8299248627642117,-10.151126591287897,-1.8440403403007422,1.0534858171532466,-0.5547512642074222
2024-01-09 17:53:37.432250,0.8081464314486454,-0.18003460842291333,0.38127205412610476,0.9457182884216309,-0.017272909436939914,0.320158155397042,-0.05307845698802978,0.011423535106584263,-0.0007707389652222839,-0.01218154328406588,0.0006527654691368034,-0.0130535830383472,-0.009428582432894378,-0.42604511381432225,-2.7309834114451403,-10.776971515137644,-1.914942822548787,1.1495109721247836,-0.48653332595083876
2024-01-09 17:53:37.444746,0.8081464314486454,-0.18003460842291333,0.38127205412610476,0.9457182884216309,-0.017272909436939914,0.320158155397042,-0.05307845698802978,0.011423535106584263,-0.0007707389652222839,-0.01218154328406588,0.0006527654691368034,-0.0130535830383472,-0.009428582432894378,-0.42604511381432225,-2.7309834114451403,-10.776971515137644,-1.914942822548787,1.1495109721247836,-0.48653332595083876
2024-01-09 17:53:37.457441,0.8083215570127844,-0.180022822676164,0.38101324754320276,0.9457148313522339,-0.01725827757451205,0.3201673113698474,-0.05308911232362517,0.011423535106584263,-0.0007707389652222839,-0.01218154328406588,0.0006527654691368034,-0.0130535830383472,-0.009428582432894378,-0.40947943410722726,-2.6645744636741586,-10.147302983742845,-1.793245772480606,1.14085807579978,-0.4876019905068847
2024-01-09 17:53:37.469714,0.8084852741983645,-0.18001503444890163,0.38081194298736437,0.9457034468650818,-0.017266070373173674,0.320196564314629,-0.053113567700611826,0.010232324098753687,0.00048676420389900943,-0.012581534739899286,0.0032152936242976523,-0.003914778663035302,-0.00016118031053837127,-0.31221690935522933,-2.9243886425244083,-10.718729113920693,-1.937967065246516,1.124609906009865,-0.49083381590535335
2024-01-09 17:53:37.482071,0.8086658818557267,-0.18001516563879377,0.38062248094458545,0.945684015750885,-0.01730598414576965,0.32024728123075374,-0.0531401150029608,0.010232324098753687,0.00048676420389900943,-0.012581534739899286,0.0032152936242976523,-0.003914778663035302,-0.00016118031053837127,-0.36690386724600044,-2.5246569544068156,-10.26128553276022,-1.7829514838986247,1.1229533811452068,-0.4988841830431893
2024-01-09 17:53:37.494255,0.8086658818557267,-0.18001516563879377,0.38062248094458545,0.945684015750885,-0.01730598414576965,0.32024728123075374,-0.0531401150029608,0.010232324098753687,0.00048676420389900943,-0.012581534739899286,0.0032152936242976523,-0.003914778663035302,-0.00016118031053837127,-0.34331698474780803,-2.7651898764433285,-10.277332685284945,-1.853603024067645,1.113733716516885,-0.48104683330100595
2024-01-09 17:53:37.506780,0.8088384728896993,-0.18002296424621259,0.38044891084083143,0.9456638097763062,-0.01737895437061615,0.3202970295313101,-0.05317652684464931,0.010232324098753687,0.00048676420389900943,-0.012581534739899286,0.0032152936242976523,-0.003914778663035302,-0.00016118031053837127,-0.34331698474780803,-2.7651898764433285,-10.277332685284945,-1.853603024067645,1.113733716516885,-0.48104683330100595
2024-01-09 17:53:37.519519,0.8088384728896993,-0.18002296424621259,0.38044891084083143,0.9456638097763062,-0.01737895437061615,0.3202970295313101,-0.05317652684464931,0.010232324098753687,0.00048676420389900943,-0.012581534739899286,0.0032152936242976523,-0.003914778663035302,-0.00016118031053837127,-0.34331698474780803,-2.7651898764433285,-10.277332685284945,-1.853603024067645,1.113733716516885,-0.48104683330100595
2024-01-09 17:53:37.531907,0.8088384728896993,-0.18002296424621259,0.38044891084083143,0.9456638097763062,-0.01737895437061615,0.3202970295313101,-0.05317652684464931,0.010232324098753687,0.00048676420389900943,-0.012581534739899286,0.0032152936242976523,-0.003914778663035302,-0.00016118031053837127,-0.34331698474780803,-2.7651898764433285,-10.277332685284945,-1.853603024067645,1.113733716516885,-0.48104683330100595
2024-01-09 17:53:37.544299,0.8088384728896993,-0.18002296424621259,0.38044891084083143,0.9456638097763062,-0.01737895437061615,0.3202970295313101,-0.05317652684464931,0.010232324098753687,0.00048676420389900943,-0.012581534739899286,0.0032152936242976523,-0.003914778663035302,-0.00016118031053837127,-0.34331698474780803,-2.7651898764433285,-10.277332685284945,-1.853603024067645,1.113733716516885,-0.48104683330100595
2024-01-09 17:53:37.556851,0.8088384728896993,-0.18002296424621259,0.38044891084083143,0.9456638097763062,-0.01737895437061615,0.3202970295313101,-0.05317652684464931,0.010232324098753687,0.00048676420389900943,-0.012581534739899286,0.0032152936242976523,-0.003914778663035302,-0.00016118031053837127,-0.006021764468144739,-2.547849641180647,-9.74191213803881,-1.716932810738814,1.035814829687771,-0.5170161997617475
2024-01-09 17:53:37.569088,0.8095749145176552,-0.1799871441091512,0.3796446333967708,0.9456049799919128,-0.0174887931550009,0.3204497360915431,-0.053267057453841,0.010232324098753687,0.00048676420389900943,-0.012581534739899286,0.0032152936242976523,-0.003914778663035302,-0.00016118031053837127,-0.006021764468144739,-2.547849641180647,-9.74191213803881,-1.716932810738814,1.035814829687771,-0.5170161997617475
2024-01-09 17:53:37.582644,0.8097677195727567,-0.18000543362520824,0.37945037705105716,0.9455863833427429,-0.017553356242600994,0.32049892619513104,-0.05327931778666982,0.010232324098753687,0.00048676420389900943,-0.012581534739899286,0.0032152936242976523,-0.003914778663035302,-0.00016118031053837127,-0.22665968549918752,-2.569849396253388,-10.88310735617554,-1.8944843695850981,1.1093313650121734,-0.48181309396522926
2024-01-09 17:53:37.596525,0.8099673332519296,-0.18000605291722732,0.3792261647801902,0.9455750584602356,-0.0176145319646259,0.32052360334672625,-0.05331222437110662,0.010232324098753687,0.00048676420389900943,-0.012581534739899286,0.0032152936242976523,-0.003914778663035302,-0.00016118031053837127,-0.3699718696215633,-2.5385995833478323,-9.975379385292566,-1.7128348651663323,1.1306606407827273,-0.4579783206462521
2024-01-09 17:53:37.609324,0.8101521661227489,-0.1800083550968821,0.37900686897004904,0.9455668330192566,-0.017635195421792853,0.3205442628751767,-0.05332654654907082,0.010232324098753687,0.00048676420389900943,-0.012581534739899286,0.0032152936242976523,-0.003914778663035302,-0.00016118031053837127,-0.41485008977823434,-2.7070850763886725,-10.755509117584193,-1.8897179531758133,1.1455015435124214,-0.4445272645128713
2024-01-09 17:53:37.622214,0.8103255717137335,-0.1800114492273635,0.37875570895062033,0.9455611109733582,-0.01760630721668224,0.3205614927996853,-0.05333408638237252,0.010232324098753687,0.00048676420389900943,-0.012581534739899286,0.0032152936242976523,-0.003914778663035302,-0.00016118031053837127,-0.18713123874725895,-2.545534617649742,-10.077922028248208,-1.7717174028928138,1.0895609114482652,-0.4634767891670124
2024-01-09 17:53:37.634379,0.8103255717137335,-0.1800114492273635,0.37875570895062033,0.9455611109733582,-0.01760630721668224,0.3205614927996853,-0.05333408638237252,0.010232324098753687,0.00048676420389900943,-0.012581534739899286,0.0032152936242976523,-0.003914778663035302,-0.00016118031053837127,0.09357156411220159,-2.917596486231183,-10.61693253245443,-1.9283313482578683,1.037928300099824,-0.4947933998208386
2024-01-09 17:53:37.646461,0.8105074937597254,-0.18000016240184713,0.378552499940693,0.9455432891845703,-0.01758681823802102,0.3206123246481089,-0.05335125025265476,0.010232324098753687,0.00048676420389900943,-0.012581534739899286,0.0032152936242976523,-0.003914778663035302,-0.00016118031053837127,0.09357156411220159,-2.917596486231183,-10.61693253245443,-1.9283313482578683,1.037928300099824,-0.4947933998208386
2024-01-09 17:53:37.658393,0.8107191894114595,-0.17999325821016618,0.37832594315951135,0.9455159306526184,-0.01757407609437422,0.3206907088459932,-0.05336854719375493,0.010232324098753687,0.00048676420389900943,-0.012581534739899286,0.0032152936242976523,-0.003914778663035302,-0.00016118031053837127,-0.0029410014825644085,-2.603693214548894,-9.672043453801445,-1.7081886638739172,1.0578491700225776,-0.4773009596666954
2024-01-09 17:53:37.670524,0.8109201824364004,-0.17998358341319678,0.37811688936319265,0.9454900622367859,-0.017557793212061787,0.3207671773123393,-0.053373233758036674,0.013399534996061389,0.0006449864646262959,-0.013936919754579483,-0.00010051343434869153,-0.010873235939104742,0.0016484050375476077,0.2596795455778904,-2.6694229365859674,-10.16357705814232,-1.8163773729245103,1.0011426391232068,-0.5079424221794133
2024-01-09 17:53:37.682737,0.8109201824364004,-0.17998358341319678,0.37811688936319265,0.9454900622367859,-0.017557793212061787,0.3207671773123393,-0.053373233758036674,0.013399534996061389,0.0006449864646262959,-0.013936919754579483,-0.00010051343434869153,-0.010873235939104742,0.0016484050375476077,0.2596795455778904,-2.6694229365859674,-10.16357705814232,-1.8163773729245103,1.0011426391232068,-0.5079424221794133
2024-01-09 17:53:37.694964,0.8109201824364004,-0.17998358341319678,0.37811688936319265,0.9454900622367859,-0.017557793212061787,0.3207671773123393,-0.053373233758036674,0.013399534996061389,0.0006449864646262959,-0.013936919754579483,-0.00010051343434869153,-0.010873235939104742,0.0016484050375476077,0.2596795455778904,-2.6694229365859674,-10.16357705814232,-1.8163773729245103,1.0011426391232068,-0.5079424221794133
2024-01-09 17:53:37.707212,0.8109201824364004,-0.17998358341319678,0.37811688936319265,0.9454900622367859,-0.017557793212061787,0.3207671773123393,-0.053373233758036674,0.013399534996061389,0.0006449864646262959,-0.013936919754579483,-0.00010051343434869153,-0.010873235939104742,0.0016484050375476077,0.2596795455778904,-2.6694229365859674,-10.16357705814232,-1.8163773729245103,1.0011426391232068,-0.5079424221794133
2024-01-09 17:53:37.720044,0.811618051696585,-0.17995031730986086,0.37736634177677764,0.9454584121704102,-0.01776103859828477,0.3208239757410533,-0.05352518828066592,0.013399534996061389,0.0006449864646262959,-0.013936919754579483,-0.00010051343434869153,-0.010873235939104742,0.0016484050375476077,-0.13696363860047178,-2.5676798073686133,-10.361483852008055,-1.8423706899705234,1.0893106292047865,-0.4457670135730424
2024-01-09 17:53:37.732290,0.811618051696585,-0.17995031730986086,0.37736634177677764,0.9454584121704102,-0.01776103859828477,0.3208239757410533,-0.05352518828066592,0.013399534996061389,0.0006449864646262959,-0.013936919754579483,-0.00010051343434869153,-0.010873235939104742,0.0016484050375476077,-0.13696363860047178,-2.5676798073686133,-10.361483852008055,-1.8423706899705234,1.0893106292047865,-0.4457670135730424
2024-01-09 17:53:37.744599,0.811618051696585,-0.17995031730986086,0.37736634177677764,0.9454584121704102,-0.01776103859828477,0.3208239757410533,-0.05352518828066592,0.013399534996061389,0.0006449864646262959,-0.013936919754579483,-0.00010051343434869153,-0.010873235939104742,0.0016484050375476077,-0.13696363860047178,-2.5676798073686133,-10.361483852008055,-1.8423706899705234,1.0893106292047865,-0.4457670135730424
2024-01-09 17:53:37.756807,0.811618051696585,-0.17995031730986086,0.37736634177677764,0.9454584121704102,-0.01776103859828477,0.3208239757410533,-0.05352518828066592,0.013399534996061389,0.0006449864646262959,-0.013936919754579483,-0.00010051343434869153,-0.010873235939104742,0.0016484050375476077,-0.13696363860047178,-2.5676798073686133,-10.361483852008055,-1.8423706899705234,1.0893106292047865,-0.4457670135730424
2024-01-09 17:53:37.769071,0.811618051696585,-0.17995031730986086,0.37736634177677764,0.9454584121704102,-0.01776103859828477,0.3208239757410533,-0.05352518828066592,0.013399534996061389,0.0006449864646262959,-0.013936919754579483,-0.00010051343434869153,-0.010873235939104742,0.0016484050375476077,-0.13696363860047178,-2.5676798073686133,-10.361483852008055,-1.8423706899705234,1.0893106292047865,-0.4457670135730424
2024-01-09 17:53:37.781449,0.812383698269382,-0.17992436725684444,0.3764576297069458,0.9454277753829956,-0.01776009159178451,0.32090705104677364,-0.05356790171121354,0.013399534996061389,0.0006449864646262959,-0.013936919754579483,-0.00010051343434869153,-0.010873235939104742,0.0016484050375476077,0.28235428028318393,-2.7971813957987393,-9.760387491622076,-1.797301897454033,0.9990781223459202,-0.497656707020636
2024-01-09 17:53:37.793818,0.8125914633281864,-0.17992209453476454,0.37620351897582144,0.945414125919342,-0.01771127127677518,0.3209489086479459,-0.053574739829346484,0.013399534996061389,0.0006449864646262959,-0.013936919754579483,-0.00010051343434869153,-0.010873235939104742,0.0016484050375476077,0.06213641477539119,-2.456593340502095,-9.957165948683905,-1.7785624208896416,1.0411459046628742,-0.4707639169322286
2024-01-09 17:53:37.806504,0.8125914633281864,-0.17992209453476454,0.37620351897582144,0.945414125919342,-0.01771127127677518,0.3209489086479459,-0.053574739829346484,0.013399534996061389,0.0006449864646262959,-0.013936919754579483,-0.00010051343434869153,-0.010873235939104742,0.0016484050375476077,0.21197446653620816,-2.4555431614052146,-10.224370849610345,-1.8019613161253256,1.0249852347510842,-0.4852405780612742
2024-01-09 17:53:37.819246,0.81277561966113,-0.17992190323234114,0.3760015744615464,0.9453979730606079,-0.01766078271742644,0.32099801570393194,-0.05358243853411549,0.013399534996061389,0.0006449864646262959,-0.013936919754579483,-0.00010051343434869153,-0.010873235939104742,0.0016484050375476077,0.21197446653620816,-2.4555431614052146,-10.224370849610345,-1.8019613161253256,1.0249852347510842,-0.4852405780612742
2024-01-09 17:53:37.831873,0.8129999025338853,-0.1799166413905292,0.37577421923928894,0.9453830122947693,-0.017703307918262176,0.32102924952997913,-0.05364494256698215,0.013399534996061389,0.0006449864646262959,-0.013936919754579483,-0.00010051343434869153,-0.010873235939104742,0.0016484050375476077,0.0149919928678361,-2.5620576980600545,-9.782450445467695,-1.7667293344629647,1.0493877179959261,-0.46379760175760654
2024-01-09 17:53:37.844451,0.8132388651682013,-0.17991266533141398,0.3755609183005249,0.9453657865524292,-0.01780845623025576,0.3210596479277623,-0.05373145716817325,0.013399534996061389,0.0006449864646262959,-0.013936919754579483,-0.00010051343434869153,-0.010873235939104742,0.0016484050375476077,-0.07637847097289036,-2.664745066447052,-9.697759783869763,-1.7671282502183208,1.0819081132176416,-0.45617965460849647
2024-01-09 17:53:37.857135,0.8134868460291963,-0.17991445196431013,0.3753311170495506,0.9453468918800354,-0.017879713308398586,0.32109992409616833,-0.05380023685641839,0.013399534996061389,0.0006449864646262959,-0.013936919754579483,-0.00010051343434869153,-0.010873235939104742,0.0016484050375476077,0.2268844764566164,-2.740201934262239,-10.185451878013804,-1.8794277728267323,1.0287392370241009,-0.4799752075472184
2024-01-09 17:53:37.869547,0.8134868460291963,-0.17991445196431013,0.3753311170495506,0.9453468918800354,-0.017879713308398586,0.32109992409616833,-0.05380023685641839,0.013399534996061389,0.0006449864646262959,-0.013936919754579483,-0.00010051343434869153,-0.010873235939104742,0.0016484050375476077,0.2268844764566164,-2.740201934262239,-10.185451878013804,-1.8794277728267323,1.0287392370241009,-0.4799752075472184
2024-01-09 17:53:37.882067,0.8137167963136316,-0.17992624938169235,0.37508482013844274,0.9453319311141968,-0.01786610413656817,0.3211430509162495,-0.05380963697968827,0.013399534996061389,0.0006449864646262959,-0.013936919754579483,-0.00010051343434869153,-0.010873235939104742,0.0016484050375476077,0.04551802357911762,-2.4316887181320572,-9.774729874301185,-1.764152468307788,1.068391067096649,-0.4564055332660645
2024-01-09 17:53:37.894504,0.8138963851696529,-0.17992977687151057,0.3748392218761538,0.9453253149986267,-0.017768870027753403,0.3211712389077792,-0.05378986452165069,0.013399534996061389,0.0006449864646262959,-0.013936919754579483,-0.00010051343434869153,-0.010873235939104742,0.0016484050375476077,-0.035108226571556385,-2.4804250110884647,-9.469393205124232,-1.6987887171177272,1.1049251515226124,-0.455030499284302
2024-01-09 17:53:37.906960,0.8138963851696529,-0.17992977687151057,0.3748392218761538,0.9453253149986267,-0.017768870027753403,0.3211712389077792,-0.05378986452165069,0.013399534996061389,0.0006449864646262959,-0.013936919754579483,-0.00010051343434869153,-0.010873235939104742,0.0016484050375476077,-0.035108226571556385,-2.4804250110884647,-9.469393205124232,-1.6987887171177272,1.1049251515226124,-0.455030499284302
2024-01-09 17:53:37.920911,0.8138963851696529,-0.17992977687151057,0.3748392218761538,0.9453253149986267,-0.017768870027753403,0.3211712389077792,-0.05378986452165069,0.013399534996061389,0.0006449864646262959,-0.013936919754579483,-0.00010051343434869153,-0.010873235939104742,0.0016484050375476077,-0.035108226571556385,-2.4804250110884647,-9.469393205124232,-1.6987887171177272,1.1049251515226124,-0.455030499284302
2024-01-09 17:53:37.934960,0.8138963851696529,-0.17992977687151057,0.3748392218761538,0.9453253149986267,-0.017768870027753403,0.3211712389077792,-0.05378986452165069,0.013399534996061389,0.0006449864646262959,-0.013936919754579483,-0.00010051343434869153,-0.010873235939104742,0.0016484050375476077,-0.035108226571556385,-2.4804250110884647,-9.469393205124232,-1.6987887171177272,1.1049251515226124,-0.455030499284302
2024-01-09 17:53:37.947554,0.8146609948205339,-0.1799282194431506,0.3740682478391146,0.9452701807022095,-0.017814978385072826,0.32130969041725777,-0.05391683735897608,0.014159437979277543,2.8841265925402708e-05,-0.014277296982208153,0.005012772412699515,-0.005495009949868316,-0.0004160865192740779,-0.0070949214010644305,-2.6824253291781446,-10.113665691285801,-1.8467484079314234,1.1137662433652273,-0.4620311986291542
2024-01-09 17:53:37.960183,0.8146609948205339,-0.1799282194431506,0.3740682478391146,0.9452701807022095,-0.017814978385072826,0.32130969041725777,-0.05391683735897608,0.014159437979277543,2.8841265925402708e-05,-0.014277296982208153,0.005012772412699515,-0.005495009949868316,-0.0004160865192740779,-0.0070949214010644305,-2.6824253291781446,-10.113665691285801,-1.8467484079314234,1.1137662433652273,-0.4620311986291542
2024-01-09 17:53:37.972697,0.8146609948205339,-0.1799282194431506,0.3740682478391146,0.9452701807022095,-0.017814978385072826,0.32130969041725777,-0.05391683735897608,0.014159437979277543,2.8841265925402708e-05,-0.014277296982208153,0.005012772412699515,-0.005495009949868316,-0.0004160865192740779,-0.0070949214010644305,-2.6824253291781446,-10.113665691285801,-1.8467484079314234,1.1137662433652273,-0.4620311986291542
2024-01-09 17:53:37.985056,0.8146609948205339,-0.1799282194431506,0.3740682478391146,0.9452701807022095,-0.017814978385072826,0.32130969041725777,-0.05391683735897608,0.014159437979277543,2.8841265925402708e-05,-0.014277296982208153,0.005012772412699515,-0.005495009949868316,-0.0004160865192740779,-0.0070949214010644305,-2.6824253291781446,-10.113665691285801,-1.8467484079314234,1.1137662433652273,-0.4620311986291542
2024-01-09 17:53:37.997294,0.8146609948205339,-0.1799282194431506,0.3740682478391146,0.9452701807022095,-0.017814978385072826,0.32130969041725777,-0.05391683735897608,0.014159437979277543,2.8841265925402708e-05,-0.014277296982208153,0.005012772412699515,-0.005495009949868316,-0.0004160865192740779,-0.2787482853457553,-2.646396066570742,-10.379503920536699,-1.8722727168156892,1.1835096701202101,-0.4133530345464927
2024-01-09 17:53:38.009754,0.815416402272942,-0.17997323041410365,0.3732525462163531,0.945222020149231,-0.01768742105458216,0.3214674807096372,-0.05386256727934096,0.014159437979277543,2.8841265925402708e-05,-0.014277296982208153,0.005012772412699515,-0.005495009949868316,-0.0004160865192740779,-0.2787482853457553,-2.646396066570742,-10.379503920536699,-1.8722727168156892,1.1835096701202101,-0.4133530345464927
2024-01-09 17:53:38.022429,0.815600236694262,-0.17998984601387713,0.3730388268457879,0.9452159404754639,-0.01768308393750282,0.32148755587482647,-0.05385021398073806,0.014159437979277543,2.8841265925402708e-05,-0.014277296982208153,0.005012772412699515,-0.005495009949868316,-0.0004160865192740779,-0.3344936511284971,-2.8222142373909636,-10.253905377954437,-1.9151445190760727,1.2016348038056488,-0.4117215217624853
2024-01-09 17:53:38.034621,0.8158648638312844,-0.17997391978722402,0.3727939455051819,0.9452067613601685,-0.017794735519374005,0.32149813393010856,-0.0539118792708518,0.014159437979277543,2.8841265925402708e-05,-0.014277296982208153,0.005012772412699515,-0.005495009949868316,-0.0004160865192740779,-0.2742197685573721,-2.893134909681852,-9.901705970620192,-1.8726942551710035,1.1903980029512884,-0.4363634134554276
2024-01-09 17:53:38.047324,0.8161140205786571,-0.1799642868809231,0.37256733003783055,0.9451978206634521,-0.01790012194425821,0.32150974107777675,-0.05396479562866143,0.014159437979277543,2.8841265925402708e-05,-0.014277296982208153,0.005012772412699515,-0.005495009949868316,-0.0004160865192740779,-0.22091540413758676,-3.034637832629337,-10.547068358036894,-2.006581163325584,1.2120496758237744,-0.433776741003025
2024-01-09 17:53:38.059566,0.8161140205786571,-0.1799642868809231,0.37256733003783055,0.9451978206634521,-0.01790012194425821,0.32150974107777675,-0.05396479562866143,0.014159437979277543,2.8841265925402708e-05,-0.014277296982208153,0.005012772412699515,-0.005495009949868316,-0.0004160865192740779,-0.22091540413758676,-3.034637832629337,-10.547068358036894,-2.006581163325584,1.2120496758237744,-0.433776741003025
2024-01-09 17:53:38.072219,0.8163119111213522,-0.17995794510378846,0.37232569002325133,0.9451963305473328,-0.017916870650712822,0.3215096334166581,-0.053985275646513724,0.014159437979277543,2.8841265925402708e-05,-0.014277296982208153,0.005012772412699515,-0.005495009949868316,-0.0004160865192740779,-0.37019167114113327,-2.762721809605221,-9.857311279065552,-1.8521660498148964,1.246189902410591,-0.41351511034181354
2024-01-09 17:53:38.084481,0.8164960922394651,-0.17993355943500597,0.3720953626443714,0.9451903104782104,-0.017857059969152548,0.32153020814028554,-0.05398801157725173,0.014159437979277543,2.8841265925402708e-05,-0.014277296982208153,0.005012772412699515,-0.005495009949868316,-0.0004160865192740779,-0.314782491945614,-3.106308318758412,-10.671869155366387,-2.0513460395063166,1.2513290647404651,-0.4102775109315936
2024-01-09 17:53:38.096915,0.8166785723335837,-0.17991475903758972,0.3718633251632016,0.9451828002929688,-0.01779063307614278,0.32155547596145145,-0.053991154533805506,0.014159437979277543,2.8841265925402708e-05,-0.014277296982208153,0.005012772412699515,-0.005495009949868316,-0.0004160865192740779,-0.5157306615657367,-2.784905914537367,-10.297517783114753,-1.9161807645874396,1.297969788946594,-0.386046047993875
2024-01-09 17:53:38.109042,0.8166785723335837,-0.17991475903758972,0.3718633251632016,0.9451828002929688,-0.01779063307614278,0.32155547596145145,-0.053991154533805506,0.014159437979277543,2.8841265925402708e-05,-0.014277296982208153,0.005012772412699515,-0.005495009949868316,-0.0004160865192740779,-0.49484107320586523,-2.475313446769575,-9.800828789040775,-1.7820123440632294,1.2785415983172335,-0.3968872332467763
2024-01-09 17:53:38.121282,0.8168939836641922,-0.17989470166193228,0.37157471026569183,0.9451797008514404,-0.01772921169438038,0.3215660711789066,-0.05400216316269438,0.014159437979277543,2.8841265925402708e-05,-0.014277296982208153,0.005012772412699515,-0.005495009949868316,-0.0004160865192740779,-0.49484107320586523,-2.475313446769575,-9.800828789040775,-1.7820123440632294,1.2785415983172335,-0.3968872332467763
2024-01-09 17:53:38.133358,0.8168939836641922,-0.17989470166193228,0.37157471026569183,0.9451797008514404,-0.01772921169438038,0.3215660711789066,-0.05400216316269438,0.014159437979277543,2.8841265925402708e-05,-0.014277296982208153,0.005012772412699515,-0.005495009949868316,-0.0004160865192740779,-0.49484107320586523,-2.475313446769575,-9.800828789040775,-1.7820123440632294,1.2785415983172335,-0.3968872332467763
2024-01-09 17:53:38.145755,0.8168939836641922,-0.17989470166193228,0.37157471026569183,0.9451797008514404,-0.01772921169438038,0.3215660711789066,-0.05400216316269438,0.014159437979277543,2.8841265925402708e-05,-0.014277296982208153,0.005012772412699515,-0.005495009949868316,-0.0004160865192740779,-0.49484107320586523,-2.475313446769575,-9.800828789040775,-1.7820123440632294,1.2785415983172335,-0.3968872332467763
2024-01-09 17:53:38.157858,0.8168939836641922,-0.17989470166193228,0.37157471026569183,0.9451797008514404,-0.01772921169438038,0.3215660711789066,-0.05400216316269438,0.014159437979277543,2.8841265925402708e-05,-0.014277296982208153,0.005012772412699515,-0.005495009949868316,-0.0004160865192740779,-0.6795216536784402,-2.7337944233098246,-10.137679440181747,-1.8559097523483086,1.323362380056568,-0.3761608728483208
2024-01-09 17:53:38.169781,0.8175974215329118,-0.1799003177150995,0.370881652663931,0.9451373815536499,-0.017975025524222095,0.32164862859286925,-0.05417054494565246,0.014159437979277543,2.8841265925402708e-05,-0.014277296982208153,0.005012772412699515,-0.005495009949868316,-0.0004160865192740779,-0.6795216536784402,-2.7337944233098246,-10.137679440181747,-1.8559097523483086,1.323362380056568,-0.3761608728483208
2024-01-09 17:53:38.182156,0.8175974215329118,-0.1799003177150995,0.370881652663931,0.9451373815536499,-0.017975025524222095,0.32164862859286925,-0.05417054494565246,0.014159437979277543,2.8841265925402708e-05,-0.014277296982208153,0.005012772412699515,-0.005495009949868316,-0.0004160865192740779,-0.6795216536784402,-2.7337944233098246,-10.137679440181747,-1.8559097523483086,1.323362380056568,-0.3761608728483208
2024-01-09 17:53:38.194703,0.8175974215329118,-0.1799003177150995,0.370881652663931,0.9451373815536499,-0.017975025524222095,0.32164862859286925,-0.05417054494565246,0.014159437979277543,2.8841265925402708e-05,-0.014277296982208153,0.005012772412699515,-0.005495009949868316,-0.0004160865192740779,-0.6795216536784402,-2.7337944233098246,-10.137679440181747,-1.8559097523483086,1.323362380056568,-0.3761608728483208
2024-01-09 17:53:38.206923,0.8175974215329118,-0.1799003177150995,0.370881652663931,0.9451373815536499,-0.017975025524222095,0.32164862859286925,-0.05417054494565246,0.014159437979277543,2.8841265925402708e-05,-0.014277296982208153,0.005012772412699515,-0.005495009949868316,-0.0004160865192740779,-0.6795216536784402,-2.7337944233098246,-10.137679440181747,-1.8559097523483086,1.323362380056568,-0.3761608728483208
2024-01-09 17:53:38.219855,0.8182910298390226,-0.17991746715478824,0.3699511486935029,0.9451161026954651,-0.017824505221305895,0.32171484068816963,-0.054197644942558874,0.011756072984928137,-0.000290668469300406,-0.0157712537360704,-0.0007742001915756868,-0.002646262098407191,0.004983383339162203,-0.4890176495089819,-2.4348869746155772,-9.620558018076101,-1.7052974043456732,1.2797523549981178,-0.40727079491786344
2024-01-09 17:53:38.232063,0.8182910298390226,-0.17991746715478824,0.3699511486935029,0.9451161026954651,-0.017824505221305895,0.32171484068816963,-0.054197644942558874,0.011756072984928137,-0.000290668469300406,-0.0157712537360704,-0.0007742001915756868,-0.002646262098407191,0.004983383339162203,-0.11297286134923315,-2.6795659646831345,-10.107564915720737,-1.8779619785648178,1.190602132056545,-0.4444271886903695
2024-01-09 17:53:38.244622,0.818505442096752,-0.179935015954179,0.3697373798975984,0.9451010823249817,-0.017927325810090048,0.3217412248453235,-0.05426920509435302,0.011756072984928137,-0.000290668469300406,-0.0157712537360704,-0.0007742001915756868,-0.002646262098407191,0.004983383339162203,-0.11297286134923315,-2.6795659646831345,-10.107564915720737,-1.8779619785648178,1.190602132056545,-0.4444271886903695
2024-01-09 17:53:38.257479,0.8187559370369922,-0.17993526337988275,0.3695012515474999,0.9450842142105103,-0.018052459528634726,0.3217688645450391,-0.05435765929040423,0.011756072984928137,-0.000290668469300406,-0.0157712537360704,-0.0007742001915756868,-0.002646262098407191,0.004983383339162203,-0.012614428979973781,-2.6335269894685,-9.631348806178055,-1.7616129925445405,1.1730213593293672,-0.46583269888911494
2024-01-09 17:53:38.269797,0.8189773969835371,-0.17994571311934238,0.36923748215363944,0.9450729489326477,-0.01807272229427245,0.3217941715791829,-0.05439717515403607,0.011756072984928137,-0.000290668469300406,-0.0157712537360704,-0.0007742001915756868,-0.002646262098407191,0.004983383339162203,-0.12378940654696531,-2.449393234663472,-9.838045575095745,-1.7519745001580076,1.2051991456760878,-0.4389472652292753
2024-01-09 17:53:38.281965,0.8189773969835371,-0.17994571311934238,0.36923748215363944,0.9450729489326477,-0.01807272229427245,0.3217941715791829,-0.05439717515403607,0.011756072984928137,-0.000290668469300406,-0.0157712537360704,-0.0007742001915756868,-0.002646262098407191,0.004983383339162203,0.02703586663698877,-2.677776716271709,-10.258330476699465,-1.9103664271720735,1.1671837891892858,-0.4530525054427949
2024-01-09 17:53:38.294160,0.8191664242981016,-0.1799528702279675,0.36896557926581725,0.9450687766075134,-0.017996702470784793,0.3218120526840405,-0.05438910532518374,0.011756072984928137,-0.000290668469300406,-0.0157712537360704,-0.0007742001915756868,-0.002646262098407191,0.004983383339162203,0.02703586663698877,-2.677776716271709,-10.258330476699465,-1.9103664271720735,1.1671837891892858,-0.4530525054427949
2024-01-09 17:53:38.306242,0.8191664242981016,-0.1799528702279675,0.36896557926581725,0.9450687766075134,-0.017996702470784793,0.3218120526840405,-0.05438910532518374,0.011756072984928137,-0.000290668469300406,-0.0157712537360704,-0.0007742001915756868,-0.002646262098407191,0.004983383339162203,0.02703586663698877,-2.677776716271709,-10.258330476699465,-1.9103664271720735,1.1671837891892858,-0.4530525054427949
2024-01-09 17:53:38.318316,0.8191664242981016,-0.1799528702279675,0.36896557926581725,0.9450687766075134,-0.017996702470784793,0.3218120526840405,-0.05438910532518374,0.011756072984928137,-0.000290668469300406,-0.0157712537360704,-0.0007742001915756868,-0.002646262098407191,0.004983383339162203,0.02703586663698877,-2.677776716271709,-10.258330476699465,-1.9103664271720735,1.1671837891892858,-0.4530525054427949
2024-01-09 17:53:38.330487,0.8191664242981016,-0.1799528702279675,0.36896557926581725,0.9450687766075134,-0.017996702470784793,0.3218120526840405,-0.05438910532518374,0.011756072984928137,-0.000290668469300406,-0.0157712537360704,-0.0007742001915756868,-0.002646262098407191,0.004983383339162203,-0.032513673425993914,-2.7827886686698116,-9.986986948856279,-1.8930161030832164,1.1695668247756108,-0.45416145914151107
2024-01-09 17:53:38.342478,0.8198120488328052,-0.1799693028091882,0.368173455425049,0.9450357556343079,-0.01796939636065813,0.3218966088402894,-0.054471338588486004,0.011756072984928137,-0.000290668469300406,-0.0157712537360704,-0.0007742001915756868,-0.002646262098407191,0.004983383339162203,-0.032513673425993914,-2.7827886686698116,-9.986986948856279,-1.8930161030832164,1.1695668247756108,-0.45416145914151107
2024-01-09 17:53:38.354968,0.8200738665517843,-0.1799730864116525,0.36791395174401237,0.9450238943099976,-0.01808914838597475,0.3219129312151883,-0.054541023401145396,0.011756072984928137,-0.000290668469300406,-0.0157712537360704,-0.0007742001915756868,-0.002646262098407191,0.004983383339162203,0.062442782903023894,-2.7922773945812867,-9.868730286785373,-1.8649467291865869,1.1631264004927917,-0.47108242330560396
2024-01-09 17:53:38.367113,0.8202709236869036,-0.1799628854278715,0.3676725436286638,0.9450181126594543,-0.018081639869925406,0.3219279844869912,-0.05455453155187557,0.011756072984928137,-0.000290668469300406,-0.0157712537360704,-0.0007742001915756868,-0.002646262098407191,0.004983383339162203,-0.0084686591395163,-2.7676403082877687,-10.135177811629255,-1.9017110777449935,1.1938771384409577,-0.45120098524346847
2024-01-09 17:53:38.379239,0.8202709236869036,-0.1799628854278715,0.3676725436286638,0.9450181126594543,-0.018081639869925406,0.3219279844869912,-0.05455453155187557,0.011756072984928137,-0.000290668469300406,-0.0157712537360704,-0.0007742001915756868,-0.002646262098407191,0.004983383339162203,-0.29090113976600246,-2.690456498769448,-9.751274203435424,-1.8254788714360786,1.253659367926956,-0.41737809573862605
2024-01-09 17:53:38.391545,0.8204470385839034,-0.1799630498445263,0.3674066450890623,0.9450164437294006,-0.017994658176557963,0.3219426899035897,-0.05452487915039051,0.011756072984928137,-0.000290668469300406,-0.0157712537360704,-0.0007742001915756868,-0.002646262098407191,0.004983383339162203,-0.29090113976600246,-2.690456498769448,-9.751274203435424,-1.8254788714360786,1.253659367926956,-0.41737809573862605
2024-01-09 17:53:38.403614,0.8204470385839034,-0.1799630498445263,0.3674066450890623,0.9450164437294006,-0.017994658176557963,0.3219426899035897,-0.05452487915039051,0.011756072984928137,-0.000290668469300406,-0.0157712537360704,-0.0007742001915756868,-0.002646262098407191,0.004983383339162203,-0.29090113976600246,-2.690456498769448,-9.751274203435424,-1.8254788714360786,1.253659367926956,-0.41737809573862605
2024-01-09 17:53:38.415867,0.8204470385839034,-0.1799630498445263,0.3674066450890623,0.9450164437294006,-0.017994658176557963,0.3219426899035897,-0.05452487915039051,0.011756072984928137,-0.000290668469300406,-0.0157712537360704,-0.0007742001915756868,-0.002646262098407191,0.004983383339162203,-0.29090113976600246,-2.690456498769448,-9.751274203435424,-1.8254788714360786,1.253659367926956,-0.41737809573862605
2024-01-09 17:53:38.428187,0.8204470385839034,-0.1799630498445263,0.3674066450890623,0.9450164437294006,-0.017994658176557963,0.3219426899035897,-0.05452487915039051,0.011756072984928137,-0.000290668469300406,-0.0157712537360704,-0.0007742001915756868,-0.002646262098407191,0.004983383339162203,-0.29090113976600246,-2.690456498769448,-9.751274203435424,-1.8254788714360786,1.253659367926956,-0.41737809573862605
2024-01-09 17:53:38.440564,0.8212203135286748,-0.1799306129177563,0.3665214540232513,0.9449881911277771,-0.018092830042418583,0.32200649327118236,-0.054605823748382895,0.011756072984928137,-0.000290668469300406,-0.0157712537360704,-0.0007742001915756868,-0.002646262098407191,0.004983383339162203,-0.3527825435853146,-3.130885947271986,-10.317254281574524,-2.0181983287858674,1.2460029481121024,-0.40836079019021765
2024-01-09 17:53:38.453367,0.8212203135286748,-0.1799306129177563,0.3665214540232513,0.9449881911277771,-0.018092830042418583,0.32200649327118236,-0.054605823748382895,0.011756072984928137,-0.000290668469300406,-0.0157712537360704,-0.0007742001915756868,-0.002646262098407191,0.004983383339162203,-0.3695618763827477,-3.2084089210284006,-10.742700583459728,-2.113043843125334,1.2566783302645879,-0.39894970415377146
2024-01-09 17:53:38.466327,0.8214297924787769,-0.17992948578693033,0.3663261090013265,0.9449756741523743,-0.018165351973226183,0.32203480535475826,-0.05463155620717585,0.0130924343813843,7.044567662366219e-05,-0.012209063870300546,0.005980082043632522,-0.003411323154152107,-0.007752352693263329,-0.3695618763827477,-3.2084089210284006,-10.742700583459728,-2.113043843125334,1.2566783302645879,-0.39894970415377146
2024-01-09 17:53:38.478853,0.8216460259244373,-0.17990208094345295,0.36607276085283363,0.9449695348739624,-0.01815486739100736,0.32205275941530886,-0.054634772398386454,0.0130924343813843,7.044567662366219e-05,-0.012209063870300546,0.005980082043632522,-0.003411323154152107,-0.007752352693263329,-0.37409116530159275,-3.1723394896462604,-10.390714906325318,-2.0358009093439615,1.2712421293319716,-0.390410152249604
2024-01-09 17:53:38.491510,0.8216460259244373,-0.17990208094345295,0.36607276085283363,0.9449695348739624,-0.01815486739100736,0.32205275941530886,-0.054634772398386454,0.0130924343813843,7.044567662366219e-05,-0.012209063870300546,0.005980082043632522,-0.003411323154152107,-0.007752352693263329,-0.37409116530159275,-3.1723394896462604,-10.390714906325318,-2.0358009093439615,1.2712421293319716,-0.390410152249604
2024-01-09 17:53:38.504028,0.8216460259244373,-0.17990208094345295,0.36607276085283363,0.9449695348739624,-0.01815486739100736,0.32205275941530886,-0.054634772398386454,0.0130924343813843,7.044567662366219e-05,-0.012209063870300546,0.005980082043632522,-0.003411323154152107,-0.007752352693263329,-0.37409116530159275,-3.1723394896462604,-10.390714906325318,-2.0358009093439615,1.2712421293319716,-0.390410152249604
2024-01-09 17:53:38.516672,0.8216460259244373,-0.17990208094345295,0.36607276085283363,0.9449695348739624,-0.01815486739100736,0.32205275941530886,-0.054634772398386454,0.0130924343813843,7.044567662366219e-05,-0.012209063870300546,0.005980082043632522,-0.003411323154152107,-0.007752352693263329,-0.37409116530159275,-3.1723394896462604,-10.390714906325318,-2.0358009093439615,1.2712421293319716,-0.390410152249604
2024-01-09 17:53:38.529086,0.8222026813442137,-0.17988248997765793,0.36527336102891217,0.9449777603149414,-0.017954034561409565,0.32205429885696135,-0.05454971298095514,0.0130924343813843,7.044567662366219e-05,-0.012209063870300546,0.005980082043632522,-0.003411323154152107,-0.007752352693263329,-0.7722552511651966,-2.8227921965831597,-10.049558684186666,-1.8976821912163477,1.3513103063781133,-0.34751145676821377
2024-01-09 17:53:38.541657,0.8224369143540111,-0.1798833932088354,0.365058181834282,0.9449629783630371,-0.018073956211764733,0.32208143133086,-0.05460615844808551,0.0130924343813843,7.044567662366219e-05,-0.012209063870300546,0.005980082043632522,-0.003411323154152107,-0.007752352693263329,-0.7323018414769884,-3.1710612868623294,-10.53801768288498,-2.0398334539017537,1.3445925405201917,-0.36189848564539207
2024-01-09 17:53:38.554521,0.822649188922099,-0.17986951782283261,0.364853687373962,0.9449525475502014,-0.018198133100923643,0.3220927614904893,-0.05467883845059582,0.0130924343813843,7.044567662366219e-05,-0.012209063870300546,0.005980082043632522,-0.003411323154152107,-0.007752352693263329,-0.25762672747609283,-2.9373175129778546,-9.849101630406077,-1.8855891628848749,1.233897767842373,-0.4265338599688962
2024-01-09 17:53:38.567088,0.822649188922099,-0.17986951782283261,0.364853687373962,0.9449525475502014,-0.018198133100923643,0.3220927614904893,-0.05467883845059582,0.0130924343813843,7.044567662366219e-05,-0.012209063870300546,0.005980082043632522,-0.003411323154152107,-0.007752352693263329,-0.18822818316517806,-2.9254791517834007,-10.664998962747969,-2.008156162582142,1.22931977880384,-0.424696503256656
2024-01-09 17:53:38.580618,0.8228648556226051,-0.17986080770003393,0.3646434561074187,0.9449400305747986,-0.018275660713094066,0.32211784544813776,-0.05472167060699772,0.0130924343813843,7.044567662366219e-05,-0.012209063870300546,0.005980082043632522,-0.003411323154152107,-0.007752352693263329,-0.18822818316517806,-2.9254791517834007,-10.664998962747969,-2.008156162582142,1.22931977880384,-0.424696503256656
2024-01-09 17:53:38.594359,0.8230400024976807,-0.17984965068424194,0.364396714671175,0.9449419379234314,-0.018257301193447203,0.32211338393267863,-0.05472067232526697,0.0130924343813843,7.044567662366219e-05,-0.012209063870300546,0.005980082043632522,-0.003411323154152107,-0.007752352693263329,-0.20795980565040387,-2.894484947872399,-9.999773135676252,-1.9050488655759357,1.2255343248825312,-0.4158001488630232
2024-01-09 17:53:38.607460,0.8232208758967645,-0.17984296281218273,0.3641034772696436,0.9449449181556702,-0.018157604506506,0.32211782937722117,-0.054676588558412634,0.0130924343813843,7.044567662366219e-05,-0.012209063870300546,0.005980082043632522,-0.003411323154152107,-0.007752352693263329,-0.7724373761991977,-2.6451884727737323,-10.077046769332895,-1.8454835309591093,1.356823607357755,-0.35064602096509784
2024-01-09 17:53:38.620481,0.8232208758967645,-0.17984296281218273,0.3641034772696436,0.9449449181556702,-0.018157604506506,0.32211782937722117,-0.054676588558412634,0.0130924343813843,7.044567662366219e-05,-0.012209063870300546,0.005980082043632522,-0.003411323154152107,-0.007752352693263329,-0.7724373761991977,-2.6451884727737323,-10.077046769332895,-1.8454835309591093,1.356823607357755,-0.35064602096509784
2024-01-09 17:53:38.632843,0.8232208758967645,-0.17984296281218273,0.3641034772696436,0.9449449181556702,-0.018157604506506,0.32211782937722117,-0.054676588558412634,0.0130924343813843,7.044567662366219e-05,-0.012209063870300546,0.005980082043632522,-0.003411323154152107,-0.007752352693263329,-0.7724373761991977,-2.6451884727737323,-10.077046769332895,-1.8454835309591093,1.356823607357755,-0.35064602096509784
2024-01-09 17:53:38.645081,0.8232208758967645,-0.17984296281218273,0.3641034772696436,0.9449449181556702,-0.018157604506506,0.32211782937722117,-0.054676588558412634,0.0130924343813843,7.044567662366219e-05,-0.012209063870300546,0.005980082043632522,-0.003411323154152107,-0.007752352693263329,-0.7724373761991977,-2.6451884727737323,-10.077046769332895,-1.8454835309591093,1.356823607357755,-0.35064602096509784
2024-01-09 17:53:38.657494,0.8239006173799956,-0.17985396820011176,0.3632477107006122,0.9449171423912048,-0.018179010405997915,0.32218673786676627,-0.05474288737723173,0.0130924343813843,7.044567662366219e-05,-0.012209063870300546,0.005980082043632522,-0.003411323154152107,-0.007752352693263329,-0.6961940042364774,-2.9789233339775825,-10.00937720078407,-1.8881848710069218,1.3292626806336858,-0.37044452851913456
2024-01-09 17:53:38.669700,0.8239006173799956,-0.17985396820011176,0.3632477107006122,0.9449171423912048,-0.018179010405997915,0.32218673786676627,-0.05474288737723173,0.0130924343813843,7.044567662366219e-05,-0.012209063870300546,0.005980082043632522,-0.003411323154152107,-0.007752352693263329,-0.6961940042364774,-2.9789233339775825,-10.00937720078407,-1.8881848710069218,1.3292626806336858,-0.37044452851913456
2024-01-09 17:53:38.682172,0.8242093876155501,-0.17985711488549422,0.362918588682331,0.9449036121368408,-0.018342288165208335,0.322202820777281,-0.05482785620749727,0.0130924343813843,7.044567662366219e-05,-0.012209063870300546,0.005980082043632522,-0.003411323154152107,-0.007752352693263329,-0.42091110572977797,-3.11638748953565,-10.782700127185388,-2.057289461956156,1.2752816026449207,-0.3987503195186347
2024-01-09 17:53:38.694271,0.8242093876155501,-0.17985711488549422,0.362918588682331,0.9449036121368408,-0.018342288165208335,0.322202820777281,-0.05482785620749727,0.0130924343813843,7.044567662366219e-05,-0.012209063870300546,0.005980082043632522,-0.003411323154152107,-0.007752352693263329,-0.5855193713550552,-2.846571955404213,-10.005008253997802,-1.8617778261629736,1.3093526053408544,-0.3810385943453349
2024-01-09 17:53:38.706833,0.8243940087188871,-0.1798427330212678,0.3626602573847761,0.9449042677879333,-0.018363431774126387,0.3221964657703815,-0.0548466901026023,0.012308073555803803,0.0009587909484280269,-0.01722208650366171,0.003291915116556553,0.0009373231498829721,-0.0018066507687273588,-0.5855193713550552,-2.846571955404213,-10.005008253997802,-1.8617778261629736,1.3093526053408544,-0.3810385943453349
2024-01-09 17:53:38.719154,0.824555253000881,-0.1798507948503037,0.3623832525364176,0.9449102282524109,-0.01831195731802134,0.32218836937275513,-0.054808330861814046,0.012308073555803803,0.0009587909484280269,-0.01722208650366171,0.003291915116556553,0.0009373231498829721,-0.0018066507687273588,-0.8227084054363094,-2.52914241333398,-10.211333479631595,-1.814637480139161,1.369347863543536,-0.35446233204600935
2024-01-09 17:53:38.731445,0.824727593164092,-0.17985080451766344,0.36207671480233533,0.9449155926704407,-0.018219300243609807,0.3221866479364784,-0.0547571779944343,0.012308073555803803,0.0009587909484280269,-0.01722208650366171,0.003291915116556553,0.0009373231498829721,-0.0018066507687273588,-0.593352000126749,-3.039429290970753,-10.354846314607935,-1.9516060056577527,1.3134190105895067,-0.374152330846392
2024-01-09 17:53:38.743635,0.8248997691730557,-0.17984702404985922,0.36178873837767145,0.9449169039726257,-0.018130241034883487,0.3221938271909542,-0.054721314604703135,0.012308073555803803,0.0009587909484280269,-0.01722208650366171,0.003291915116556553,0.0009373231498829721,-0.0018066507687273588,-0.6456092955802293,-2.8383701656557845,-10.41938219324906,-1.9089787096619972,1.3205547482061817,-0.36496954080205546
2024-01-09 17:53:38.755955,0.8248997691730557,-0.17984702404985922,0.36178873837767145,0.9449169039726257,-0.018130241034883487,0.3221938271909542,-0.054721314604703135,0.012308073555803803,0.0009587909484280269,-0.01722208650366171,0.003291915116556553,0.0009373231498829721,-0.0018066507687273588,-0.9552933048251532,-2.8867229851515384,-10.611957033625057,-1.9595637623606372,1.3705374436893452,-0.3321499258561293
2024-01-09 17:53:38.768252,0.825100938102852,-0.17984879113009894,0.3615289525407794,0.944911539554596,-0.018187277647871675,0.3221996883042632,-0.05476076057681517,0.012308073555803803,0.0009587909484280269,-0.01722208650366171,0.003291915116556553,0.0009373231498829721,-0.0018066507687273588,-0.9552933048251532,-2.8867229851515384,-10.611957033625057,-1.9595637623606372,1.3705374436893452,-0.3321499258561293
2024-01-09 17:53:38.780643,0.8253338655678544,-0.1798343049508062,0.3612748256229539,0.9449015259742737,-0.018339484682037287,0.3222025503491402,-0.05486638265445849,0.012308073555803803,0.0009587909484280269,-0.01722208650366171,0.003291915116556553,0.0009373231498829721,-0.0018066507687273588,-0.5826432549504376,-2.98474640934364,-10.210413021482136,-1.9298983060943293,1.2731392355447357,-0.375906463827908
2024-01-09 17:53:38.792956,0.8253338655678544,-0.1798343049508062,0.3612748256229539,0.9449015259742737,-0.018339484682037287,0.3222025503491402,-0.05486638265445849,0.012308073555803803,0.0009587909484280269,-0.01722208650366171,0.003291915116556553,0.0009373231498829721,-0.0018066507687273588,-0.5826432549504376,-2.98474640934364,-10.210413021482136,-1.9298983060943293,1.2731392355447357,-0.375906463827908
2024-01-09 17:53:38.805510,0.8253338655678544,-0.1798343049508062,0.3612748256229539,0.9449015259742737,-0.018339484682037287,0.3222025503491402,-0.05486638265445849,0.012308073555803803,0.0009587909484280269,-0.01722208650366171,0.003291915116556553,0.0009373231498829721,-0.0018066507687273588,-0.5826432549504376,-2.98474640934364,-10.210413021482136,-1.9298983060943293,1.2731392355447357,-0.375906463827908
2024-01-09 17:53:38.817632,0.8253338655678544,-0.1798343049508062,0.3612748256229539,0.9449015259742737,-0.018339484682037287,0.3222025503491402,-0.05486638265445849,0.012308073555803803,0.0009587909484280269,-0.01722208650366171,0.003291915116556553,0.0009373231498829721,-0.0018066507687273588,-0.5826432549504376,-2.98474640934364,-10.210413021482136,-1.9298983060943293,1.2731392355447357,-0.375906463827908
2024-01-09 17:53:38.830222,0.8259514791241016,-0.1798164249513187,0.3604465780595687,0.9448873996734619,-0.018433905772610747,0.3222215433836288,-0.05496604313492734,0.012308073555803803,0.0009587909484280269,-0.01722208650366171,0.003291915116556553,0.0009373231498829721,-0.0018066507687273588,-0.8979505202065982,-2.5578022094145556,-10.16843427245927,-1.8345618910429813,1.3503887258458906,-0.3350945092833178
2024-01-09 17:53:38.842559,0.8259514791241016,-0.1798164249513187,0.3604465780595687,0.9448873996734619,-0.018433905772610747,0.3222215433836288,-0.05496604313492734,0.012308073555803803,0.0009587909484280269,-0.01722208650366171,0.003291915116556553,0.0009373231498829721,-0.0018066507687273588,-0.8979505202065982,-2.5578022094145556,-10.16843427245927,-1.8345618910429813,1.3503887258458906,-0.3350945092833178
2024-01-09 17:53:38.856129,0.8259514791241016,-0.1798164249513187,0.3604465780595687,0.9448873996734619,-0.018433905772610747,0.3222215433836288,-0.05496604313492734,0.012308073555803803,0.0009587909484280269,-0.01722208650366171,0.003291915116556553,0.0009373231498829721,-0.0018066507687273588,-0.8979505202065982,-2.5578022094145556,-10.16843427245927,-1.8345618910429813,1.3503887258458906,-0.3350945092833178
2024-01-09 17:53:38.869740,0.8259514791241016,-0.1798164249513187,0.3604465780595687,0.9448873996734619,-0.018433905772610747,0.3222215433836288,-0.05496604313492734,0.012308073555803803,0.0009587909484280269,-0.01722208650366171,0.003291915116556553,0.0009373231498829721,-0.0018066507687273588,-0.8979505202065982,-2.5578022094145556,-10.16843427245927,-1.8345618910429813,1.3503887258458906,-0.3350945092833178
2024-01-09 17:53:38.882903,0.8259514791241016,-0.1798164249513187,0.3604465780595687,0.9448873996734619,-0.018433905772610747,0.3222215433836288,-0.05496604313492734,0.012308073555803803,0.0009587909484280269,-0.01722208650366171,0.003291915116556553,0.0009373231498829721,-0.0018066507687273588,-0.8979505202065982,-2.5578022094145556,-10.16843427245927,-1.8345618910429813,1.3503887258458906,-0.3350945092833178
2024-01-09 17:53:38.895618,0.8267453475765544,-0.17976544404227165,0.3593588693897687,0.9448695778846741,-0.018450610542350383,0.32225622580098384,-0.05506319002604874,0.012308073555803803,0.0009587909484280269,-0.01722208650366171,0.003291915116556553,0.0009373231498829721,-0.0018066507687273588,-0.6608617819695055,-2.7648340201366546,-10.131570432170056,-1.885270424355517,1.2951655455954636,-0.3574765868898589
2024-01-09 17:53:38.907817,0.8267453475765544,-0.17976544404227165,0.3593588693897687,0.9448695778846741,-0.018450610542350383,0.32225622580098384,-0.05506319002604874,0.012308073555803803,0.0009587909484280269,-0.01722208650366171,0.003291915116556553,0.0009373231498829721,-0.0018066507687273588,-0.6374346136729427,-2.8978332744842743,-10.16451934617394,-1.9260891686034247,1.2824458222140664,-0.35888968289089324
2024-01-09 17:53:38.920656,0.8269412466554315,-0.1797624074095744,0.359135348559572,0.9448626041412354,-0.018542503732061087,0.3222640413004886,-0.05510684662657878,0.012308073555803803,0.0009587909484280269,-0.01722208650366171,0.003291915116556553,0.0009373231498829721,-0.0018066507687273588,-0.6374346136729427,-2.8978332744842743,-10.16451934617394,-1.9260891686034247,1.2824458222140664,-0.35888968289089324
2024-01-09 17:53:38.932954,0.8271406529472907,-0.17975501810683342,0.35890410532222267,0.9448544383049011,-0.018568216501612212,0.32228569116099154,-0.05511103695021236,0.012308073555803803,0.0009587909484280269,-0.01722208650366171,0.003291915116556553,0.0009373231498829721,-0.0018066507687273588,-0.11365823882007638,-3.1997187390391404,-10.504935685905572,-2.052435945042183,1.1661171054147277,-0.4119489699265857
2024-01-09 17:53:38.946501,0.82734790777737,-0.17975413057158832,0.3586111934485897,0.9448516964912415,-0.018528157230659422,0.32230170999710844,-0.055078170476542135,0.011514157226629369,4.930751361684501e-05,-0.016272881868497253,-0.0049012111520427715,-0.001957394652755692,0.0029248956125989467,-0.3491197734120156,-2.8814432976027367,-10.35917877371868,-1.965311052568222,1.211239440239748,-0.3798882222476524
2024-01-09 17:53:38.960334,0.8275358785730204,-0.1797524684466584,0.3583693643443589,0.944843053817749,-0.018482865973387944,0.3223351828494956,-0.05504558544245874,0.011514157226629369,4.930751361684501e-05,-0.016272881868497253,-0.0049012111520427715,-0.001957394652755692,0.0029248956125989467,-0.5649946234913922,-2.936548322421616,-11.032197989051138,-2.0876893417047357,1.2587145452752175,-0.3445995706419352
2024-01-09 17:53:38.974330,0.8276958309122467,-0.17974199642567396,0.3581191708051718,0.9448415040969849,-0.01839650484804889,0.32235031800515296,-0.05501205937350984,0.011514157226629369,4.930751361684501e-05,-0.016272881868497253,-0.0049012111520427715,-0.001957394652755692,0.0029248956125989467,-0.6237912637908813,-3.0178908859082814,-10.5822668421611,-2.0332724889991014,1.2656851869528205,-0.3425330567805219
2024-01-09 17:53:38.987751,0.8278531464076541,-0.17972587316600105,0.35792005977571306,0.9448348879814148,-0.018359637762875445,0.32237322704721094,-0.055004031565838954,0.011514157226629369,4.930751361684501e-05,-0.016272881868497253,-0.0049012111520427715,-0.001957394652755692,0.0029248956125989467,-0.9035883289918313,-3.2826641361031537,-10.89392142231456,-2.1164544826389826,1.336415306204188,-0.30592220703451556
2024-01-09 17:53:39.000333,0.8278531464076541,-0.17972587316600105,0.35792005977571306,0.9448348879814148,-0.018359637762875445,0.32237322704721094,-0.055004031565838954,0.011514157226629369,4.930751361684501e-05,-0.016272881868497253,-0.0049012111520427715,-0.001957394652755692,0.0029248956125989467,-0.9035883289918313,-3.2826641361031537,-10.89392142231456,-2.1164544826389826,1.336415306204188,-0.30592220703451556
2024-01-09 17:53:39.012683,0.8280439496355774,-0.17971647790450226,0.35769572770990715,0.9448297619819641,-0.018445245137131482,0.3223756107857879,-0.055049391527956196,0.011514157226629369,4.930751361684501e-05,-0.016272881868497253,-0.0049012111520427715,-0.001957394652755692,0.0029248956125989467,-1.2254025195985008,-3.1095176053948785,-10.594317074163296,-2.0379263971496377,1.3986466394656545,-0.2761570502879943
2024-01-09 17:53:39.026471,0.8282781337523702,-0.1797007590667349,0.35745446028069155,0.9448217153549194,-0.01856804839819225,0.3223843590774789,-0.05509535012834302,0.011514157226629369,4.930751361684501e-05,-0.016272881868497253,-0.0049012111520427715,-0.001957394652755692,0.0029248956125989467,-1.1111935007532856,-3.3518784294647035,-11.22613513769132,-2.1759781608577162,1.37725691671422,-0.2974270208518881
2024-01-09 17:53:39.038962,0.8282781337523702,-0.1797007590667349,0.35745446028069155,0.9448217153549194,-0.01856804839819225,0.3223843590774789,-0.05509535012834302,0.011514157226629369,4.930751361684501e-05,-0.016272881868497253,-0.0049012111520427715,-0.001957394652755692,0.0029248956125989467,-1.1111935007532856,-3.3518784294647035,-11.22613513769132,-2.1759781608577162,1.37725691671422,-0.2974270208518881
2024-01-09 17:53:39.051237,0.8282781337523702,-0.1797007590667349,0.35745446028069155,0.9448217153549194,-0.01856804839819225,0.3223843590774789,-0.05509535012834302,0.011514157226629369,4.930751361684501e-05,-0.016272881868497253,-0.0049012111520427715,-0.001957394652755692,0.0029248956125989467,-1.1111935007532856,-3.3518784294647035,-11.22613513769132,-2.1759781608577162,1.37725691671422,-0.2974270208518881
2024-01-09 17:53:39.063664,0.8282781337523702,-0.1797007590667349,0.35745446028069155,0.9448217153549194,-0.01856804839819225,0.3223843590774789,-0.05509535012834302,0.011514157226629369,4.930751361684501e-05,-0.016272881868497253,-0.0049012111520427715,-0.001957394652755692,0.0029248956125989467,-1.1111935007532856,-3.3518784294647035,-11.22613513769132,-2.1759781608577162,1.37725691671422,-0.2974270208518881
2024-01-09 17:53:39.075841,0.8288966319267441,-0.17965887855005475,0.3565045036397552,0.9448440670967102,-0.01854849924520794,0.3223387109740376,-0.05498506117573613,0.011514157226629369,4.930751361684501e-05,-0.016272881868497253,-0.0049012111520427715,-0.001957394652755692,0.0029248956125989467,-0.664051281651499,-3.483091139344502,-10.827364211032524,-2.1162307779134317,1.299307485967633,-0.3425359197369351
2024-01-09 17:53:39.088334,0.8288966319267441,-0.17965887855005475,0.3565045036397552,0.9448440670967102,-0.01854849924520794,0.3223387109740376,-0.05498506117573613,0.011514157226629369,4.930751361684501e-05,-0.016272881868497253,-0.0049012111520427715,-0.001957394652755692,0.0029248956125989467,-0.664051281651499,-3.483091139344502,-10.827364211032524,-2.1162307779134317,1.299307485967633,-0.3425359197369351
2024-01-09 17:53:39.100552,0.8291139442436147,-0.1796188355029113,0.3561914007855196,0.9448486566543579,-0.018574366486984642,0.3223242152676263,-0.05498286333441279,0.011514157226629369,4.930751361684501e-05,-0.016272881868497253,-0.0049012111520427715,-0.001957394652755692,0.0029248956125989467,-1.0503068142752032,-3.242999188814951,-10.84222615462118,-2.075562446109402,1.358633403809872,-0.3045208106854485
2024-01-09 17:53:39.112607,0.8292912640980695,-0.1796153064257475,0.3559400483073752,0.9448466897010803,-0.018597695242956624,0.3223305773953373,-0.054971197853800835,0.011514157226629369,4.930751361684501e-05,-0.016272881868497253,-0.0049012111520427715,-0.001957394652755692,0.0029248956125989467,-1.473895742985832,-2.641514598844346,-10.688939135569116,-1.903403187781142,1.4574421619028475,-0.2599274162983614
2024-01-09 17:53:39.124938,0.8294734736002741,-0.1795934947101874,0.3557020206762792,0.9448403716087341,-0.018628778292561286,0.3223446566323226,-0.05498667660873471,0.011514157226629369,4.930751361684501e-05,-0.016272881868497253,-0.0049012111520427715,-0.001957394652755692,0.0029248956125989467,-0.8617575984009496,-3.5023975122348188,-11.117285653031804,-2.16837955581518,1.3098472394948166,-0.3226246346957627
2024-01-09 17:53:39.136957,0.8294734736002741,-0.1795934947101874,0.3557020206762792,0.9448403716087341,-0.018628778292561286,0.3223446566323226,-0.05498667660873471,0.011514157226629369,4.930751361684501e-05,-0.016272881868497253,-0.0049012111520427715,-0.001957394652755692,0.0029248956125989467,-0.8617575984009496,-3.5023975122348188,-11.117285653031804,-2.16837955581518,1.3098472394948166,-0.3226246346957627
2024-01-09 17:53:39.149255,0.829677651720757,-0.17957942453665185,0.3554544380209549,0.944832444190979,-0.018688452404343747,0.3223606984759873,-0.05500878934941394,0.012010477675464749,0.0008276572667971737,-0.014563685607312868,0.0047371416000491695,-0.0017462346518559218,-0.0059158061091891265,-1.1064112461519906,-3.057643572532708,-11.196555467833448,-2.080030189445086,1.3579604355899393,-0.2954238278431651
2024-01-09 17:53:39.161436,0.8298491464364677,-0.17956329281713948,0.3552174822966137,0.9448317885398865,-0.01872318769789668,0.32235716049177676,-0.055029127435291675,0.012010477675464749,0.0008276572667971737,-0.014563685607312868,0.0047371416000491695,-0.0017462346518559218,-0.0059158061091891265,-0.8358330181048099,-3.2840580083822717,-10.770816289962832,-2.071998668741571,1.289910277331782,-0.3278154300612008
2024-01-09 17:53:39.173390,0.8298491464364677,-0.17956329281713948,0.3552174822966137,0.9448317885398865,-0.01872318769789668,0.32235716049177676,-0.055029127435291675,0.012010477675464749,0.0008276572667971737,-0.014563685607312868,0.0047371416000491695,-0.0017462346518559218,-0.0059158061091891265,-0.9422936731694707,-2.903069536135992,-10.445399627805372,-1.9296481744483192,1.3114883439763891,-0.3158218847769473
2024-01-09 17:53:39.185933,0.8300576396523436,-0.17954352858679268,0.354891049163943,0.9448345303535461,-0.018740559178400958,0.32234393513228116,-0.055053522718438636,0.012010477675464749,0.0008276572667971737,-0.014563685607312868,0.0047371416000491695,-0.0017462346518559218,-0.0059158061091891265,-0.9422936731694707,-2.903069536135992,-10.445399627805372,-1.9296481744483192,1.3114883439763891,-0.3158218847769473
2024-01-09 17:53:39.198284,0.83025301163631,-0.1795275285496814,0.35462368510414366,0.944830596446991,-0.018768024903253328,0.32235139610865227,-0.05506814060092654,0.012010477675464749,0.0008276572667971737,-0.014563685607312868,0.0047371416000491695,-0.0017462346518559218,-0.0059158061091891265,-0.5448232252632679,-3.3408039459501713,-10.983127991468475,-2.1223813741735076,1.2182875117002512,-0.3703705693799265
2024-01-09 17:53:39.210613,0.83025301163631,-0.1795275285496814,0.35462368510414366,0.944830596446991,-0.018768024903253328,0.32235139610865227,-0.05506814060092654,0.012010477675464749,0.0008276572667971737,-0.014563685607312868,0.0047371416000491695,-0.0017462346518559218,-0.0059158061091891265,-0.5448232252632679,-3.3408039459501713,-10.983127991468475,-2.1223813741735076,1.2182875117002512,-0.3703705693799265
2024-01-09 17:53:39.223021,0.83025301163631,-0.1795275285496814,0.35462368510414366,0.944830596446991,-0.018768024903253328,0.32235139610865227,-0.05506814060092654,0.012010477675464749,0.0008276572667971737,-0.014563685607312868,0.0047371416000491695,-0.0017462346518559218,-0.0059158061091891265,-0.5448232252632679,-3.3408039459501713,-10.983127991468475,-2.1223813741735076,1.2182875117002512,-0.3703705693799265
2024-01-09 17:53:39.235217,0.83025301163631,-0.1795275285496814,0.35462368510414366,0.944830596446991,-0.018768024903253328,0.32235139610865227,-0.05506814060092654,0.012010477675464749,0.0008276572667971737,-0.014563685607312868,0.0047371416000491695,-0.0017462346518559218,-0.0059158061091891265,-0.5448232252632679,-3.3408039459501713,-10.983127991468475,-2.1223813741735076,1.2182875117002512,-0.3703705693799265
2024-01-09 17:53:39.247411,0.8308109303076465,-0.17949690164104204,0.35374233697862495,0.9448230862617493,-0.018730221173471093,0.3223735881873955,-0.05508014799282126,0.012010477675464749,0.0008276572667971737,-0.014563685607312868,0.0047371416000491695,-0.0017462346518559218,-0.0059158061091891265,-0.6973157657389824,-2.9681809230247116,-10.994193807016398,-2.02259268657126,1.2571204377041605,-0.3459244215552948
2024-01-09 17:53:39.259525,0.8308109303076465,-0.17949690164104204,0.35374233697862495,0.9448230862617493,-0.018730221173471093,0.3223735881873955,-0.05508014799282126,0.012010477675464749,0.0008276572667971737,-0.014563685607312868,0.0047371416000491695,-0.0017462346518559218,-0.0059158061091891265,-0.6973157657389824,-2.9681809230247116,-10.994193807016398,-2.02259268657126,1.2571204377041605,-0.3459244215552948
2024-01-09 17:53:39.271622,0.8308109303076465,-0.17949690164104204,0.35374233697862495,0.9448230862617493,-0.018730221173471093,0.3223735881873955,-0.05508014799282126,0.012010477675464749,0.0008276572667971737,-0.014563685607312868,0.0047371416000491695,-0.0017462346518559218,-0.0059158061091891265,-0.6973157657389824,-2.9681809230247116,-10.994193807016398,-2.02259268657126,1.2571204377041605,-0.3459244215552948
2024-01-09 17:53:39.284022,0.8308109303076465,-0.17949690164104204,0.35374233697862495,0.9448230862617493,-0.018730221173471093,0.3223735881873955,-0.05508014799282126,0.012010477675464749,0.0008276572667971737,-0.014563685607312868,0.0047371416000491695,-0.0017462346518559218,-0.0059158061091891265,-0.6973157657389824,-2.9681809230247116,-10.994193807016398,-2.02259268657126,1.2571204377041605,-0.3459244215552948
2024-01-09 17:53:39.296183,0.8308109303076465,-0.17949690164104204,0.35374233697862495,0.9448230862617493,-0.018730221173471093,0.3223735881873955,-0.05508014799282126,0.012010477675464749,0.0008276572667971737,-0.014563685607312868,0.0047371416000491695,-0.0017462346518559218,-0.0059158061091891265,-0.6973157657389824,-2.9681809230247116,-10.994193807016398,-2.02259268657126,1.2571204377041605,-0.3459244215552948
2024-01-09 17:53:39.308593,0.8314973892459881,-0.17952341550492795,0.35276166595539826,0.9448017477989197,-0.018885169989930176,0.32240942269326467,-0.055182919672077245,0.012010477675464749,0.0008276572667971737,-0.014563685607312868,0.0047371416000491695,-0.0017462346518559218,-0.0059158061091891265,-0.26565131976832895,-2.8416961490138717,-10.739675181005854,-1.9511818365957154,1.1624541534057822,-0.4090741500456863
2024-01-09 17:53:39.321461,0.8316705697206124,-0.17952589876347272,0.35249246953156516,0.9448009133338928,-0.018917764519118776,0.3224047553731442,-0.05521319790252437,0.012010477675464749,0.0008276572667971737,-0.014563685607312868,0.0047371416000491695,-0.0017462346518559218,-0.0059158061091891265,-0.6104960334800497,-2.5474981129994765,-10.17779631414142,-1.794484008575415,1.2356046455466383,-0.36080969476998737
2024-01-09 17:53:39.333616,0.8318388700460084,-0.1795259966555416,0.35219462584567757,0.9448014497756958,-0.01886347869824682,0.32240835321027456,-0.05520155093994096,0.012010477675464749,0.0008276572667971737,-0.014563685607312868,0.0047371416000491695,-0.0017462346518559218,-0.0059158061091891265,-0.367745351392643,-2.6120322782048064,-9.832712290566363,-1.751390086063319,1.1879489714738225,-0.39775106230855956
2024-01-09 17:53:39.345905,0.8318388700460084,-0.1795259966555416,0.35219462584567757,0.9448014497756958,-0.01886347869824682,0.32240835321027456,-0.05520155093994096,0.012010477675464749,0.0008276572667971737,-0.014563685607312868,0.0047371416000491695,-0.0017462346518559218,-0.0059158061091891265,-0.367745351392643,-2.6120322782048064,-9.832712290566363,-1.751390086063319,1.1879489714738225,-0.39775106230855956
2024-01-09 17:53:39.358155,0.8320420859822204,-0.17951931064177706,0.3518207971759807,0.9448021650314331,-0.018755630767114114,0.32241625711955174,-0.05517990181570048,0.012010477675464749,0.0008276572667971737,-0.014563685607312868,0.0047371416000491695,-0.0017462346518559218,-0.0059158061091891265,-0.8816982402333393,-2.749821665919112,-10.83774665585582,-1.9415237843082898,1.2988799486831746,-0.3308953133877576
2024-01-09 17:53:39.370306,0.8322310602806654,-0.17951680027262976,0.35154186112730684,0.9447991847991943,-0.01878457616953151,0.3224184915386293,-0.05520824540713236,0.012010477675464749,0.0008276572667971737,-0.014563685607312868,0.0047371416000491695,-0.0017462346518559218,-0.0059158061091891265,-0.8739334032576153,-2.726478192645468,-10.21637887353715,-1.8364911627379217,1.2897767213982516,-0.33779565067623274
2024-01-09 17:53:39.382650,0.8324069110605631,-0.1795129816452318,0.35131762847379616,0.9447950720787048,-0.018884564379440152,0.3224155220895349,-0.05526140110054116,0.011723385326511957,0.0002545751598637125,-0.014948843567378725,0.01103231193803124,0.0008001576541484505,-0.010299162448350822,-1.1245172997038706,-2.753888140818109,-10.538832261732475,-1.8820874326154562,1.348849655972956,-0.3077140513820247
2024-01-09 17:53:39.394901,0.8324069110605631,-0.1795129816452318,0.35131762847379616,0.9447950720787048,-0.018884564379440152,0.3224155220895349,-0.05526140110054116,0.011723385326511957,0.0002545751598637125,-0.014948843567378725,0.01103231193803124,0.0008001576541484505,-0.010299162448350822,-0.8621251953765493,-2.865878023373935,-10.472732579229271,-1.9226008986217105,1.2705410576790515,-0.35024158157346436
2024-01-09 17:53:39.407191,0.8326005216867561,-0.17950782528770673,0.351048301403089,0.9447928071022034,-0.018963415477538523,0.3224101668252563,-0.05530457812427777,0.011723385326511957,0.0002545751598637125,-0.014948843567378725,0.01103231193803124,0.0008001576541484505,-0.010299162448350822,-0.8621251953765493,-2.865878023373935,-10.472732579229271,-1.9226008986217105,1.2705410576790515,-0.35024158157346436
2024-01-09 17:53:39.420037,0.8327664234225572,-0.17949362152374332,0.3508043604573854,0.944786787033081,-0.01895908472876802,0.32242804929147595,-0.05530499747153882,0.011723385326511957,0.0002545751598637125,-0.014948843567378725,0.01103231193803124,0.0008001576541484505,-0.010299162448350822,-0.8408633218554834,-2.8664583598408853,-10.51933662436346,-1.9259482221105095,1.2895335262645764,-0.3390022418840621
2024-01-09 17:53:39.432219,0.8329600431919342,-0.17948829974235958,0.350481322703392,0.944786548614502,-0.018907527860982657,0.3224371132122297,-0.055273358807810744,0.011723385326511957,0.0002545751598637125,-0.014948843567378725,0.01103231193803124,0.0008001576541484505,-0.010299162448350822,-0.7623077096362536,-3.003311360990592,-11.052715468913297,-2.0598702278151086,1.2659048133942927,-0.3399405168648479
2024-01-09 17:53:39.444558,0.8329600431919342,-0.17948829974235958,0.350481322703392,0.944786548614502,-0.018907527860982657,0.3224371132122297,-0.055273358807810744,0.011723385326511957,0.0002545751598637125,-0.014948843567378725,0.01103231193803124,0.0008001576541484505,-0.010299162448350822,-0.7623077096362536,-3.003311360990592,-11.052715468913297,-2.0598702278151086,1.2659048133942927,-0.3399405168648479
2024-01-09 17:53:39.456776,0.8329600431919342,-0.17948829974235958,0.350481322703392,0.944786548614502,-0.018907527860982657,0.3224371132122297,-0.055273358807810744,0.011723385326511957,0.0002545751598637125,-0.014948843567378725,0.01103231193803124,0.0008001576541484505,-0.010299162448350822,-0.7623077096362536,-3.003311360990592,-11.052715468913297,-2.0598702278151086,1.2659048133942927,-0.3399405168648479
2024-01-09 17:53:39.470199,0.8329600431919342,-0.17948829974235958,0.350481322703392,0.944786548614502,-0.018907527860982657,0.3224371132122297,-0.055273358807810744,0.011723385326511957,0.0002545751598637125,-0.014948843567378725,0.01103231193803124,0.0008001576541484505,-0.010299162448350822,-0.7623077096362536,-3.003311360990592,-11.052715468913297,-2.0598702278151086,1.2659048133942927,-0.3399405168648479
2024-01-09 17:53:39.483642,0.8329600431919342,-0.17948829974235958,0.350481322703392,0.944786548614502,-0.018907527860982657,0.3224371132122297,-0.055273358807810744,0.011723385326511957,0.0002545751598637125,-0.014948843567378725,0.01103231193803124,0.0008001576541484505,-0.010299162448350822,-0.7623077096362536,-3.003311360990592,-11.052715468913297,-2.0598702278151086,1.2659048133942927,-0.3399405168648479
2024-01-09 17:53:39.497345,0.8336245662252664,-0.17939096177873803,0.3495453195625437,0.944781482219696,-0.018963395980703093,0.3224392686195491,-0.05532874946631311,0.011723385326511957,0.0002545751598637125,-0.014948843567378725,0.01103231193803124,0.0008001576541484505,-0.010299162448350822,-1.081252611165987,-3.4080254055322103,-11.070024605577302,-2.1387086737021157,1.3205350356582088,-0.30084321538372527
2024-01-09 17:53:39.510227,0.8338158849685232,-0.17937224903082122,0.3493003530992593,0.944779634475708,-0.01902372200937635,0.3224388274220125,-0.055342128212312255,0.011723385326511957,0.0002545751598637125,-0.014948843567378725,0.01103231193803124,0.0008001576541484505,-0.010299162448350822,-1.35734313347687,-3.3030042366911223,-11.299807686320005,-2.1581698269397727,1.3794133298172107,-0.26743431518807104
2024-01-09 17:53:39.523173,0.8339976393312655,-0.17936813892012002,0.34904226918852177,0.9447811841964722,-0.019053399013679945,0.32243564375071737,-0.05532353834209661,0.011723385326511957,0.0002545751598637125,-0.014948843567378725,0.01103231193803124,0.0008001576541484505,-0.010299162448350822,-1.1234853028447926,-3.135397247470349,-11.177195533270336,-2.0980077083548703,1.3452926505878975,-0.29368730728243286
2024-01-09 17:53:39.535480,0.8341669122289925,-0.17935293361643104,0.3487659295041912,0.9447876214981079,-0.019023502348863696,0.32242628152168923,-0.055279199458058974,0.011723385326511957,0.0002545751598637125,-0.014948843567378725,0.01103231193803124,0.0008001576541484505,-0.010299162448350822,-0.8118204960227897,-3.2772405560744513,-10.670604844627238,-2.0393576432406038,1.2817890812597377,-0.32918560732259244
2024-01-09 17:53:39.547808,0.8341669122289925,-0.17935293361643104,0.3487659295041912,0.9447876214981079,-0.019023502348863696,0.32242628152168923,-0.055279199458058974,0.011723385326511957,0.0002545751598637125,-0.014948843567378725,0.01103231193803124,0.0008001576541484505,-0.010299162448350822,-1.0389982014951686,-3.290117397372037,-11.0939441600037,-2.1006268221849744,1.3394509531300944,-0.298626826870914
2024-01-09 17:53:39.560159,0.8343308379243761,-0.17934377554403913,0.3484908309544743,0.9447934031486511,-0.018975218700300278,0.32242140115591517,-0.055224897630590804,0.011723385326511957,0.0002545751598637125,-0.014948843567378725,0.01103231193803124,0.0008001576541484505,-0.010299162448350822,-1.0389982014951686,-3.290117397372037,-11.0939441600037,-2.1006268221849744,1.3394509531300944,-0.298626826870914
2024-01-09 17:53:39.572629,0.8343308379243761,-0.17934377554403913,0.3484908309544743,0.9447934031486511,-0.018975218700300278,0.32242140115591517,-0.055224897630590804,0.011723385326511957,0.0002545751598637125,-0.014948843567378725,0.01103231193803124,0.0008001576541484505,-0.010299162448350822,-1.0389982014951686,-3.290117397372037,-11.0939441600037,-2.1006268221849744,1.3394509531300944,-0.298626826870914
2024-01-09 17:53:39.584894,0.8343308379243761,-0.17934377554403913,0.3484908309544743,0.9447934031486511,-0.018975218700300278,0.32242140115591517,-0.055224897630590804,0.011723385326511957,0.0002545751598637125,-0.014948843567378725,0.01103231193803124,0.0008001576541484505,-0.010299162448350822,-1.0389982014951686,-3.290117397372037,-11.0939441600037,-2.1006268221849744,1.3394509531300944,-0.298626826870914
2024-01-09 17:53:39.597845,0.8343308379243761,-0.17934377554403913,0.3484908309544743,0.9447934031486511,-0.018975218700300278,0.32242140115591517,-0.055224897630590804,0.011723385326511957,0.0002545751598637125,-0.014948843567378725,0.01103231193803124,0.0008001576541484505,-0.010299162448350822,-0.8303218015977141,-3.191805470297007,-10.829232910161778,-2.0340093830723984,1.2779204959997996,-0.3304903794571609
2024-01-09 17:53:39.610119,0.8348947401549286,-0.17927007689853555,0.34763841901644554,0.9447993040084839,-0.01902049452051552,0.32239942598731014,-0.05523697504372022,0.011723385326511957,0.0002545751598637125,-0.014948843567378725,0.01103231193803124,0.0008001576541484505,-0.010299162448350822,-0.8303218015977141,-3.191805470297007,-10.829232910161778,-2.0340093830723984,1.2779204959997996,-0.3304903794571609
2024-01-09 17:53:39.622572,0.835087526452104,-0.17926198050568803,0.34738142383964243,0.9447985291481018,-0.019132748939618405,0.3223870489991931,-0.05528342258057136,0.01285241981169675,0.0005397595231678338,-0.017133011786873986,0.010713677086856098,0.0022348126190183263,-0.012055241155315807,-1.2387768463214572,-2.682555520258448,-10.796075945505592,-1.9108605883654972,1.367747545155649,-0.28669314675625174
2024-01-09 17:53:39.634888,0.8352668963302843,-0.17925632783837292,0.3471394373313206,0.9447979927062988,-0.019212225490720016,0.3223804947215675,-0.055303638181087286,0.01285241981169675,0.0005397595231678338,-0.017133011786873986,0.010713677086856098,0.0022348126190183263,-0.012055241155315807,-0.49370906849806817,-3.245474028305315,-11.153301851308218,-2.1032863237843964,1.208775968680036,-0.3766223154581995
2024-01-09 17:53:39.648213,0.8352668963302843,-0.17925632783837292,0.3471394373313206,0.9447979927062988,-0.019212225490720016,0.3223804947215675,-0.055303638181087286,0.01285241981169675,0.0005397595231678338,-0.017133011786873986,0.010713677086856098,0.0022348126190183263,-0.012055241155315807,-0.49370906849806817,-3.245474028305315,-11.153301851308218,-2.1032863237843964,1.208775968680036,-0.3766223154581995
2024-01-09 17:53:39.661625,0.8352668963302843,-0.17925632783837292,0.3471394373313206,0.9447979927062988,-0.019212225490720016,0.3223804947215675,-0.055303638181087286,0.01285241981169675,0.0005397595231678338,-0.017133011786873986,0.010713677086856098,0.0022348126190183263,-0.012055241155315807,-0.49370906849806817,-3.245474028305315,-11.153301851308218,-2.1032863237843964,1.208775968680036,-0.3766223154581995
2024-01-09 17:53:39.675564,0.8352668963302843,-0.17925632783837292,0.3471394373313206,0.9447979927062988,-0.019212225490720016,0.3223804947215675,-0.055303638181087286,0.01285241981169675,0.0005397595231678338,-0.017133011786873986,0.010713677086856098,0.0022348126190183263,-0.012055241155315807,-0.49370906849806817,-3.245474028305315,-11.153301851308218,-2.1032863237843964,1.208775968680036,-0.3766223154581995
2024-01-09 17:53:39.689232,0.8352668963302843,-0.17925632783837292,0.3471394373313206,0.9447979927062988,-0.019212225490720016,0.3223804947215675,-0.055303638181087286,0.01285241981169675,0.0005397595231678338,-0.017133011786873986,0.010713677086856098,0.0022348126190183263,-0.012055241155315807,-0.6524802675489552,-2.9672887503140037,-10.723936035020495,-1.95907039035191,1.2555907114685418,-0.3485380251969599
2024-01-09 17:53:39.702246,0.8358178635991613,-0.17923971673428604,0.34618610908753844,0.9448143839836121,-0.019106311102920756,0.32235928773025396,-0.05518368527921116,0.01285241981169675,0.0005397595231678338,-0.017133011786873986,0.010713677086856098,0.0022348126190183263,-0.012055241155315807,-0.6524802675489552,-2.9672887503140037,-10.723936035020495,-1.95907039035191,1.2555907114685418,-0.3485380251969599
2024-01-09 17:53:39.714699,0.8358178635991613,-0.17923971673428604,0.34618610908753844,0.9448143839836121,-0.019106311102920756,0.32235928773025396,-0.05518368527921116,0.01285241981169675,0.0005397595231678338,-0.017133011786873986,0.010713677086856098,0.0022348126190183263,-0.012055241155315807,-0.6524802675489552,-2.9672887503140037,-10.723936035020495,-1.95907039035191,1.2555907114685418,-0.3485380251969599
2024-01-09 17:53:39.726890,0.8358178635991613,-0.17923971673428604,0.34618610908753844,0.9448143839836121,-0.019106311102920756,0.32235928773025396,-0.05518368527921116,0.01285241981169675,0.0005397595231678338,-0.017133011786873986,0.010713677086856098,0.0022348126190183263,-0.012055241155315807,-0.6524802675489552,-2.9672887503140037,-10.723936035020495,-1.95907039035191,1.2555907114685418,-0.3485380251969599
2024-01-09 17:53:39.738961,0.8358178635991613,-0.17923971673428604,0.34618610908753844,0.9448143839836121,-0.019106311102920756,0.32235928773025396,-0.05518368527921116,0.01285241981169675,0.0005397595231678338,-0.017133011786873986,0.010713677086856098,0.0022348126190183263,-0.012055241155315807,-0.5546949935557393,-3.000988722497094,-10.776310031151132,-1.9881325794333096,1.2227475178754361,-0.36433293866387145
2024-01-09 17:53:39.750849,0.8364715078592337,-0.17918377873364494,0.34520398943354574,0.9448113441467285,-0.01922327722990982,0.32235204691843516,-0.0552371156715686,0.01285241981169675,0.0005397595231678338,-0.017133011786873986,0.010713677086856098,0.0022348126190183263,-0.012055241155315807,-0.5546949935557393,-3.000988722497094,-10.776310031151132,-1.9881325794333096,1.2227475178754361,-0.36433293866387145
2024-01-09 17:53:39.763075,0.8367016744257816,-0.17917563772906742,0.3448913622359346,0.9448091983795166,-0.01933359729158082,0.3223443960124048,-0.05528012860204591,0.01285241981169675,0.0005397595231678338,-0.017133011786873986,0.010713677086856098,0.0022348126190183263,-0.012055241155315807,-0.7050838661498059,-3.062668063852737,-10.671648055992444,-1.9662428972383805,1.261674724595568,-0.3482423534673264
2024-01-09 17:53:39.774848,0.8368693880861748,-0.17914531056833316,0.3446058994179301,0.9448161125183105,-0.01934688120953195,0.32232113236835624,-0.05529299773283417,0.01285241981169675,0.0005397595231678338,-0.017133011786873986,0.010713677086856098,0.0022348126190183263,-0.012055241155315807,-0.7922430879278889,-3.066809616875981,-10.661832991332929,-1.9608847846159307,1.2796979245098739,-0.332966772016994
2024-01-09 17:53:39.787570,0.8368693880861748,-0.17914531056833316,0.3446058994179301,0.9448161125183105,-0.01934688120953195,0.32232113236835624,-0.05529299773283417,0.01285241981169675,0.0005397595231678338,-0.017133011786873986,0.010713677086856098,0.0022348126190183263,-0.012055241155315807,-1.0357918755626976,-2.5271746728634166,-10.637757375554031,-1.8437335025479262,1.335882455050411,-0.2971831322846982
2024-01-09 17:53:39.799837,0.8370197819744803,-0.17914503646317026,0.3443073272836683,0.9448229670524597,-0.019299939838949478,0.3223082067227688,-0.05526722733074934,0.01285241981169675,0.0005397595231678338,-0.017133011786873986,0.010713677086856098,0.0022348126190183263,-0.012055241155315807,-1.0357918755626976,-2.5271746728634166,-10.637757375554031,-1.8437335025479262,1.335882455050411,-0.2971831322846982
2024-01-09 17:53:39.813351,0.8370197819744803,-0.17914503646317026,0.3443073272836683,0.9448229670524597,-0.019299939838949478,0.3223082067227688,-0.05526722733074934,0.01285241981169675,0.0005397595231678338,-0.017133011786873986,0.010713677086856098,0.0022348126190183263,-0.012055241155315807,-1.0357918755626976,-2.5271746728634166,-10.637757375554031,-1.8437335025479262,1.335882455050411,-0.2971831322846982
2024-01-09 17:53:39.827127,0.8370197819744803,-0.17914503646317026,0.3443073272836683,0.9448229670524597,-0.019299939838949478,0.3223082067227688,-0.05526722733074934,0.01285241981169675,0.0005397595231678338,-0.017133011786873986,0.010713677086856098,0.0022348126190183263,-0.012055241155315807,-1.0357918755626976,-2.5271746728634166,-10.637757375554031,-1.8437335025479262,1.335882455050411,-0.2971831322846982
2024-01-09 17:53:39.840721,0.8370197819744803,-0.17914503646317026,0.3443073272836683,0.9448229670524597,-0.019299939838949478,0.3223082067227688,-0.05526722733074934,0.01285241981169675,0.0005397595231678338,-0.017133011786873986,0.010713677086856098,0.0022348126190183263,-0.012055241155315807,-1.0357918755626976,-2.5271746728634166,-10.637757375554031,-1.8437335025479262,1.335882455050411,-0.2971831322846982
2024-01-09 17:53:39.854607,0.8376260484218154,-0.17907936909907152,0.3432773006961121,0.9448230266571045,-0.019216924103682365,0.3223106236243408,-0.05528132500297772,0.01285241981169675,0.0005397595231678338,-0.017133011786873986,0.010713677086856098,0.0022348126190183263,-0.012055241155315807,-0.7393269890693038,-2.7685959234284256,-10.221353641480473,-1.8492199662200237,1.244031548380663,-0.3443044211670675
2024-01-09 17:53:39.867335,0.8378237094981933,-0.1790733011323653,0.3430458717957469,0.9448150396347046,-0.019360289009612584,0.32231352932608015,-0.05535093990284261,0.01285241981169675,0.0005397595231678338,-0.017133011786873986,0.010713677086856098,0.0022348126190183263,-0.012055241155315807,-1.0804788370002534,-2.876007870453893,-11.232353141728067,-2.0201910224877238,1.3299078394283679,-0.2991609065980958
2024-01-09 17:53:39.879660,0.8380214347043645,-0.1790630848217322,0.34277402751326524,0.9448120594024658,-0.019457042793256298,0.32230844131573666,-0.055397397814547576,0.01285241981169675,0.0005397595231678338,-0.017133011786873986,0.010713677086856098,0.0022348126190183263,-0.012055241155315807,-1.008150344640145,-3.010410549471555,-10.76473297571616,-1.984714091784894,1.3007152721943536,-0.31195370961692226
2024-01-09 17:53:39.892035,0.8381690502399317,-0.17905677253625782,0.34250886593730134,0.9448181390762329,-0.01945971079922128,0.3222914902434949,-0.05539099683295901,0.009841035704479435,0.0004208190316249786,-0.017677438397593427,-0.0006926378828203354,0.002432993654652409,-0.00047020224586123976,-1.1642605498123952,-2.7782953357710856,-10.328860638718824,-1.8390021599286275,1.3544553319227555,-0.29032209218999677
2024-01-09 17:53:39.904133,0.8381690502399317,-0.17905677253625782,0.34250886593730134,0.9448181390762329,-0.01945971079922128,0.3222914902434949,-0.05539099683295901,0.009841035704479435,0.0004208190316249786,-0.017677438397593427,-0.0006926378828203354,0.002432993654652409,-0.00047020224586123976,-1.1642605498123952,-2.7782953357710856,-10.328860638718824,-1.8390021599286275,1.3544553319227555,-0.29032209218999677
2024-01-09 17:53:39.916247,0.8381690502399317,-0.17905677253625782,0.34250886593730134,0.9448181390762329,-0.01945971079922128,0.3222914902434949,-0.05539099683295901,0.009841035704479435,0.0004208190316249786,-0.017677438397593427,-0.0006926378828203354,0.002432993654652409,-0.00047020224586123976,-1.1642605498123952,-2.7782953357710856,-10.328860638718824,-1.8390021599286275,1.3544553319227555,-0.29032209218999677
2024-01-09 17:53:39.928547,0.8381690502399317,-0.17905677253625782,0.34250886593730134,0.9448181390762329,-0.01945971079922128,0.3222914902434949,-0.05539099683295901,0.009841035704479435,0.0004208190316249786,-0.017677438397593427,-0.0006926378828203354,0.002432993654652409,-0.00047020224586123976,-1.1642605498123952,-2.7782953357710856,-10.328860638718824,-1.8390021599286275,1.3544553319227555,-0.29032209218999677
2024-01-09 17:53:39.940566,0.8381690502399317,-0.17905677253625782,0.34250886593730134,0.9448181390762329,-0.01945971079922128,0.3222914902434949,-0.05539099683295901,0.009841035704479435,0.0004208190316249786,-0.017677438397593427,-0.0006926378828203354,0.002432993654652409,-0.00047020224586123976,-1.1642605498123952,-2.7782953357710856,-10.328860638718824,-1.8390021599286275,1.3544553319227555,-0.29032209218999677
2024-01-09 17:53:39.953110,0.8381690502399317,-0.17905677253625782,0.34250886593730134,0.9448181390762329,-0.01945971079922128,0.3222914902434949,-0.05539099683295901,0.009841035704479435,0.0004208190316249786,-0.017677438397593427,-0.0006926378828203354,0.002432993654652409,-0.00047020224586123976,-1.1642605498123952,-2.7782953357710856,-10.328860638718824,-1.8390021599286275,1.3544553319227555,-0.29032209218999677
2024-01-09 17:53:39.965469,0.8381690502399317,-0.17905677253625782,0.34250886593730134,0.9448181390762329,-0.01945971079922128,0.3222914902434949,-0.05539099683295901,0.009841035704479435,0.0004208190316249786,-0.017677438397593427,-0.0006926378828203354,0.002432993654652409,-0.00047020224586123976,-1.1642605498123952,-2.7782953357710856,-10.328860638718824,-1.8390021599286275,1.3544553319227555,-0.29032209218999677
2024-01-09 17:53:39.978835,0.8381690502399317,-0.17905677253625782,0.34250886593730134,0.9448181390762329,-0.01945971079922128,0.3222914902434949,-0.05539099683295901,0.009841035704479435,0.0004208190316249786,-0.017677438397593427,-0.0006926378828203354,0.002432993654652409,-0.00047020224586123976,-1.2124598484207134,-2.8187881459891826,-10.67078677642127,-1.9164409895725905,1.3582245154017567,-0.27772216285607476
2024-01-09 17:53:39.992402,0.8391711337226182,-0.17898267336089121,0.340901438540037,0.9448160529136658,-0.019512478566114592,0.32228766175474616,-0.055430856464831035,0.009841035704479435,0.0004208190316249786,-0.017677438397593427,-0.0006926378828203354,0.002432993654652409,-0.00047020224586123976,-1.2124598484207134,-2.8187881459891826,-10.67078677642127,-1.9164409895725905,1.3582245154017567,-0.27772216285607476
2024-01-09 17:53:40.005567,0.8393373611428442,-0.17898139450783077,0.3406446874446538,0.9448177814483643,-0.019530117407695752,0.3222847984235887,-0.05541165430919778,0.009841035704479435,0.0004208190316249786,-0.017677438397593427,-0.0006926378828203354,0.002432993654652409,-0.00047020224586123976,-1.4916708307027775,-3.3904807410163555,-11.564491846045762,-2.1596884543520996,1.4343874890284725,-0.22922283424231876
2024-01-09 17:53:40.018969,0.8394963349966031,-0.17897269568174506,0.34031904983747174,0.9448314309120178,-0.01946968758885274,0.3222599766608406,-0.05534409156845764,0.009841035704479435,0.0004208190316249786,-0.017677438397593427,-0.0006926378828203354,0.002432993654652409,-0.00047020224586123976,-1.5573042261275418,-3.145189362554701,-11.344015835008479,-2.0913144633050638,1.4408979137769584,-0.22056393642385538
2024-01-09 17:53:40.031583,0.839631131118895,-0.17899029229569888,0.34004377534969565,0.9448400735855103,-0.01938601503378132,0.32225679997175455,-0.05524440046936977,0.009841035704479435,0.0004208190316249786,-0.017677438397593427,-0.0006926378828203354,0.002432993654652409,-0.00047020224586123976,-1.375984314882453,-3.1100775885745557,-11.663243916212279,-2.1302926194240155,1.4234268790763016,-0.24173568900932302
2024-01-09 17:53:40.043929,0.839631131118895,-0.17899029229569888,0.34004377534969565,0.9448400735855103,-0.01938601503378132,0.32225679997175455,-0.05524440046936977,0.009841035704479435,0.0004208190316249786,-0.017677438397593427,-0.0006926378828203354,0.002432993654652409,-0.00047020224586123976,-1.335860149985099,-3.1993632195424198,-11.15680812833421,-2.0665196976927116,1.407334596944358,-0.24106756136710458
2024-01-09 17:53:40.056210,0.839778856366923,-0.17897819017102726,0.3397264643132244,0.9448543190956116,-0.019309169232576216,0.32223175083559175,-0.055174312138005915,0.009841035704479435,0.0004208190316249786,-0.017677438397593427,-0.0006926378828203354,0.002432993654652409,-0.00047020224586123976,-1.335860149985099,-3.1993632195424198,-11.15680812833421,-2.0665196976927116,1.407334596944358,-0.24106756136710458
2024-01-09 17:53:40.068570,0.8399570647425039,-0.17895870323911275,0.339462864025405,0.9448590874671936,-0.019386600138660098,0.32221142605323816,-0.05518364868173139,0.009841035704479435,0.0004208190316249786,-0.017677438397593427,-0.0006926378828203354,0.002432993654652409,-0.00047020224586123976,-1.6952734210674365,-3.0649553849575533,-11.17310694542365,-2.0203571335962685,1.4851430805746042,-0.20957883871497424
2024-01-09 17:53:40.081000,0.8399570647425039,-0.17895870323911275,0.339462864025405,0.9448590874671936,-0.019386600138660098,0.32221142605323816,-0.05518364868173139,0.009841035704479435,0.0004208190316249786,-0.017677438397593427,-0.0006926378828203354,0.002432993654652409,-0.00047020224586123976,-1.6952734210674365,-3.0649553849575533,-11.17310694542365,-2.0203571335962685,1.4851430805746042,-0.20957883871497424
2024-01-09 17:53:40.093234,0.8399570647425039,-0.17895870323911275,0.339462864025405,0.9448590874671936,-0.019386600138660098,0.32221142605323816,-0.05518364868173139,0.009841035704479435,0.0004208190316249786,-0.017677438397593427,-0.0006926378828203354,0.002432993654652409,-0.00047020224586123976,-1.6952734210674365,-3.0649553849575533,-11.17310694542365,-2.0203571335962685,1.4851430805746042,-0.20957883871497424
2024-01-09 17:53:40.105694,0.8399570647425039,-0.17895870323911275,0.339462864025405,0.9448590874671936,-0.019386600138660098,0.32221142605323816,-0.05518364868173139,0.009841035704479435,0.0004208190316249786,-0.017677438397593427,-0.0006926378828203354,0.002432993654652409,-0.00047020224586123976,-1.6952734210674365,-3.0649553849575533,-11.17310694542365,-2.0203571335962685,1.4851430805746042,-0.20957883871497424
2024-01-09 17:53:40.118132,0.8405331872723928,-0.17883755924541633,0.33860929140192136,0.9448766112327576,-0.019651506092366513,0.32212845467070156,-0.05527466013725806,0.009841035704479435,0.0004208190316249786,-0.017677438397593427,-0.0006926378828203354,0.002432993654652409,-0.00047020224586123976,-1.5229595790318557,-3.376002946602864,-11.66339846117056,-2.163236292832501,1.4262643001636488,-0.23518180099497438
2024-01-09 17:53:40.130515,0.8405331872723928,-0.17883755924541633,0.33860929140192136,0.9448766112327576,-0.019651506092366513,0.32212845467070156,-0.05527466013725806,0.009841035704479435,0.0004208190316249786,-0.017677438397593427,-0.0006926378828203354,0.002432993654652409,-0.00047020224586123976,-1.5229595790318557,-3.376002946602864,-11.66339846117056,-2.163236292832501,1.4262643001636488,-0.23518180099497438
2024-01-09 17:53:40.142714,0.8405331872723928,-0.17883755924541633,0.33860929140192136,0.9448766112327576,-0.019651506092366513,0.32212845467070156,-0.05527466013725806,0.009841035704479435,0.0004208190316249786,-0.017677438397593427,-0.0006926378828203354,0.002432993654652409,-0.00047020224586123976,-1.5229595790318557,-3.376002946602864,-11.66339846117056,-2.163236292832501,1.4262643001636488,-0.23518180099497438
2024-01-09 17:53:40.155207,0.8405331872723928,-0.17883755924541633,0.33860929140192136,0.9448766112327576,-0.019651506092366513,0.32212845467070156,-0.05527466013725806,0.009841035704479435,0.0004208190316249786,-0.017677438397593427,-0.0006926378828203354,0.002432993654652409,-0.00047020224586123976,-1.5229595790318557,-3.376002946602864,-11.66339846117056,-2.163236292832501,1.4262643001636488,-0.23518180099497438
2024-01-09 17:53:40.167488,0.8410432210736826,-0.17877121576902638,0.337679769485683,0.9449026584625244,-0.01965404027849152,0.32206914649589097,-0.05517412221598797,0.009841035704479435,0.0004208190316249786,-0.017677438397593427,-0.0006926378828203354,0.002432993654652409,-0.00047020224586123976,-1.6277080397006933,-3.044101139139882,-11.090710052972202,-2.0051066690381325,1.436641771325285,-0.20669664805129798
2024-01-09 17:53:40.179925,0.8412120715669952,-0.17872695541389438,0.33737969502425247,0.9449113607406616,-0.019677581658363547,0.32204199900278685,-0.055175356339960006,0.009841035704479435,0.0004208190316249786,-0.017677438397593427,-0.0006926378828203354,0.002432993654652409,-0.00047020224586123976,-1.6765271166300748,-3.1452156623581593,-10.79224540343045,-1.9692226403596818,1.439790138788274,-0.20805382183183804
2024-01-09 17:53:40.192288,0.8412120715669952,-0.17872695541389438,0.33737969502425247,0.9449113607406616,-0.019677581658363547,0.32204199900278685,-0.055175356339960006,0.009841035704479435,0.0004208190316249786,-0.017677438397593427,-0.0006926378828203354,0.002432993654652409,-0.00047020224586123976,-1.6765271166300748,-3.1452156623581593,-10.79224540343045,-1.9692226403596818,1.439790138788274,-0.20805382183183804
2024-01-09 17:53:40.204593,0.8412120715669952,-0.17872695541389438,0.33737969502425247,0.9449113607406616,-0.019677581658363547,0.32204199900278685,-0.055175356339960006,0.009841035704479435,0.0004208190316249786,-0.017677438397593427,-0.0006926378828203354,0.002432993654652409,-0.00047020224586123976,-1.6765271166300748,-3.1452156623581593,-10.79224540343045,-1.9692226403596818,1.439790138788274,-0.20805382183183804
2024-01-09 17:53:40.216918,0.8412120715669952,-0.17872695541389438,0.33737969502425247,0.9449113607406616,-0.019677581658363547,0.32204199900278685,-0.055175356339960006,0.009841035704479435,0.0004208190316249786,-0.017677438397593427,-0.0006926378828203354,0.002432993654652409,-0.00047020224586123976,-1.6765271166300748,-3.1452156623581593,-10.79224540343045,-1.9692226403596818,1.439790138788274,-0.20805382183183804
2024-01-09 17:53:40.229198,0.8412120715669952,-0.17872695541389438,0.33737969502425247,0.9449113607406616,-0.019677581658363547,0.32204199900278685,-0.055175356339960006,0.009841035704479435,0.0004208190316249786,-0.017677438397593427,-0.0006926378828203354,0.002432993654652409,-0.00047020224586123976,-1.6765271166300748,-3.1452156623581593,-10.79224540343045,-1.9692226403596818,1.439790138788274,-0.20805382183183804
2024-01-09 17:53:40.241721,0.8417880455386549,-0.17863926249455314,0.3363891408183347,0.9449007511138916,-0.01967220138740121,0.3220757891167095,-0.05516084036735212,0.010472254030177456,0.0015944167152953154,-0.018010076471231994,-0.000564672670311692,-0.0012856955298586317,-6.0510074673390506e-05,-1.7928492175537978,-3.0175378393971433,-11.456623384753206,-2.0360306142708384,1.4811406163251373,-0.1779035543784658
2024-01-09 17:53:40.254407,0.8420091345723466,-0.17860892666907188,0.3360230678315139,0.9449023008346558,-0.019773530650048374,0.3220558971553887,-0.055214500169544205,0.010472254030177456,0.0015944167152953154,-0.018010076471231994,-0.000564672670311692,-0.0012856955298586317,-6.0510074673390506e-05,-1.384117887006219,-3.4606048041775956,-11.270943116295573,-2.09959494448471,1.3764101051842208,-0.2332929274672207
2024-01-09 17:53:40.266660,0.8420091345723466,-0.17860892666907188,0.3360230678315139,0.9449023008346558,-0.019773530650048374,0.3220558971553887,-0.055214500169544205,0.010472254030177456,0.0015944167152953154,-0.018010076471231994,-0.000564672670311692,-0.0012856955298586317,-6.0510074673390506e-05,-1.2454738245108852,-3.2349358132796544,-11.576166767331673,-2.0209263800269905,1.365423570529989,-0.2554203014764438
2024-01-09 17:53:40.278862,0.8421652286907867,-0.1785818913755871,0.335777901692969,0.9449030160903931,-0.019838448491377832,0.3220411180266944,-0.05526534060495802,0.010472254030177456,0.0015944167152953154,-0.018010076471231994,-0.000564672670311692,-0.0012856955298586317,-6.0510074673390506e-05,-1.2454738245108852,-3.2349358132796544,-11.576166767331673,-2.0209263800269905,1.365423570529989,-0.2554203014764438
2024-01-09 17:53:40.291189,0.8423032692589195,-0.17855975011461725,0.335526833882135,0.9449043869972229,-0.01983719993935826,0.3220313904709981,-0.05529853617351646,0.010472254030177456,0.0015944167152953154,-0.018010076471231994,-0.000564672670311692,-0.0012856955298586317,-6.0510074673390506e-05,-1.2643824738274207,-3.3262151751072317,-11.771361278466841,-2.0113587546891116,1.3697924883301118,-0.2532413919450297
2024-01-09 17:53:40.303394,0.8424269814778313,-0.17853167595047226,0.3352824429376895,0.944904088973999,-0.019758144627217027,0.32203594485278053,-0.0553061093864918,0.010472254030177456,0.0015944167152953154,-0.018010076471231994,-0.000564672670311692,-0.0012856955298586317,-6.0510074673390506e-05,-1.2682066587102778,-2.9609039566681528,-12.03665547202764,-1.9418346726967788,1.3738952683323455,-0.2590300209039464
2024-01-09 17:53:40.315695,0.8425449734338458,-0.17850852334870573,0.33505182103273007,0.9448988437652588,-0.019634825613898187,0.3220577619850361,-0.055312400695836296,0.010472254030177456,0.0015944167152953154,-0.018010076471231994,-0.000564672670311692,-0.0012856955298586317,-6.0510074673390506e-05,-1.286591038493929,-3.413261615613288,-12.878341197293022,-2.0856064251235966,1.3828633207700094,-0.26355760401578227
2024-01-09 17:53:40.327910,0.8425449734338458,-0.17850852334870573,0.33505182103273007,0.9448988437652588,-0.019634825613898187,0.3220577619850361,-0.055312400695836296,0.010472254030177456,0.0015944167152953154,-0.018010076471231994,-0.000564672670311692,-0.0012856955298586317,-6.0510074673390506e-05,-1.286591038493929,-3.413261615613288,-12.878341197293022,-2.0856064251235966,1.3828633207700094,-0.26355760401578227
2024-01-09 17:53:40.340485,0.8426887451708613,-0.1784871438684545,0.3348474753772624,0.944881796836853,-0.019534291361037296,0.32210996571519457,-0.055335449051972095,0.010472254030177456,0.0015944167152953154,-0.018010076471231994,-0.000564672670311692,-0.0012856955298586317,-6.0510074673390506e-05,-1.7050415756689852,-3.217226435364358,-13.21844828390317,-1.9222159309218507,1.4756267157826888,-0.2334605901036609
2024-01-09 17:53:40.353264,0.8428564733833328,-0.1784823964438045,0.3347603848535123,0.9448467493057251,-0.01960095354725288,0.32219430999127857,-0.055418929315467734,0.010472254030177456,0.0015944167152953154,-0.018010076471231994,-0.000564672670311692,-0.0012856955298586317,-6.0510074673390506e-05,-1.8206314004369972,-3.7890519111748318,-15.164132034389791,-2.2032353770384434,1.5145142819702184,-0.2223592057828692
2024-01-09 17:53:40.365629,0.8428564733833328,-0.1784823964438045,0.3347603848535123,0.9448467493057251,-0.01960095354725288,0.32219430999127857,-0.055418929315467734,0.010472254030177456,0.0015944167152953154,-0.018010076471231994,-0.000564672670311692,-0.0012856955298586317,-6.0510074673390506e-05,-1.8206314004369972,-3.7890519111748318,-15.164132034389791,-2.2032353770384434,1.5145142819702184,-0.2223592057828692
2024-01-09 17:53:40.378121,0.8428564733833328,-0.1784823964438045,0.3347603848535123,0.9448467493057251,-0.01960095354725288,0.32219430999127857,-0.055418929315467734,0.010472254030177456,0.0015944167152953154,-0.018010076471231994,-0.000564672670311692,-0.0012856955298586317,-6.0510074673390506e-05,-1.8206314004369972,-3.7890519111748318,-15.164132034389791,-2.2032353770384434,1.5145142819702184,-0.2223592057828692
2024-01-09 17:53:40.390444,0.8428564733833328,-0.1784823964438045,0.3347603848535123,0.9448467493057251,-0.01960095354725288,0.32219430999127857,-0.055418929315467734,0.010472254030177456,0.0015944167152953154,-0.018010076471231994,-0.000564672670311692,-0.0012856955298586317,-6.0510074673390506e-05,-1.8206314004369972,-3.7890519111748318,-15.164132034389791,-2.2032353770384434,1.5145142819702184,-0.2223592057828692
2024-01-09 17:53:40.402858,0.843106569456702,-0.17840243495597774,0.334636983245915,0.944868266582489,-0.019614811169260286,0.3220827639868421,-0.055694845732633884,0.010472254030177456,0.0015944167152953154,-0.018010076471231994,-0.000564672670311692,-0.0012856955298586317,-6.0510074673390506e-05,-1.5790763729098505,-4.3639340775363475,-16.330479012928798,-2.274821448047496,1.604706042873079,-0.19753927015275008
2024-01-09 17:53:40.415225,0.843106569456702,-0.17840243495597774,0.334636983245915,0.944868266582489,-0.019614811169260286,0.3220827639868421,-0.055694845732633884,0.010472254030177456,0.0015944167152953154,-0.018010076471231994,-0.000564672670311692,-0.0012856955298586317,-6.0510074673390506e-05,-1.5790763729098505,-4.3639340775363475,-16.330479012928798,-2.274821448047496,1.604706042873079,-0.19753927015275008
2024-01-09 17:53:40.427435,0.843106569456702,-0.17840243495597774,0.334636983245915,0.944868266582489,-0.019614811169260286,0.3220827639868421,-0.055694845732633884,0.010472254030177456,0.0015944167152953154,-0.018010076471231994,-0.000564672670311692,-0.0012856955298586317,-6.0510074673390506e-05,-1.5790763729098505,-4.3639340775363475,-16.330479012928798,-2.274821448047496,1.604706042873079,-0.19753927015275008
2024-01-09 17:53:40.439656,0.843106569456702,-0.17840243495597774,0.334636983245915,0.944868266582489,-0.019614811169260286,0.3220827639868421,-0.055694845732633884,0.010472254030177456,0.0015944167152953154,-0.018010076471231994,-0.000564672670311692,-0.0012856955298586317,-6.0510074673390506e-05,-1.5790763729098505,-4.3639340775363475,-16.330479012928798,-2.274821448047496,1.604706042873079,-0.19753927015275008
2024-01-09 17:53:40.451977,0.843106569456702,-0.17840243495597774,0.334636983245915,0.944868266582489,-0.019614811169260286,0.3220827639868421,-0.055694845732633884,0.010472254030177456,0.0015944167152953154,-0.018010076471231994,-0.000564672670311692,-0.0012856955298586317,-6.0510074673390506e-05,-1.5790763729098505,-4.3639340775363475,-16.330479012928798,-2.274821448047496,1.604706042873079,-0.19753927015275008
2024-01-09 17:53:40.464653,0.8433863426679631,-0.17860962183055945,0.3339142024070462,0.9450039267539978,-0.019349373080418075,0.3218124973924608,-0.05504405557423546,0.010472254030177456,0.0015944167152953154,-0.018010076471231994,-0.000564672670311692,-0.0012856955298586317,-6.0510074673390506e-05,-2.035898385044121,-4.185039057625133,-13.400961466136305,-2.428940947562605,1.6340877279823378,-0.1289424184338429
2024-01-09 17:53:40.477176,0.843485157090048,-0.1787369516827136,0.3334417990220929,0.9450886845588684,-0.01939574409838774,0.32161952109707315,-0.0547001116338834,0.0065876281389950124,-0.008488656810277476,-0.03149355899688677,-0.04147160588040075,0.029179603504196957,-0.01896587255478197,-2.494121839031789,-2.871076950950658,-12.646214378937858,-2.0714109833310825,1.7214723360831052,-0.08923769984089125
2024-01-09 17:53:40.489714,0.843485157090048,-0.1787369516827136,0.3334417990220929,0.9450886845588684,-0.01939574409838774,0.32161952109707315,-0.0547001116338834,0.0065876281389950124,-0.008488656810277476,-0.03149355899688677,-0.04147160588040075,0.029179603504196957,-0.01896587255478197,-1.5493236869015723,-4.163007863335158,-11.38992056689231,-2.243935740647071,1.514350896866801,-0.23444155131017125
2024-01-09 17:53:40.502279,0.8436298897073092,-0.17877383302533195,0.3329053819312902,0.9451577067375183,-0.019423657950494864,0.3214637749402795,-0.054412215535173065,0.0065876281389950124,-0.008488656810277476,-0.03149355899688677,-0.04147160588040075,0.029179603504196957,-0.01896587255478197,-1.5493236869015723,-4.163007863335158,-11.38992056689231,-2.243935740647071,1.514350896866801,-0.23444155131017125
2024-01-09 17:53:40.514762,0.8439206460475566,-0.17863376288795602,0.3325019687553505,0.9451140761375427,-0.01956494806418067,0.32157765084837403,-0.054446136200860445,0.0065876281389950124,-0.008488656810277476,-0.03149355899688677,-0.04147160588040075,0.029179603504196957,-0.01896587255478197,-0.09279196703086788,-2.7599986240505374,-11.110140200032369,-1.5585099275764758,1.2633289676224877,-0.4603941337060027
2024-01-09 17:53:40.527259,0.8442563572996981,-0.178598362957321,0.3323721854009433,0.9449954628944397,-0.019934814455786137,0.321874217300456,-0.05461812323923138,0.0065876281389950124,-0.008488656810277476,-0.03149355899688677,-0.04147160588040075,0.029179603504196957,-0.01896587255478197,-0.9420619076982091,-2.1181605404509987,-14.997191717881272,-1.8303523486542674,1.473939738846944,-0.37225008948739957
2024-01-09 17:53:40.539876,0.8444792239968768,-0.17857288721269204,0.33213248050925465,0.9449529051780701,-0.020107383741763414,0.3219790147475787,-0.054673363337837455,0.0065876281389950124,-0.008488656810277476,-0.03149355899688677,-0.04147160588040075,0.029179603504196957,-0.01896587255478197,-1.3044044449051246,-3.0980238805545928,-13.905413784715474,-2.154910734566607,1.4749622230328003,-0.29078165166365466
2024-01-09 17:53:40.552750,0.8444792239968768,-0.17857288721269204,0.33213248050925465,0.9449529051780701,-0.020107383741763414,0.3219790147475787,-0.054673363337837455,0.0065876281389950124,-0.008488656810277476,-0.03149355899688677,-0.04147160588040075,0.029179603504196957,-0.01896587255478197,-2.406390599429214,-3.501713328034201,-13.585317359114235,-2.3292328039084707,1.6787481888051705,-0.16951913078550238
2024-01-09 17:53:40.565315,0.8445762664132608,-0.1784619833210838,0.33177539923230664,0.9449883103370667,-0.020064718519691375,0.3218693639662518,-0.0547232962776328,0.0065876281389950124,-0.008488656810277476,-0.03149355899688677,-0.04147160588040075,0.029179603504196957,-0.01896587255478197,-2.406390599429214,-3.501713328034201,-13.585317359114235,-2.3292328039084707,1.6787481888051705,-0.16951913078550238
2024-01-09 17:53:40.577890,0.8446721280395334,-0.17843848199612147,0.33141688047747037,0.9450274109840393,-0.020138581226280206,0.32174195692216234,-0.05476953975712366,0.0065876281389950124,-0.008488656810277476,-0.03149355899688677,-0.04147160588040075,0.029179603504196957,-0.01896587255478197,-3.376454929277104,-2.4062036815527663,-14.31085773051267,-2.1891916050287663,1.889653837776981,-0.03095598625182029
2024-01-09 17:53:40.591426,0.8447934763720513,-0.17840462032194726,0.3309435050140151,0.9450817108154297,-0.020182424322429577,0.32158327856703467,-0.05474852911165773,0.0065876281389950124,-0.008488656810277476,-0.03149355899688677,-0.04147160588040075,0.029179603504196957,-0.01896587255478197,-2.6434717968980537,-3.9706772496599143,-13.270466561608853,-2.380273782186918,1.7151657248644059,-0.12650197562904106
2024-01-09 17:53:40.604653,0.8447934763720513,-0.17840462032194726,0.3309435050140151,0.9450817108154297,-0.020182424322429577,0.32158327856703467,-0.05474852911165773,0.0065876281389950124,-0.008488656810277476,-0.03149355899688677,-0.04147160588040075,0.029179603504196957,-0.01896587255478197,-2.6434717968980537,-3.9706772496599143,-13.270466561608853,-2.380273782186918,1.7151657248644059,-0.12650197562904106
2024-01-09 17:53:40.617183,0.8447934763720513,-0.17840462032194726,0.3309435050140151,0.9450817108154297,-0.020182424322429577,0.32158327856703467,-0.05474852911165773,0.0065876281389950124,-0.008488656810277476,-0.03149355899688677,-0.04147160588040075,0.029179603504196957,-0.01896587255478197,-2.6434717968980537,-3.9706772496599143,-13.270466561608853,-2.380273782186918,1.7151657248644059,-0.12650197562904106
2024-01-09 17:53:40.629491,0.8447934763720513,-0.17840462032194726,0.3309435050140151,0.9450817108154297,-0.020182424322429577,0.32158327856703467,-0.05474852911165773,0.0065876281389950124,-0.008488656810277476,-0.03149355899688677,-0.04147160588040075,0.029179603504196957,-0.01896587255478197,-2.6434717968980537,-3.9706772496599143,-13.270466561608853,-2.380273782186918,1.7151657248644059,-0.12650197562904106
2024-01-09 17:53:40.641429,0.8447934763720513,-0.17840462032194726,0.3309435050140151,0.9450817108154297,-0.020182424322429577,0.32158327856703467,-0.05474852911165773,0.0065876281389950124,-0.008488656810277476,-0.03149355899688677,-0.04147160588040075,0.029179603504196957,-0.01896587255478197,-2.6434717968980537,-3.9706772496599143,-13.270466561608853,-2.380273782186918,1.7151657248644059,-0.12650197562904106
2024-01-09 17:53:40.653865,0.8447934763720513,-0.17840462032194726,0.3309435050140151,0.9450817108154297,-0.020182424322429577,0.32158327856703467,-0.05474852911165773,0.0065876281389950124,-0.008488656810277476,-0.03149355899688677,-0.04147160588040075,0.029179603504196957,-0.01896587255478197,-2.6434717968980537,-3.9706772496599143,-13.270466561608853,-2.380273782186918,1.7151657248644059,-0.12650197562904106
2024-01-09 17:53:40.665998,0.8447934763720513,-0.17840462032194726,0.3309435050140151,0.9450817108154297,-0.020182424322429577,0.32158327856703467,-0.05474852911165773,0.0065876281389950124,-0.008488656810277476,-0.03149355899688677,-0.04147160588040075,0.029179603504196957,-0.01896587255478197,-2.6434717968980537,-3.9706772496599143,-13.270466561608853,-2.380273782186918,1.7151657248644059,-0.12650197562904106
2024-01-09 17:53:40.677857,0.8447934763720513,-0.17840462032194726,0.3309435050140151,0.9450817108154297,-0.020182424322429577,0.32158327856703467,-0.05474852911165773,0.0065876281389950124,-0.008488656810277476,-0.03149355899688677,-0.04147160588040075,0.029179603504196957,-0.01896587255478197,-1.9346932407441977,-3.350145702554889,-18.0382585158409,-2.436773801559388,1.6535944019574496,-0.15563081419843533
2024-01-09 17:53:40.689961,0.8455918780062376,-0.17825348535178348,0.329691980687812,0.9449562430381775,-0.020060598434730417,0.3219426587848119,-0.05484663289291202,0.0065876281389950124,-0.008488656810277476,-0.03149355899688677,-0.04147160588040075,0.029179603504196957,-0.01896587255478197,-1.9346932407441977,-3.350145702554889,-18.0382585158409,-2.436773801559388,1.6535944019574496,-0.15563081419843533
2024-01-09 17:53:40.701957,0.8457044550971314,-0.17828720846283083,0.32966930502529773,0.9449330568313599,-0.020164591319867687,0.32199589556772634,-0.05489543794646492,0.0065876281389950124,-0.008488656810277476,-0.03149355899688677,-0.04147160588040075,0.029179603504196957,-0.01896587255478197,-2.1892573441135355,-4.131827140119885,-18.92520412241636,-2.679725601418035,1.7317602460628034,-0.09154883901458372
2024-01-09 17:53:40.714147,0.8457546336096581,-0.17830048110234198,0.3295719187403285,0.9449570775032043,-0.020204753468306382,0.3219160307762011,-0.054936083165508735,0.003584179466188862,-0.0009480456793676499,-0.006956163212089107,0.007375839087482404,0.012083794832587912,-0.0028563383211826074,-2.815143760513512,-4.20864983522421,-17.612352368077023,-2.558429068682624,1.8534947535463628,-0.016323276121010522
2024-01-09 17:53:40.726213,0.8457707141366501,-0.1783208598749771,0.32944547742626323,0.9450052976608276,-0.02024113582061311,0.3217638100002455,-0.05498475612767427,0.003584179466188862,-0.0009480456793676499,-0.006956163212089107,0.007375839087482404,0.012083794832587912,-0.0028563383211826074,-3.047348448433118,-4.102032718736524,-18.24803717845153,-2.635293507016422,1.9311884756531672,0.03431720666639682
2024-01-09 17:53:40.738246,0.8457707141366501,-0.1783208598749771,0.32944547742626323,0.9450052976608276,-0.02024113582061311,0.3217638100002455,-0.05498475612767427,0.003584179466188862,-0.0009480456793676499,-0.006956163212089107,0.007375839087482404,0.012083794832587912,-0.0028563383211826074,-3.047348448433118,-4.102032718736524,-18.24803717845153,-2.635293507016422,1.9311884756531672,0.03431720666639682
2024-01-09 17:53:40.750274,0.8458147500616727,-0.17831868707086931,0.329385105036149,0.9450317025184631,-0.02025476828774337,0.32167308109187603,-0.0550567264208304,0.003584179466188862,-0.0009480456793676499,-0.006956163212089107,0.007375839087482404,0.012083794832587912,-0.0028563383211826074,-1.368096716543871,-4.103145145626081,-18.34409358720182,-2.413150352804043,1.6618228171837284,-0.16377033874956987
2024-01-09 17:53:40.762502,0.8458673065971468,-0.17832255281904932,0.3293744160761308,0.9450264573097229,-0.020199729554061966,0.32168719980274185,-0.05508454965371032,0.003584179466188862,-0.0009480456793676499,-0.006956163212089107,0.007375839087482404,0.012083794832587912,-0.0028563383211826074,-0.9218430580833362,-3.757787850305955,-18.661438220941235,-2.206204038952991,1.6069986903173772,-0.21884810444162192
2024-01-09 17:53:40.774689,0.8459114220859123,-0.17835346892357595,0.32937112319476947,0.9450182318687439,-0.020124593778422063,0.3217181962443899,-0.055072588707323705,0.003584179466188862,-0.0009480456793676499,-0.006956163212089107,0.007375839087482404,0.012083794832587912,-0.0028563383211826074,-1.5138154195998241,-3.758602422117048,-19.946946562153105,-2.471950230078766,1.7096537553852664,-0.13216971519145623
2024-01-09 17:53:40.787882,0.8459114220859123,-0.17835346892357595,0.32937112319476947,0.9450182318687439,-0.020124593778422063,0.3217181962443899,-0.055072588707323705,0.003584179466188862,-0.0009480456793676499,-0.006956163212089107,0.007375839087482404,0.012083794832587912,-0.0028563383211826074,-2.2933833727942114,-4.40341321665901,-19.52537157150509,-2.611647917226975,1.8517670308325491,-0.028497563613593315
2024-01-09 17:53:40.800236,0.8459390510076852,-0.1783667348440916,0.3292982940273487,0.9450209736824036,-0.01995846977606699,0.32173266831620806,-0.05500061320777202,0.003584179466188862,-0.0009480456793676499,-0.006956163212089107,0.007375839087482404,0.012083794832587912,-0.0028563383211826074,-2.2933833727942114,-4.40341321665901,-19.52537157150509,-2.611647917226975,1.8517670308325491,-0.028497563613593315
2024-01-09 17:53:40.813664,0.8459390510076852,-0.1783667348440916,0.3292982940273487,0.9450209736824036,-0.01995846977606699,0.32173266831620806,-0.05500061320777202,0.003584179466188862,-0.0009480456793676499,-0.006956163212089107,0.007375839087482404,0.012083794832587912,-0.0028563383211826074,-2.2933833727942114,-4.40341321665901,-19.52537157150509,-2.611647917226975,1.8517670308325491,-0.028497563613593315
2024-01-09 17:53:40.827305,0.8459390510076852,-0.1783667348440916,0.3292982940273487,0.9450209736824036,-0.01995846977606699,0.32173266831620806,-0.05500061320777202,0.003584179466188862,-0.0009480456793676499,-0.006956163212089107,0.007375839087482404,0.012083794832587912,-0.0028563383211826074,-2.2933833727942114,-4.40341321665901,-19.52537157150509,-2.611647917226975,1.8517670308325491,-0.028497563613593315
2024-01-09 17:53:40.840056,0.8459390510076852,-0.1783667348440916,0.3292982940273487,0.9450209736824036,-0.01995846977606699,0.32173266831620806,-0.05500061320777202,0.003584179466188862,-0.0009480456793676499,-0.006956163212089107,0.007375839087482404,0.012083794832587912,-0.0028563383211826074,-2.2933833727942114,-4.40341321665901,-19.52537157150509,-2.611647917226975,1.8517670308325491,-0.028497563613593315
2024-01-09 17:53:40.852962,0.8461290600718436,-0.17842171226147885,0.3289628119930162,0.9450569152832031,-0.020050796600554366,0.3216200933193726,-0.055008129138059664,0.003584179466188862,-0.0009480456793676499,-0.006956163212089107,0.007375839087482404,0.012083794832587912,-0.0028563383211826074,-2.633691250602644,-4.468391046811835,-21.32534555521193,-2.6721253412348136,1.9724628053847546,0.001774883503578534
2024-01-09 17:53:40.865352,0.8461290600718436,-0.17842171226147885,0.3289628119930162,0.9450569152832031,-0.020050796600554366,0.3216200933193726,-0.055008129138059664,0.003584179466188862,-0.0009480456793676499,-0.006956163212089107,0.007375839087482404,0.012083794832587912,-0.0028563383211826074,-2.633691250602644,-4.468391046811835,-21.32534555521193,-2.6721253412348136,1.9724628053847546,0.001774883503578534
2024-01-09 17:53:40.877535,0.8461290600718436,-0.17842171226147885,0.3289628119930162,0.9450569152832031,-0.020050796600554366,0.3216200933193726,-0.055008129138059664,0.003584179466188862,-0.0009480456793676499,-0.006956163212089107,0.007375839087482404,0.012083794832587912,-0.0028563383211826074,-2.633691250602644,-4.468391046811835,-21.32534555521193,-2.6721253412348136,1.9724628053847546,0.001774883503578534
2024-01-09 17:53:40.891345,0.8461290600718436,-0.17842171226147885,0.3289628119930162,0.9450569152832031,-0.020050796600554366,0.3216200933193726,-0.055008129138059664,0.003584179466188862,-0.0009480456793676499,-0.006956163212089107,0.007375839087482404,0.012083794832587912,-0.0028563383211826074,-2.633691250602644,-4.468391046811835,-21.32534555521193,-2.6721253412348136,1.9724628053847546,0.001774883503578534
2024-01-09 17:53:40.904678,0.8462226091407679,-0.17833592895435393,0.328584773875737,0.9451597332954407,-0.02008288553700655,0.3212912044740432,-0.05515188787945245,0.003584179466188862,-0.0009480456793676499,-0.006956163212089107,0.007375839087482404,0.012083794832587912,-0.0028563383211826074,-1.5451311240994172,-3.9424345425306626,-22.38894113164358,-2.334849557250899,1.7381289587717843,-0.1412945393540336
2024-01-09 17:53:40.917042,0.8462718184403443,-0.17835737498653925,0.32848919601798254,0.9451592564582825,-0.02002434513331424,0.32130503097651253,-0.055100203030051836,0.003584179466188862,-0.0009480456793676499,-0.006956163212089107,0.007375839087482404,0.012083794832587912,-0.0028563383211826074,-2.3215852535449604,-4.038243817125197,-22.848436828089678,-2.4066286386173474,1.9051207114169781,-0.0343279923749181
2024-01-09 17:53:40.929339,0.8462718184403443,-0.17835737498653925,0.32848919601798254,0.9451592564582825,-0.02002434513331424,0.32130503097651253,-0.055100203030051836,0.003584179466188862,-0.0009480456793676499,-0.006956163212089107,0.007375839087482404,0.012083794832587912,-0.0028563383211826074,-2.3215852535449604,-4.038243817125197,-22.848436828089678,-2.4066286386173474,1.9051207114169781,-0.0343279923749181
2024-01-09 17:53:40.941610,0.8463072567806124,-0.1783991335863147,0.32838439863444685,0.9451656341552734,-0.0199631398132462,0.3213063280151438,-0.05500605548274167,0.003584179466188862,-0.0009480456793676499,-0.006956163212089107,0.007375839087482404,0.012083794832587912,-0.0028563383211826074,-2.99424706378669,-4.3497731321517366,-23.700416627692093,-2.591586551267528,2.0382700552228785,0.05463705067465731
2024-01-09 17:53:40.954078,0.8463402192028455,-0.17844125462702307,0.32827810566324034,0.9451760053634644,-0.019937111588675095,0.3212898796208582,-0.05493303448977105,0.002060151389572662,-0.002632565044272464,-0.006643310700406996,-0.009702760505970917,0.0023631012704743368,0.0002813349288872821,-3.29554749872251,-4.515874295969541,-24.34026954319759,-2.6278787502437786,2.090799834095269,0.08024459110773824
2024-01-09 17:53:40.966128,0.8463854590484491,-0.17846782679129117,0.3282085077280444,0.9451760053634644,-0.019996005939012778,0.3212835962708211,-0.054948890704500104,0.002060151389572662,-0.002632565044272464,-0.006643310700406996,-0.009702760505970917,0.0023631012704743368,0.0002813349288872821,-2.9710499454643813,-4.310281560464339,-24.654051081835,-2.5065308370073747,2.059435843669695,0.050186618807438715
2024-01-09 17:53:40.978461,0.8463854590484491,-0.17846782679129117,0.3282085077280444,0.9451760053634644,-0.019996005939012778,0.3212835962708211,-0.054948890704500104,0.002060151389572662,-0.002632565044272464,-0.006643310700406996,-0.009702760505970917,0.0023631012704743368,0.0002813349288872821,-2.086395863944331,-4.3010285492490965,-24.840674316332542,-2.462854688232382,1.9078027405476838,-0.05301687833070515
2024-01-09 17:53:40.992188,0.8464352143239986,-0.17848716097699896,0.32816679770320556,0.9451693296432495,-0.020058300240268,0.3212956931458041,-0.05496953251690489,0.002060151389572662,-0.002632565044272464,-0.006643310700406996,-0.009702760505970917,0.0023631012704743368,0.0002813349288872821,-2.086395863944331,-4.3010285492490965,-24.840674316332542,-2.462854688232382,1.9078027405476838,-0.05301687833070515
2024-01-09 17:53:41.005771,0.8464862811213792,-0.17850263212725767,0.3281148316437246,0.945165753364563,-0.020117381766792824,0.3212997330896161,-0.05498598004644306,0.002060151389572662,-0.002632565044272464,-0.006643310700406996,-0.009702760505970917,0.0023631012704743368,0.0002813349288872821,-1.7821277577096268,-4.162489502406608,-24.923964415939015,-2.411448512760861,1.853527139941682,-0.07535656934329163
2024-01-09 17:53:41.019616,0.8464862811213792,-0.17850263212725767,0.3281148316437246,0.945165753364563,-0.020117381766792824,0.3212997330896161,-0.05498598004644306,0.002060151389572662,-0.002632565044272464,-0.006643310700406996,-0.009702760505970917,0.0023631012704743368,0.0002813349288872821,-1.6352806460385365,-4.379728301337754,-24.92371207640001,-2.4039863866360243,1.8360916881351208,-0.09295349671540229
2024-01-09 17:53:41.032463,0.8464862811213792,-0.17850263212725767,0.3281148316437246,0.945165753364563,-0.020117381766792824,0.3212997330896161,-0.05498598004644306,0.002060151389572662,-0.002632565044272464,-0.006643310700406996,-0.009702760505970917,0.0023631012704743368,0.0002813349288872821,-1.6352806460385365,-4.379728301337754,-24.92371207640001,-2.4039863866360243,1.8360916881351208,-0.09295349671540229
2024-01-09 17:53:41.045064,0.8465223794742956,-0.17847837861336766,0.328033199964023,0.9451729655265808,-0.02014044256312681,0.3212716714380025,-0.05501793215444986,0.002060151389572662,-0.002632565044272464,-0.006643310700406996,-0.009702760505970917,0.0023631012704743368,0.0002813349288872821,-1.6352806460385365,-4.379728301337754,-24.92371207640001,-2.4039863866360243,1.8360916881351208,-0.09295349671540229
2024-01-09 17:53:41.057409,0.8465223794742956,-0.17847837861336766,0.328033199964023,0.9451729655265808,-0.02014044256312681,0.3212716714380025,-0.05501793215444986,0.002060151389572662,-0.002632565044272464,-0.006643310700406996,-0.009702760505970917,0.0023631012704743368,0.0002813349288872821,-1.6352806460385365,-4.379728301337754,-24.92371207640001,-2.4039863866360243,1.8360916881351208,-0.09295349671540229
2024-01-09 17:53:41.069636,0.8466392177482156,-0.17841626553748433,0.3278068144460032,0.9451860785484314,-0.020194687717438604,0.32122428460757896,-0.05504908223468841,0.002060151389572662,-0.002632565044272464,-0.006643310700406996,-0.009702760505970917,0.0023631012704743368,0.0002813349288872821,-1.6603962120116176,-4.576011017570576,-26.262342652102063,-2.4805714908976024,1.961811582619316,-0.01780472453875039
2024-01-09 17:53:41.081972,0.8466392177482156,-0.17841626553748433,0.3278068144460032,0.9451860785484314,-0.020194687717438604,0.32122428460757896,-0.05504908223468841,0.002060151389572662,-0.002632565044272464,-0.006643310700406996,-0.009702760505970917,0.0023631012704743368,0.0002813349288872821,-1.6603962120116176,-4.576011017570576,-26.262342652102063,-2.4805714908976024,1.961811582619316,-0.01780472453875039
2024-01-09 17:53:41.094041,0.8466392177482156,-0.17841626553748433,0.3278068144460032,0.9451860785484314,-0.020194687717438604,0.32122428460757896,-0.05504908223468841,0.002060151389572662,-0.002632565044272464,-0.006643310700406996,-0.009702760505970917,0.0023631012704743368,0.0002813349288872821,-1.6603962120116176,-4.576011017570576,-26.262342652102063,-2.4805714908976024,1.961811582619316,-0.01780472453875039
2024-01-09 17:53:41.106643,0.8466392177482156,-0.17841626553748433,0.3278068144460032,0.9451860785484314,-0.020194687717438604,0.32122428460757896,-0.05504908223468841,0.002060151389572662,-0.002632565044272464,-0.006643310700406996,-0.009702760505970917,0.0023631012704743368,0.0002813349288872821,-1.6603962120116176,-4.576011017570576,-26.262342652102063,-2.4805714908976024,1.961811582619316,-0.01780472453875039
2024-01-09 17:53:41.120422,0.8467758731480519,-0.17841185230453738,0.32757440345044986,0.9451996684074402,-0.02027897194223188,0.3211871545231819,-0.05500132139347762,0.002060151389572662,-0.002632565044272464,-0.006643310700406996,-0.009702760505970917,0.0023631012704743368,0.0002813349288872821,-0.28450541480619523,-4.4425603431222225,-27.434097717211493,-2.3316581667497176,1.758753894055194,-0.14319313511013126
2024-01-09 17:53:41.135155,0.8468196903132504,-0.17840826463940251,0.32752784243113875,0.9451998472213745,-0.020297030302304737,0.3211889618011658,-0.0549811866206655,0.002060151389572662,-0.002632565044272464,-0.006643310700406996,-0.009702760505970917,0.0023631012704743368,0.0002813349288872821,0.10297820694880101,-4.30607910693787,-27.46513176972266,-2.2849632202124015,1.7079977725125244,-0.17452836907066982
2024-01-09 17:53:41.148806,0.8468196903132504,-0.17840826463940251,0.32752784243113875,0.9451998472213745,-0.020297030302304737,0.3211889618011658,-0.0549811866206655,0.002060151389572662,-0.002632565044272464,-0.006643310700406996,-0.009702760505970917,0.0023631012704743368,0.0002813349288872821,-0.2137983104044472,-3.8808582380955885,-28.57486508848566,-2.339722793839335,1.809312305886112,-0.1077360495232382
2024-01-09 17:53:41.162203,0.8468726537003132,-0.17844509804051978,0.3274698393743823,0.9452001452445984,-0.020324026751718037,0.3212000978876929,-0.05490058169845833,0.002060151389572662,-0.002632565044272464,-0.006643310700406996,-0.009702760505970917,0.0023631012704743368,0.0002813349288872821,-0.2137983104044472,-3.8808582380955885,-28.57486508848566,-2.339722793839335,1.809312305886112,-0.1077360495232382
2024-01-09 17:53:41.174869,0.8469076037510903,-0.17849358060775922,0.32731303922034954,0.9452303647994995,-0.02031269470888672,0.3211396023877509,-0.05473837752248835,0.002060151389572662,-0.002632565044272464,-0.006643310700406996,-0.009702760505970917,0.0023631012704743368,0.0002813349288872821,-0.5023992637409896,-4.232388025218827,-28.477658580634376,-2.3922869034740395,1.8473538097601552,-0.07364259004536501
2024-01-09 17:53:41.187688,0.8469272276833777,-0.178510984489926,0.3271388882946847,0.9452653527259827,-0.020281946279429166,0.3210596022637692,-0.05461484252665062,0.0012264957679614108,-0.0010877426354239522,-0.010884432854053883,-0.01586671647808688,0.010960095586359983,-0.000689731774202179,-0.7650273364898593,-4.213937488865763,-28.73127862320091,-2.339990640503146,1.8959771770101235,-0.056680142502948686
2024-01-09 17:53:41.200053,0.8469504924588147,-0.17850081925195094,0.3269999135359024,0.9452884793281555,-0.02027110948226121,0.32100041154133796,-0.05456631816390421,0.0012264957679614108,-0.0010877426354239522,-0.010884432854053883,-0.01586671647808688,0.010960095586359983,-0.000689731774202179,-0.9758983386929708,-4.162417990534436,-29.421045402611078,-2.3350712609675854,1.9454433275425838,-0.039708446271898304
2024-01-09 17:53:41.212606,0.8469504924588147,-0.17850081925195094,0.3269999135359024,0.9452884793281555,-0.02027110948226121,0.32100041154133796,-0.05456631816390421,0.0012264957679614108,-0.0010877426354239522,-0.010884432854053883,-0.01586671647808688,0.010960095586359983,-0.000689731774202179,-0.9758983386929708,-4.162417990534436,-29.421045402611078,-2.3350712609675854,1.9454433275425838,-0.039708446271898304
2024-01-09 17:53:41.224960,0.8469828402124678,-0.17846800689643852,0.3268969998048665,0.9452971816062927,-0.02028954009491973,0.3209677666464276,-0.05460098372232181,0.0012264957679614108,-0.0010877426354239522,-0.010884432854053883,-0.01586671647808688,0.010960095586359983,-0.000689731774202179,-0.7585784256345643,-4.166491675380121,-29.673903492461054,-2.2791833160215718,1.912603629603425,-0.0554791514742212
2024-01-09 17:53:41.237257,0.8470321884920653,-0.17844169026497425,0.32684179756828585,0.9452902674674988,-0.020331294538428347,0.3209776618680441,-0.05464721904397133,0.0012264957679614108,-0.0010877426354239522,-0.010884432854053883,-0.01586671647808688,0.010960095586359983,-0.000689731774202179,-0.1436008830100289,-4.120984258543437,-30.512759702339938,-2.3583020171373468,1.8409544975275374,-0.09556380910047393
2024-01-09 17:53:41.249619,0.8470321884920653,-0.17844169026497425,0.32684179756828585,0.9452902674674988,-0.020331294538428347,0.3209776618680441,-0.05464721904397133,0.0012264957679614108,-0.0010877426354239522,-0.010884432854053883,-0.01586671647808688,0.010960095586359983,-0.000689731774202179,-0.1436008830100289,-4.120984258543437,-30.512759702339938,-2.3583020171373468,1.8409544975275374,-0.09556380910047393
2024-01-09 17:53:41.262143,0.8470321884920653,-0.17844169026497425,0.32684179756828585,0.9452902674674988,-0.020331294538428347,0.3209776618680441,-0.05464721904397133,0.0012264957679614108,-0.0010877426354239522,-0.010884432854053883,-0.01586671647808688,0.010960095586359983,-0.000689731774202179,-0.1436008830100289,-4.120984258543437,-30.512759702339938,-2.3583020171373468,1.8409544975275374,-0.09556380910047393
2024-01-09 17:53:41.274788,0.8470321884920653,-0.17844169026497425,0.32684179756828585,0.9452902674674988,-0.020331294538428347,0.3209776618680441,-0.05464721904397133,0.0012264957679614108,-0.0010877426354239522,-0.010884432854053883,-0.01586671647808688,0.010960095586359983,-0.000689731774202179,-0.1436008830100289,-4.120984258543437,-30.512759702339938,-2.3583020171373468,1.8409544975275374,-0.09556380910047393
2024-01-09 17:53:41.287773,0.8471668809218749,-0.17852831130418714,0.32665748375206227,0.9452856779098511,-0.020512631254061497,0.32097923296101366,-0.054649378179035035,0.0012264957679614108,-0.0010877426354239522,-0.010884432854053883,-0.01586671647808688,0.010960095586359983,-0.000689731774202179,-0.36128303714688276,-3.9287744963203046,-31.11452370040493,-2.3253259510277293,1.8971446242616448,-0.060728647968702365
2024-01-09 17:53:41.300693,0.8471668809218749,-0.17852831130418714,0.32665748375206227,0.9452856779098511,-0.020512631254061497,0.32097923296101366,-0.054649378179035035,0.0012264957679614108,-0.0010877426354239522,-0.010884432854053883,-0.01586671647808688,0.010960095586359983,-0.000689731774202179,-0.36128303714688276,-3.9287744963203046,-31.11452370040493,-2.3253259510277293,1.8971446242616448,-0.060728647968702365
2024-01-09 17:53:41.313433,0.8471668809218749,-0.17852831130418714,0.32665748375206227,0.9452856779098511,-0.020512631254061497,0.32097923296101366,-0.054649378179035035,0.0012264957679614108,-0.0010877426354239522,-0.010884432854053883,-0.01586671647808688,0.010960095586359983,-0.000689731774202179,-0.36128303714688276,-3.9287744963203046,-31.11452370040493,-2.3253259510277293,1.8971446242616448,-0.060728647968702365
2024-01-09 17:53:41.326103,0.8471668809218749,-0.17852831130418714,0.32665748375206227,0.9452856779098511,-0.020512631254061497,0.32097923296101366,-0.054649378179035035,0.0012264957679614108,-0.0010877426354239522,-0.010884432854053883,-0.01586671647808688,0.010960095586359983,-0.000689731774202179,-0.36128303714688276,-3.9287744963203046,-31.11452370040493,-2.3253259510277293,1.8971446242616448,-0.060728647968702365
2024-01-09 17:53:41.338490,0.8471668809218749,-0.17852831130418714,0.32665748375206227,0.9452856779098511,-0.020512631254061497,0.32097923296101366,-0.054649378179035035,0.0012264957679614108,-0.0010877426354239522,-0.010884432854053883,-0.01586671647808688,0.010960095586359983,-0.000689731774202179,1.1974509186811773,-4.034395529334731,-32.47403954372796,-2.300337991616309,1.7501104394320548,-0.15597008122034803
2024-01-09 17:53:41.350863,0.8473631954487892,-0.1785378415774575,0.32633620119801965,0.9452694654464722,-0.0206609940002578,0.32102116394752467,-0.0546274384823528,0.0012264957679614108,-0.0010877426354239522,-0.010884432854053883,-0.01586671647808688,0.010960095586359983,-0.000689731774202179,1.1974509186811773,-4.034395529334731,-32.47403954372796,-2.300337991616309,1.7501104394320548,-0.15597008122034803
2024-01-09 17:53:41.363407,0.8474534349261896,-0.17857270044815707,0.326332441808595,0.9452309012413025,-0.02074186546273887,0.321133421588954,-0.054603991796458945,0.0012264957679614108,-0.0010877426354239522,-0.010884432854053883,-0.01586671647808688,0.010960095586359983,-0.000689731774202179,1.175436457148658,-3.5790513295719784,-33.711692003653845,-2.3522215437485925,1.7929822027198867,-0.12513056674061687
2024-01-09 17:53:41.375785,0.8474839511686943,-0.17854483158984882,0.3262539925901976,0.945239782333374,-0.020733026963163627,0.32110971512852343,-0.054593556640286665,0.0012264957679614108,-0.0010877426354239522,-0.010884432854053883,-0.01586671647808688,0.010960095586359983,-0.000689731774202179,0.8475642050320341,-4.369609594197326,-33.17185210430361,-2.358410318523647,1.8376406078861953,-0.09255999076574944
2024-01-09 17:53:41.388543,0.847502015170886,-0.17846673075366018,0.32613807308242265,0.9452604055404663,-0.020684402186824682,0.32105194780493934,-0.05459424787641169,0.0012264957679614108,-0.0010877426354239522,-0.010884432854053883,-0.01586671647808688,0.010960095586359983,-0.000689731774202179,0.7257629876377616,-4.525852261953562,-33.369847351120846,-2.325429288687751,1.9029213721016165,-0.07551904387165521
2024-01-09 17:53:41.400914,0.847502015170886,-0.17846673075366018,0.32613807308242265,0.9452604055404663,-0.020684402186824682,0.32105194780493934,-0.05459424787641169,0.0012264957679614108,-0.0010877426354239522,-0.010884432854053883,-0.01586671647808688,0.010960095586359983,-0.000689731774202179,0.7257629876377616,-4.525852261953562,-33.369847351120846,-2.325429288687751,1.9029213721016165,-0.07551904387165521
2024-01-09 17:53:41.413506,0.8475272883060818,-0.1784193464519474,0.32600432272897767,0.945281982421875,-0.02065861324940306,0.32099495198547295,-0.05456572731782607,0.0012264957679614108,-0.0010877426354239522,-0.010884432854053883,-0.01586671647808688,0.010960095586359983,-0.000689731774202179,0.35502388736422125,-4.0447049764621825,-34.71421725848502,-2.321424367577837,2.017667245053185,-0.017865992896267714
2024-01-09 17:53:41.426173,0.8475472323304912,-0.17841072906111172,0.32590070651904335,0.9452987909317017,-0.02064561538336787,0.32095371505398124,-0.05452256690045845,0.001329601627294193,0.0005744927223790459,-0.006907747328954716,-0.006004838002645258,0.005941116201404306,0.00013729815138848595,0.4656833604694199,-4.048679710602964,-34.84316136313063,-2.307203881558424,2.03367681193547,-0.011167726193494884
2024-01-09 17:53:41.439856,0.8476061058865847,-0.17837243474652914,0.32583588454680446,0.9452990293502808,-0.020714950787870015,0.32094474127910355,-0.054544814962354506,0.001329601627294193,0.0005744927223790459,-0.006907747328954716,-0.006004838002645258,0.005941116201404306,0.00013729815138848595,1.597483123951669,-4.361147120372687,-34.91414051539997,-2.350947554504686,1.887809641615134,-0.0891728253355437
2024-01-09 17:53:41.453578,0.8476061058865847,-0.17837243474652914,0.32583588454680446,0.9452990293502808,-0.020714950787870015,0.32094474127910355,-0.054544814962354506,0.001329601627294193,0.0005744927223790459,-0.006907747328954716,-0.006004838002645258,0.005941116201404306,0.00013729815138848595,1.597483123951669,-4.361147120372687,-34.91414051539997,-2.350947554504686,1.887809641615134,-0.0891728253355437
2024-01-09 17:53:41.467001,0.8476061058865847,-0.17837243474652914,0.32583588454680446,0.9452990293502808,-0.020714950787870015,0.32094474127910355,-0.054544814962354506,0.001329601627294193,0.0005744927223790459,-0.006907747328954716,-0.006004838002645258,0.005941116201404306,0.00013729815138848595,1.597483123951669,-4.361147120372687,-34.91414051539997,-2.350947554504686,1.887809641615134,-0.0891728253355437
2024-01-09 17:53:41.479889,0.8476061058865847,-0.17837243474652914,0.32583588454680446,0.9452990293502808,-0.020714950787870015,0.32094474127910355,-0.054544814962354506,0.001329601627294193,0.0005744927223790459,-0.006907747328954716,-0.006004838002645258,0.005941116201404306,0.00013729815138848595,1.597483123951669,-4.361147120372687,-34.91414051539997,-2.350947554504686,1.887809641615134,-0.0891728253355437
2024-01-09 17:53:41.493038,0.8477765899697409,-0.1785615389259274,0.32565391715331676,0.9453126788139343,-0.020943287397295382,0.3209324685963981,-0.054292562904257095,0.001329601627294193,0.0005744927223790459,-0.006907747328954716,-0.006004838002645258,0.005941116201404306,0.00013729815138848595,2.0544934781998347,-3.75565715514005,-35.23888619511017,-2.1932037632483135,1.7920243976459456,-0.14658009911759112
2024-01-09 17:53:41.505563,0.8477960606607067,-0.17858483349043297,0.3254831853576914,0.9453499913215637,-0.020918323468086752,0.3208462841757657,-0.05416194418412826,0.001329601627294193,0.0005744927223790459,-0.006907747328954716,-0.006004838002645258,0.005941116201404306,0.00013729815138848595,1.7310622263902689,-3.8190025331317194,-35.90988072305023,-2.1791662310113313,1.8196782439816415,-0.14360490697768888
2024-01-09 17:53:41.518146,0.8477960606607067,-0.17858483349043297,0.3254831853576914,0.9453499913215637,-0.020918323468086752,0.3208462841757657,-0.05416194418412826,0.001329601627294193,0.0005744927223790459,-0.006907747328954716,-0.006004838002645258,0.005941116201404306,0.00013729815138848595,1.7310622263902689,-3.8190025331317194,-35.90988072305023,-2.1791662310113313,1.8196782439816415,-0.14360490697768888
2024-01-09 17:53:41.530843,0.8477960606607067,-0.17858483349043297,0.3254831853576914,0.9453499913215637,-0.020918323468086752,0.3208462841757657,-0.05416194418412826,0.001329601627294193,0.0005744927223790459,-0.006907747328954716,-0.006004838002645258,0.005941116201404306,0.00013729815138848595,1.7310622263902689,-3.8190025331317194,-35.90988072305023,-2.1791662310113313,1.8196782439816415,-0.14360490697768888
2024-01-09 17:53:41.543370,0.8477960606607067,-0.17858483349043297,0.3254831853576914,0.9453499913215637,-0.020918323468086752,0.3208462841757657,-0.05416194418412826,0.001329601627294193,0.0005744927223790459,-0.006907747328954716,-0.006004838002645258,0.005941116201404306,0.00013729815138848595,1.7310622263902689,-3.8190025331317194,-35.90988072305023,-2.1791662310113313,1.8196782439816415,-0.14360490697768888
2024-01-09 17:53:41.556018,0.8477960606607067,-0.17858483349043297,0.3254831853576914,0.9453499913215637,-0.020918323468086752,0.3208462841757657,-0.05416194418412826,0.001329601627294193,0.0005744927223790459,-0.006907747328954716,-0.006004838002645258,0.005941116201404306,0.00013729815138848595,1.4788678514398652,-3.211757953046375,-38.74951588069367,-2.3699879610090484,2.0113006803986737,-0.02644557212136671
2024-01-09 17:53:41.568626,0.8478813828613538,-0.17848983490257175,0.3250614333396034,0.9454144835472107,-0.02090032581730321,0.32066299289748124,-0.05412804976515917,0.001329601627294193,0.0005744927223790459,-0.006907747328954716,-0.006004838002645258,0.005941116201404306,0.00013729815138848595,1.4788678514398652,-3.211757953046375,-38.74951588069367,-2.3699879610090484,2.0113006803986737,-0.02644557212136671
2024-01-09 17:53:41.581118,0.8479311510047081,-0.17855692111946264,0.3250174472890701,0.9454077482223511,-0.02098716116257252,0.3206792502103819,-0.0541161670809077,0.001329601627294193,0.0005744927223790459,-0.006907747328954716,-0.006004838002645258,0.005941116201404306,0.00013729815138848595,1.367954522645195,-3.3850672462466966,-39.18063299930556,-2.4411028888744015,2.0379811178818925,-0.003893028328021335
2024-01-09 17:53:41.593514,0.84796549919172,-0.1785871252142664,0.32496003192040573,0.9454078674316406,-0.021030879110680693,0.3206764799808098,-0.0541129522364108,0.001329601627294193,0.0005744927223790459,-0.006907747328954716,-0.006004838002645258,0.005941116201404306,0.00013729815138848595,1.8340357006585035,-3.5280847808724616,-38.614070021790646,-2.337954290037055,1.9730270664583274,-0.040612968942049785
2024-01-09 17:53:41.606092,0.8480022123270586,-0.1786151837147777,0.3249140667340051,0.9454066157341003,-0.021080562554006956,0.32067815332508887,-0.054106439043914274,0.001329601627294193,0.0005744927223790459,-0.006907747328954716,-0.006004838002645258,0.005941116201404306,0.00013729815138848595,2.1383000229536657,-3.4812581325692125,-39.239539416282604,-2.3495184934435884,1.9245193792853494,-0.07675606835878965
2024-01-09 17:53:41.619173,0.8480022123270586,-0.1786151837147777,0.3249140667340051,0.9454066157341003,-0.021080562554006956,0.32067815332508887,-0.054106439043914274,0.001329601627294193,0.0005744927223790459,-0.006907747328954716,-0.006004838002645258,0.005941116201404306,0.00013729815138848595,1.7637265907815325,-3.630224453031808,-39.140623640106796,-2.3249512289625813,2.014767976648404,-0.031499178717889785
2024-01-09 17:53:41.631959,0.8480279153836908,-0.17865046714788618,0.32484216259750975,0.9454138875007629,-0.02110688205001811,0.3206620147637662,-0.054064440077001806,0.001329601627294193,0.0005744927223790459,-0.006907747328954716,-0.006004838002645258,0.005941116201404306,0.00013729815138848595,1.7637265907815325,-3.630224453031808,-39.140623640106796,-2.3249512289625813,2.014767976648404,-0.031499178717889785
2024-01-09 17:53:41.644444,0.8480516394622788,-0.17861508277351176,0.3247230275489677,0.9454308152198792,-0.021092186967788883,0.32061453565935405,-0.05405529240342511,0.001329601627294193,0.0005744927223790459,-0.006907747328954716,-0.006004838002645258,0.005941116201404306,0.00013729815138848595,2.380435113104553,-4.039248608002497,-38.44697646447843,-2.248598441397066,1.9448376466990391,-0.06140696944309881
2024-01-09 17:53:41.657262,0.8480880842453713,-0.17859783207717822,0.32465239423679504,0.9454352259635925,-0.021111386222344843,0.32059897712866414,-0.05406308848897348,0.002277798943281506,0.001078168520846426,-0.004414582010791451,0.0017019948746372568,0.0021246309657884125,-0.0018397469226904947,3.0133294857627013,-3.455891200777208,-39.897826094595594,-2.3094822225907943,1.8805257647798777,-0.1094965031074557
2024-01-09 17:53:41.669760,0.8480880842453713,-0.17859783207717822,0.32465239423679504,0.9454352259635925,-0.021111386222344843,0.32059897712866414,-0.05406308848897348,0.002277798943281506,0.001078168520846426,-0.004414582010791451,0.0017019948746372568,0.0021246309657884125,-0.0018397469226904947,3.0133294857627013,-3.455891200777208,-39.897826094595594,-2.3094822225907943,1.8805257647798777,-0.1094965031074557
2024-01-09 17:53:41.682807,0.8480880842453713,-0.17859783207717822,0.32465239423679504,0.9454352259635925,-0.021111386222344843,0.32059897712866414,-0.05406308848897348,0.002277798943281506,0.001078168520846426,-0.004414582010791451,0.0017019948746372568,0.0021246309657884125,-0.0018397469226904947,3.0133294857627013,-3.455891200777208,-39.897826094595594,-2.3094822225907943,1.8805257647798777,-0.1094965031074557
2024-01-09 17:53:41.695296,0.8480880842453713,-0.17859783207717822,0.32465239423679504,0.9454352259635925,-0.021111386222344843,0.32059897712866414,-0.05406308848897348,0.002277798943281506,0.001078168520846426,-0.004414582010791451,0.0017019948746372568,0.0021246309657884125,-0.0018397469226904947,3.0133294857627013,-3.455891200777208,-39.897826094595594,-2.3094822225907943,1.8805257647798777,-0.1094965031074557
2024-01-09 17:53:41.707932,0.848219999374826,-0.17849324633417496,0.32449693353276216,0.9454424977302551,-0.021094271825950816,0.32058642240021606,-0.05401688213189221,0.002277798943281506,0.001078168520846426,-0.004414582010791451,0.0017019948746372568,0.0021246309657884125,-0.0018397469226904947,2.7909684419798637,-4.20337667216014,-40.75793371800169,-2.459329722679904,1.9977066567263957,-0.0532255864257508
2024-01-09 17:53:41.721142,0.8482461331635566,-0.17848039075184569,0.3244541663491284,0.9454503059387207,-0.021071576282813642,0.3205755237529917,-0.05395372947720683,0.002277798943281506,0.001078168520846426,-0.004414582010791451,0.0017019948746372568,0.0021246309657884125,-0.0018397469226904947,2.7246922793049926,-4.198431672036546,-41.47767016118647,-2.5680612923695563,2.017708308723343,-0.024021131423638837
2024-01-09 17:53:41.733480,0.8482461331635566,-0.17848039075184569,0.3244541663491284,0.9454503059387207,-0.021071576282813642,0.3205755237529917,-0.05395372947720683,0.002277798943281506,0.001078168520846426,-0.004414582010791451,0.0017019948746372568,0.0021246309657884125,-0.0018397469226904947,2.7246922793049926,-4.198431672036546,-41.47767016118647,-2.5680612923695563,2.017708308723343,-0.024021131423638837
2024-01-09 17:53:41.745714,0.8482461331635566,-0.17848039075184569,0.3244541663491284,0.9454503059387207,-0.021071576282813642,0.3205755237529917,-0.05395372947720683,0.002277798943281506,0.001078168520846426,-0.004414582010791451,0.0017019948746372568,0.0021246309657884125,-0.0018397469226904947,2.7246922793049926,-4.198431672036546,-41.47767016118647,-2.5680612923695563,2.017708308723343,-0.024021131423638837
2024-01-09 17:53:41.757920,0.8482461331635566,-0.17848039075184569,0.3244541663491284,0.9454503059387207,-0.021071576282813642,0.3205755237529917,-0.05395372947720683,0.002277798943281506,0.001078168520846426,-0.004414582010791451,0.0017019948746372568,0.0021246309657884125,-0.0018397469226904947,2.7246922793049926,-4.198431672036546,-41.47767016118647,-2.5680612923695563,2.017708308723343,-0.024021131423638837
2024-01-09 17:53:41.770047,0.8482461331635566,-0.17848039075184569,0.3244541663491284,0.9454503059387207,-0.021071576282813642,0.3205755237529917,-0.05395372947720683,0.002277798943281506,0.001078168520846426,-0.004414582010791451,0.0017019948746372568,0.0021246309657884125,-0.0018397469226904947,2.7246922793049926,-4.198431672036546,-41.47767016118647,-2.5680612923695563,2.017708308723343,-0.024021131423638837
2024-01-09 17:53:41.782368,0.8483857675247684,-0.17848853253316282,0.32432411240391634,0.9454622864723206,-0.021079125984835332,0.32057885934171715,-0.05372088019593909,0.002277798943281506,0.001078168520846426,-0.004414582010791451,0.0017019948746372568,0.0021246309657884125,-0.0018397469226904947,3.3054601015668323,-3.080060991671565,-42.060462906184284,-2.321278517576062,2.060266371578902,-0.028286290742201726
2024-01-09 17:53:41.794590,0.8484092680083557,-0.17852749808832344,0.324228485029053,0.9454851746559143,-0.02105757282397408,0.32053711953251035,-0.05357515316833415,0.002277798943281506,0.001078168520846426,-0.004414582010791451,0.0017019948746372568,0.0021246309657884125,-0.0018397469226904947,3.799229781938791,-3.9655171397620483,-40.74555789346461,-2.304741928710531,1.9732843867156264,-0.07910670463113374
2024-01-09 17:53:41.806661,0.8484092680083557,-0.17852749808832344,0.324228485029053,0.9454851746559143,-0.02105757282397408,0.32053711953251035,-0.05357515316833415,0.002277798943281506,0.001078168520846426,-0.004414582010791451,0.0017019948746372568,0.0021246309657884125,-0.0018397469226904947,3.866108791477606,-3.606216974307946,-41.609699474686984,-2.236587374394867,1.9274832914933637,-0.12234562692560516
2024-01-09 17:53:41.819194,0.8484295224024131,-0.1785376198113774,0.32415342722184837,0.9454999566078186,-0.021043796507290522,0.3205072809682069,-0.05349831625286091,0.002277798943281506,0.001078168520846426,-0.004414582010791451,0.0017019948746372568,0.0021246309657884125,-0.0018397469226904947,3.866108791477606,-3.606216974307946,-41.609699474686984,-2.236587374394867,1.9274832914933637,-0.12234562692560516
2024-01-09 17:53:41.831310,0.8484147483240402,-0.17856930737459112,0.3241060296117586,0.945527195930481,-0.02103836851981914,0.3204358186162362,-0.05344682969946856,0.002277798943281506,0.001078168520846426,-0.004414582010791451,0.0017019948746372568,0.0021246309657884125,-0.0018397469226904947,2.954937124625744,-3.4846688906710357,-42.54690527077994,-2.353508899825772,2.0895441900008396,-0.032274268435940875
2024-01-09 17:53:41.843677,0.8483713889597271,-0.17853074587061332,0.3240344362461996,0.9455772042274475,-0.021012632457551583,0.32028546807198716,-0.05347326911986137,0.002277798943281506,0.001078168520846426,-0.004414582010791451,0.0017019948746372568,0.0021246309657884125,-0.0018397469226904947,3.1612134689540117,-4.24675218196417,-41.73057560515877,-2.4837134380593526,2.099373453887393,-0.024267190112706262
2024-01-09 17:53:41.855931,0.8483713889597271,-0.17853074587061332,0.3240344362461996,0.9455772042274475,-0.021012632457551583,0.32028546807198716,-0.05347326911986137,0.002277798943281506,0.001078168520846426,-0.004414582010791451,0.0017019948746372568,0.0021246309657884125,-0.0018397469226904947,3.4989248942437063,-3.891683635852026,-41.40682043186396,-2.398379796741066,2.058604749231219,-0.07587706614012099
2024-01-09 17:53:41.868186,0.8483733973885369,-0.178493869276163,0.32400456138002787,0.9455866813659668,-0.021002488591134787,0.3202545767273127,-0.05349516666462109,0.002277798943281506,0.001078168520846426,-0.004414582010791451,0.0017019948746372568,0.0021246309657884125,-0.0018397469226904947,3.4989248942437063,-3.891683635852026,-41.40682043186396,-2.398379796741066,2.058604749231219,-0.07587706614012099
2024-01-09 17:53:41.880548,0.8483874470777186,-0.17853256287471655,0.324024725795113,0.9455809593200684,-0.021050428863763265,0.32027067546431903,-0.05348087119441319,0.002277798943281506,0.001078168520846426,-0.004414582010791451,0.0017019948746372568,0.0021246309657884125,-0.0018397469226904947,3.2822317675429433,-2.985034625861778,-42.20609596470177,-2.3804958168693364,2.1072182705000206,-0.048327096454247445
2024-01-09 17:53:41.892948,0.8483957715952651,-0.17857257756313752,0.3240439630122077,0.9455769062042236,-0.021086314001355053,0.32028328784333926,-0.05346346188519903,0.0005202823466568529,-0.0025009180263102504,0.0012023260684210224,-0.0006272107341396664,-0.0013673097195075093,-0.0050334793619206284,3.712556129378404,-3.195215569942078,-41.59685467277825,-2.3732106506531276,1.995385458560455,-0.09197904081544123
2024-01-09 17:53:41.905153,0.8483862603885524,-0.178569658848055,0.3240303843781385,0.9455857872962952,-0.021071879767137685,0.32025934182741195,-0.053454969060514924,0.0005202823466568529,-0.0025009180263102504,0.0012023260684210224,-0.0006272107341396664,-0.0013673097195075093,-0.0050334793619206284,3.7969080372591217,-3.52119900096443,-40.6696290026858,-2.3098132986513016,1.9644611188069439,-0.11033955713117047
2024-01-09 17:53:41.917401,0.8483862603885524,-0.178569658848055,0.3240303843781385,0.9455857872962952,-0.021071879767137685,0.32025934182741195,-0.053454969060514924,0.0005202823466568529,-0.0025009180263102504,0.0012023260684210224,-0.0006272107341396664,-0.0013673097195075093,-0.0050334793619206284,3.7969080372591217,-3.52119900096443,-40.6696290026858,-2.3098132986513016,1.9644611188069439,-0.11033955713117047
2024-01-09 17:53:41.929779,0.8483862603885524,-0.178569658848055,0.3240303843781385,0.9455857872962952,-0.021071879767137685,0.32025934182741195,-0.053454969060514924,0.0005202823466568529,-0.0025009180263102504,0.0012023260684210224,-0.0006272107341396664,-0.0013673097195075093,-0.0050334793619206284,3.7969080372591217,-3.52119900096443,-40.6696290026858,-2.3098132986513016,1.9644611188069439,-0.11033955713117047
2024-01-09 17:53:41.942118,0.8483862603885524,-0.178569658848055,0.3240303843781385,0.9455857872962952,-0.021071879767137685,0.32025934182741195,-0.053454969060514924,0.0005202823466568529,-0.0025009180263102504,0.0012023260684210224,-0.0006272107341396664,-0.0013673097195075093,-0.0050334793619206284,3.7969080372591217,-3.52119900096443,-40.6696290026858,-2.3098132986513016,1.9644611188069439,-0.11033955713117047
2024-01-09 17:53:41.955490,0.8483862603885524,-0.178569658848055,0.3240303843781385,0.9455857872962952,-0.021071879767137685,0.32025934182741195,-0.053454969060514924,0.0005202823466568529,-0.0025009180263102504,0.0012023260684210224,-0.0006272107341396664,-0.0013673097195075093,-0.0050334793619206284,3.7969080372591217,-3.52119900096443,-40.6696290026858,-2.3098132986513016,1.9644611188069439,-0.11033955713117047
2024-01-09 17:53:41.968034,0.848383391211465,-0.17853079711996467,0.3239587146262798,0.9456093907356262,-0.021027011189623992,0.32019945865718336,-0.05341408612460571,0.0005202823466568529,-0.0025009180263102504,0.0012023260684210224,-0.0006272107341396664,-0.0013673097195075093,-0.0050334793619206284,6.270401890548234,-2.8033262748490375,-38.74090316358109,-1.9246751101775466,1.4651439109884357,-0.41963510251461206
2024-01-09 17:53:41.981692,0.8484049215059413,-0.17855586934964646,0.3239737195611176,0.945602536201477,-0.02108429324499583,0.3202188269099292,-0.05339712123998086,0.0005202823466568529,-0.0025009180263102504,0.0012023260684210224,-0.0006272107341396664,-0.0013673097195075093,-0.0050334793619206284,5.386937216796344,-2.5996907308968678,-39.96334614029865,-2.117214912293221,1.6861179554126697,-0.28430780847277765
2024-01-09 17:53:41.995558,0.8484074918361891,-0.17853617668611566,0.323958383106166,0.9456079006195068,-0.021073742414456854,0.32020556708845094,-0.0533853847195072,0.0005202823466568529,-0.0025009180263102504,0.0012023260684210224,-0.0006272107341396664,-0.0013673097195075093,-0.0050334793619206284,5.310849895165577,-3.5801382530744745,-39.26971182110435,-2.2028754968836983,1.6956336765419764,-0.2835117413810933
2024-01-09 17:53:42.009389,0.8484174882907674,-0.17845385228499722,0.32392486578252383,0.9456172585487366,-0.021027648114296055,0.3201788362762847,-0.053397836929141025,0.0005202823466568529,-0.0025009180263102504,0.0012023260684210224,-0.0006272107341396664,-0.0013673097195075093,-0.0050334793619206284,6.369286565678536,-3.462367661891675,-38.02912968208265,-1.9570647664620944,1.462034639045286,-0.4358233280311099
2024-01-09 17:53:42.023458,0.8484334550170194,-0.17840700991944997,0.32391688656843426,0.9456192255020142,-0.021007750364016368,0.3201745133565111,-0.05339735624588326,0.0005202823466568529,-0.0025009180263102504,0.0012023260684210224,-0.0006272107341396664,-0.0013673097195075093,-0.0050334793619206284,6.074694207781524,-2.931097026513746,-39.1964969682668,-2.0191208726022287,1.4969651322311135,-0.4006158862074969
2024-01-09 17:53:42.037847,0.8484411083582094,-0.17838639993199062,0.3238986911965144,0.9456254839897156,-0.020987628939925056,0.3201628065529152,-0.05336455822984051,0.0005202823466568529,-0.0025009180263102504,0.0012023260684210224,-0.0006272107341396664,-0.0013673097195075093,-0.0050334793619206284,5.330743360267211,-2.978937123018742,-39.34625755647861,-2.070855063913579,1.632866532729016,-0.3089846791337773
2024-01-09 17:53:42.051095,0.8484411083582094,-0.17838639993199062,0.3238986911965144,0.9456254839897156,-0.020987628939925056,0.3201628065529152,-0.05336455822984051,0.0005202823466568529,-0.0025009180263102504,0.0012023260684210224,-0.0006272107341396664,-0.0013673097195075093,-0.0050334793619206284,6.869782111967318,-3.3955368672077944,-37.7908419590808,-1.9119661263799042,1.3475929210585595,-0.47657629422048137
2024-01-09 17:53:42.063669,0.8484841841301761,-0.17830682378402596,0.32388702111806444,0.9456286430358887,-0.021055424071137703,0.32014124929950816,-0.05341113681445671,0.0005202823466568529,-0.0025009180263102504,0.0012023260684210224,-0.0006272107341396664,-0.0013673097195075093,-0.0050334793619206284,6.869782111967318,-3.3955368672077944,-37.7908419590808,-1.9119661263799042,1.3475929210585595,-0.47657629422048137
2024-01-09 17:53:42.076180,0.8485402575284745,-0.17824269183407104,0.32390412432699806,0.9456234574317932,-0.02116038448072792,0.32014023917744694,-0.05346710393509417,0.0005202823466568529,-0.0025009180263102504,0.0012023260684210224,-0.0006272107341396664,-0.0013673097195075093,-0.0050334793619206284,6.631755518613522,-2.9357844392241743,-38.90713335437246,-1.9554220166186085,1.438965453811962,-0.43664741322908124
2024-01-09 17:53:42.088859,0.848574872380972,-0.17830015909126376,0.3239315817381877,0.9456132650375366,-0.021219033766231833,0.3201780595550013,-0.05339800799223254,0.0023076568331633256,-0.0038311504795144704,0.0018304940793097597,-0.006242411202893867,-0.004590523674485659,-0.010642447046245116,5.803397037422676,-2.4087086550983883,-40.004501774619165,-2.0998136477447207,1.602222558358421,-0.33569622849767206
2024-01-09 17:53:42.101098,0.848574872380972,-0.17830015909126376,0.3239315817381877,0.9456132650375366,-0.021219033766231833,0.3201780595550013,-0.05339800799223254,0.0023076568331633256,-0.0038311504795144704,0.0018304940793097597,-0.006242411202893867,-0.004590523674485659,-0.010642447046245116,5.803397037422676,-2.4087086550983883,-40.004501774619165,-2.0998136477447207,1.602222558358421,-0.33569622849767206
2024-01-09 17:53:42.113330,0.848574872380972,-0.17830015909126376,0.3239315817381877,0.9456132650375366,-0.021219033766231833,0.3201780595550013,-0.05339800799223254,0.0023076568331633256,-0.0038311504795144704,0.0018304940793097597,-0.006242411202893867,-0.004590523674485659,-0.010642447046245116,5.803397037422676,-2.4087086550983883,-40.004501774619165,-2.0998136477447207,1.602222558358421,-0.33569622849767206
2024-01-09 17:53:42.125657,0.848574872380972,-0.17830015909126376,0.3239315817381877,0.9456132650375366,-0.021219033766231833,0.3201780595550013,-0.05339800799223254,0.0023076568331633256,-0.0038311504795144704,0.0018304940793097597,-0.006242411202893867,-0.004590523674485659,-0.010642447046245116,5.803397037422676,-2.4087086550983883,-40.004501774619165,-2.0998136477447207,1.602222558358421,-0.33569622849767206
2024-01-09 17:53:42.137795,0.848574872380972,-0.17830015909126376,0.3239315817381877,0.9456132650375366,-0.021219033766231833,0.3201780595550013,-0.05339800799223254,0.0023076568331633256,-0.0038311504795144704,0.0018304940793097597,-0.006242411202893867,-0.004590523674485659,-0.010642447046245116,4.32841018613354,-3.0885248792779727,-40.01133457920721,-2.219261861056419,1.835782408958237,-0.1946927034892906
2024-01-09 17:53:42.150165,0.8485721908038621,-0.17844393304706285,0.32372043113717186,0.9456709027290344,-0.021096533128942996,0.3200898019526515,-0.0529531220207908,0.0023076568331633256,-0.0038311504795144704,0.0018304940793097597,-0.006242411202893867,-0.004590523674485659,-0.010642447046245116,4.32841018613354,-3.0885248792779727,-40.01133457920721,-2.219261861056419,1.835782408958237,-0.1946927034892906
2024-01-09 17:53:42.162691,0.8485685628440837,-0.1784312955147187,0.3236763005703053,0.9456813931465149,-0.021074744053846305,0.3200636093809396,-0.052932190355979396,0.0023076568331633256,-0.0038311504795144704,0.0018304940793097597,-0.006242411202893867,-0.004590523674485659,-0.010642447046245116,4.885262849325639,-3.093476857712364,-38.40131901062493,-2.0695045311086133,1.677700253107219,-0.266693972342036
2024-01-09 17:53:42.174855,0.8485752615976581,-0.17840758492244632,0.3236284282270397,0.9456884264945984,-0.02108316027820711,0.32003835193532293,-0.052955816575584916,0.0023076568331633256,-0.0038311504795144704,0.0018304940793097597,-0.006242411202893867,-0.004590523674485659,-0.010642447046245116,5.633529917987137,-2.582634730678195,-38.19914668067687,-1.9710463563549143,1.505239345568545,-0.3674475194617772
2024-01-09 17:53:42.187332,0.8485752615976581,-0.17840758492244632,0.3236284282270397,0.9456884264945984,-0.02108316027820711,0.32003835193532293,-0.052955816575584916,0.0023076568331633256,-0.0038311504795144704,0.0018304940793097597,-0.006242411202893867,-0.004590523674485659,-0.010642447046245116,5.633529917987137,-2.582634730678195,-38.19914668067687,-1.9710463563549143,1.505239345568545,-0.3674475194617772
2024-01-09 17:53:42.199713,0.848577232916572,-0.1784267342915126,0.3236111071068094,0.9456896185874939,-0.021104235640313412,0.32003302652319887,-0.052958739445697005,0.0023076568331633256,-0.0038311504795144704,0.0018304940793097597,-0.006242411202893867,-0.004590523674485659,-0.010642447046245116,4.823557661519319,-2.5229681788429046,-39.25602394761308,-2.1593497553869807,1.660542884149359,-0.2893103337339317
2024-01-09 17:53:42.211992,0.8485837627712383,-0.17842060415872404,0.3235874596814426,0.9456928968429565,-0.02113852532527455,0.32001689852119214,-0.05298386806332767,0.0023076568331633256,-0.0038311504795144704,0.0018304940793097597,-0.006242411202893867,-0.004590523674485659,-0.010642447046245116,4.904981369575276,-2.8258387978000874,-38.6845821503981,-2.1547929368871586,1.6545203885278938,-0.2860959281472328
2024-01-09 17:53:42.224419,0.8485945021419958,-0.1783960136199088,0.32356400276062613,0.945694088935852,-0.02115979001479346,0.320006011541958,-0.0530194644263931,0.0023076568331633256,-0.0038311504795144704,0.0018304940793097597,-0.006242411202893867,-0.004590523674485659,-0.010642447046245116,6.005458423605851,-2.956956143522262,-38.16774041425068,-2.0733157004348093,1.4276668798916494,-0.42473278103700357
2024-01-09 17:53:42.236617,0.8485945021419958,-0.1783960136199088,0.32356400276062613,0.945694088935852,-0.02115979001479346,0.320006011541958,-0.0530194644263931,0.0023076568331633256,-0.0038311504795144704,0.0018304940793097597,-0.006242411202893867,-0.004590523674485659,-0.010642447046245116,5.081438593536595,-3.001545089283887,-39.14883324922556,-2.286755561027654,1.6194836462872135,-0.32058326394998227
2024-01-09 17:53:42.248868,0.8485978959745839,-0.17839482969714976,0.323557342569256,0.9456950426101685,-0.021169045278692636,0.3200022584427113,-0.05302216810400707,0.0023076568331633256,-0.0038311504795144704,0.0018304940793097597,-0.006242411202893867,-0.004590523674485659,-0.010642447046245116,5.081438593536595,-3.001545089283887,-39.14883324922556,-2.286755561027654,1.6194836462872135,-0.32058326394998227
2024-01-09 17:53:42.261134,0.8486056747201698,-0.1783857556825023,0.32352577575373864,0.9456969499588013,-0.021187324793929558,0.31999268735126835,-0.05303798702399188,0.0023076568331633256,-0.0038311504795144704,0.0018304940793097597,-0.006242411202893867,-0.004590523674485659,-0.010642447046245116,5.166798544270527,-2.8910827512742343,-38.09249575699978,-2.1107665112304965,1.598418424099568,-0.31249962194218794
2024-01-09 17:53:42.273380,0.8486292479788851,-0.1783500992579925,0.32348806994239976,0.9456916451454163,-0.021190901994716092,0.32000391240079656,-0.0530637710673383,0.0023076568331633256,-0.0038311504795144704,0.0018304940793097597,-0.006242411202893867,-0.004590523674485659,-0.010642447046245116,6.364171117716196,-2.873472605872681,-37.494130640408535,-1.9802539085908024,1.354653045001902,-0.4667657102427413
2024-01-09 17:53:42.286277,0.8486292479788851,-0.1783500992579925,0.32348806994239976,0.9456916451454163,-0.021190901994716092,0.32000391240079656,-0.0530637710673383,0.0023076568331633256,-0.0038311504795144704,0.0018304940793097597,-0.006242411202893867,-0.004590523674485659,-0.010642447046245116,6.364171117716196,-2.873472605872681,-37.494130640408535,-1.9802539085908024,1.354653045001902,-0.4667657102427413
2024-01-09 17:53:42.298824,0.8486292479788851,-0.1783500992579925,0.32348806994239976,0.9456916451454163,-0.021190901994716092,0.32000391240079656,-0.0530637710673383,0.0023076568331633256,-0.0038311504795144704,0.0018304940793097597,-0.006242411202893867,-0.004590523674485659,-0.010642447046245116,6.364171117716196,-2.873472605872681,-37.494130640408535,-1.9802539085908024,1.354653045001902,-0.4667657102427413
2024-01-09 17:53:42.311337,0.8486292479788851,-0.1783500992579925,0.32348806994239976,0.9456916451454163,-0.021190901994716092,0.32000391240079656,-0.0530637710673383,0.0023076568331633256,-0.0038311504795144704,0.0018304940793097597,-0.006242411202893867,-0.004590523674485659,-0.010642447046245116,6.364171117716196,-2.873472605872681,-37.494130640408535,-1.9802539085908024,1.354653045001902,-0.4667657102427413
2024-01-09 17:53:42.324308,0.8486809161370208,-0.17824982263831057,0.32343435042482693,0.9456760287284851,-0.021135695073713594,0.32005141742442755,-0.053077472002915425,0.0009748709082213479,0.0018920116921118326,-0.0010135758032608596,-0.00018443693334074766,-0.0020053675874103015,0.0020279756707659692,5.579065579787306,-2.8156712055871287,-39.371160152578234,-2.2741023609941737,1.5439064027951794,-0.3557001376161316
2024-01-09 17:53:42.337324,0.8486809161370208,-0.17824982263831057,0.32343435042482693,0.9456760287284851,-0.021135695073713594,0.32005141742442755,-0.053077472002915425,0.0009748709082213479,0.0018920116921118326,-0.0010135758032608596,-0.00018443693334074766,-0.0020053675874103015,0.0020279756707659692,5.592350201494369,-3.358708927040875,-38.80102148039017,-2.2592073801284474,1.4960801107447745,-0.36181846823248304
2024-01-09 17:53:42.350077,0.8486991527248559,-0.1781982696308699,0.32343081125741374,0.9456754922866821,-0.021119626642083136,0.3200521566298039,-0.05308865132957355,0.0009748709082213479,0.0018920116921118326,-0.0010135758032608596,-0.00018443693334074766,-0.0020053675874103015,0.0020279756707659692,5.592350201494369,-3.358708927040875,-38.80102148039017,-2.2592073801284474,1.4960801107447745,-0.36181846823248304
2024-01-09 17:53:42.362307,0.8487264216372477,-0.17814029597461536,0.3234240615385427,0.9456700682640076,-0.02112124128340941,0.32006407871364717,-0.05311353825989928,0.0009748709082213479,0.0018920116921118326,-0.0010135758032608596,-0.00018443693334074766,-0.0020053675874103015,0.0020279756707659692,5.902812373916035,-3.532734374030616,-37.920160047962,-2.14857717210367,1.4673074276364833,-0.3787001567651792
2024-01-09 17:53:42.374897,0.8487967673121286,-0.17808806726372528,0.3234498900666533,0.9456411004066467,-0.02118255286405799,0.320142626043842,-0.05313096784970822,0.0009748709082213479,0.0018920116921118326,-0.0010135758032608596,-0.00018443693334074766,-0.0020053675874103015,0.0020279756707659692,6.539156113521928,-3.687071056696196,-37.79426295839177,-2.16137185243173,1.3785199352877402,-0.44633192373442815
2024-01-09 17:53:42.388322,0.8488655544880442,-0.17808872400253675,0.32349381091989005,0.945611298084259,-0.02128023940058468,0.3202253907845731,-0.05312370884743437,0.0009748709082213479,0.0018920116921118326,-0.0010135758032608596,-0.00018443693334074766,-0.0020053675874103015,0.0020279756707659692,6.231328270963385,-2.731969690751874,-38.706004162948034,-2.123668109701885,1.4409903166243345,-0.4042098063028847
2024-01-09 17:53:42.400642,0.8488754277526156,-0.1781301868839516,0.3234818870012741,0.9456131458282471,-0.021288811645990377,0.32023068198133986,-0.05305548489493897,0.0009748709082213479,0.0018920116921118326,-0.0010135758032608596,-0.00018443693334074766,-0.0020053675874103015,0.0020279756707659692,5.4260772680425005,-2.6180570811393005,-38.600078946354174,-2.1064741290456763,1.5872897486942523,-0.3237985496605474
2024-01-09 17:53:42.412615,0.8488754277526156,-0.1781301868839516,0.3234818870012741,0.9456131458282471,-0.021288811645990377,0.32023068198133986,-0.05305548489493897,0.0009748709082213479,0.0018920116921118326,-0.0010135758032608596,-0.00018443693334074766,-0.0020053675874103015,0.0020279756707659692,5.355621066693601,-3.139302715185283,-37.93289708309801,-2.128758067152792,1.6271193291377444,-0.2928864989108467
2024-01-09 17:53:42.424650,0.8488739213470741,-0.17815745640275416,0.3234337320995219,0.9456261992454529,-0.021269257156580196,0.3202069880230401,-0.05297406137781919,0.0009748709082213479,0.0018920116921118326,-0.0010135758032608596,-0.00018443693334074766,-0.0020053675874103015,0.0020279756707659692,5.355621066693601,-3.139302715185283,-37.93289708309801,-2.128758067152792,1.6271193291377444,-0.2928864989108467
2024-01-09 17:53:42.436491,0.8488662740107558,-0.17817426471883194,0.3233589372893472,0.9456455707550049,-0.0212586415166607,0.3201589430312649,-0.05292223433505874,0.0009748709082213479,0.0018920116921118326,-0.0010135758032608596,-0.00018443693334074766,-0.0020053675874103015,0.0020279756707659692,5.486761380357945,-2.698430814014993,-37.40338456788811,-1.9014330801114236,1.5704525415791668,-0.3430941479594876
2024-01-09 17:53:42.448860,0.8488592654514047,-0.1782015740978452,0.323312827694804,0.9456568360328674,-0.021232967441967354,0.32013814933970103,-0.05285711107634299,0.0009748709082213479,0.0018920116921118326,-0.0010135758032608596,-0.00018443693334074766,-0.0020053675874103015,0.0020279756707659692,5.192513657816676,-2.809513676313965,-38.52251369322116,-2.1291599077776544,1.6301385792749337,-0.3114100047741783
2024-01-09 17:53:42.460750,0.8488608223157614,-0.17821497023272267,0.3232718434930953,0.94566410779953,-0.021238646264737857,0.32012081843130796,-0.0528293935808107,0.0009748709082213479,0.0018920116921118326,-0.0010135758032608596,-0.00018443693334074766,-0.0020053675874103015,0.0020279756707659692,5.226931402081838,-2.8051760990479533,-38.016211861229344,-2.062884107469929,1.6040251265281038,-0.31025367634186235
2024-01-09 17:53:42.472629,0.8488608223157614,-0.17821497023272267,0.3232718434930953,0.94566410779953,-0.021238646264737857,0.32012081843130796,-0.0528293935808107,0.0009748709082213479,0.0018920116921118326,-0.0010135758032608596,-0.00018443693334074766,-0.0020053675874103015,0.0020279756707659692,5.226931402081838,-2.8051760990479533,-38.016211861229344,-2.062884107469929,1.6040251265281038,-0.31025367634186235
2024-01-09 17:53:42.484903,0.8488608223157614,-0.17821497023272267,0.3232718434930953,0.94566410779953,-0.021238646264737857,0.32012081843130796,-0.0528293935808107,0.0009748709082213479,0.0018920116921118326,-0.0010135758032608596,-0.00018443693334074766,-0.0020053675874103015,0.0020279756707659692,5.226931402081838,-2.8051760990479533,-38.016211861229344,-2.062884107469929,1.6040251265281038,-0.31025367634186235
2024-01-09 17:53:42.497113,0.8488608223157614,-0.17821497023272267,0.3232718434930953,0.94566410779953,-0.021238646264737857,0.32012081843130796,-0.0528293935808107,0.0009748709082213479,0.0018920116921118326,-0.0010135758032608596,-0.00018443693334074766,-0.0020053675874103015,0.0020279756707659692,5.226931402081838,-2.8051760990479533,-38.016211861229344,-2.062884107469929,1.6040251265281038,-0.31025367634186235
2024-01-09 17:53:42.510177,0.8488608223157614,-0.17821497023272267,0.3232718434930953,0.94566410779953,-0.021238646264737857,0.32012081843130796,-0.0528293935808107,0.0009748709082213479,0.0018920116921118326,-0.0010135758032608596,-0.00018443693334074766,-0.0020053675874103015,0.0020279756707659692,5.226931402081838,-2.8051760990479533,-38.016211861229344,-2.062884107469929,1.6040251265281038,-0.31025367634186235
2024-01-09 17:53:42.522806,0.8488612223873538,-0.17824589294712168,0.3231519231596649,0.9456800818443298,-0.02126654504883515,0.3200713982044238,-0.0528314780158348,7.018799866845234e-06,-0.0005425037613859818,-0.0021038654987787717,0.00038975005624925684,0.0018694092745957986,-0.0007987894744680914,4.712365032517217,-2.8263873799632835,-37.67109857088503,-2.1239376923509092,1.712738917938894,-0.23753372356527744
2024-01-09 17:53:42.534790,0.8488630111579287,-0.1782322983833777,0.3231162144371715,0.9456839561462402,-0.021276617677036157,0.3200541646494668,-0.05286283278217826,7.018799866845234e-06,-0.0005425037613859818,-0.0021038654987787717,0.00038975005624925684,0.0018694092745957986,-0.0007987894744680914,5.105775592242183,-2.851266439328589,-37.36109445966575,-2.079730649476907,1.6152588547393745,-0.30823838716000834
2024-01-09 17:53:42.547561,0.8488646981551194,-0.17822756554472488,0.32310508234536495,0.9456842541694641,-0.021272089733610867,0.320052719026542,-0.052868180607859916,7.018799866845234e-06,-0.0005425037613859818,-0.0021038654987787717,0.00038975005624925684,0.0018694092745957986,-0.0007987894744680914,5.167063080728961,-3.007314496958766,-38.203635742515296,-2.2847574848899552,1.6137774073416122,-0.297662117197484
2024-01-09 17:53:42.559716,0.8488686726418956,-0.1782187333058738,0.32307534900885093,0.9456874132156372,-0.02128097237989012,0.3200402984459614,-0.05288292533249696,7.018799866845234e-06,-0.0005425037613859818,-0.0021038654987787717,0.00038975005624925684,0.0018694092745957986,-0.0007987894744680914,5.280125509909162,-2.8857898317919064,-37.45920558291788,-2.1498459389693796,1.5661915727501603,-0.30376625955132386
2024-01-09 17:53:42.571692,0.8488686726418956,-0.1782187333058738,0.32307534900885093,0.9456874132156372,-0.02128097237989012,0.3200402984459614,-0.05288292533249696,7.018799866845234e-06,-0.0005425037613859818,-0.0021038654987787717,0.00038975005624925684,0.0018694092745957986,-0.0007987894744680914,6.0582062318895895,-2.987690244563382,-36.39374028129333,-2.0191772545194597,1.4155934781919435,-0.39544466591408245
2024-01-09 17:53:42.583648,0.8488815779033063,-0.1781892639523368,0.32303324907631503,0.9456877708435059,-0.021278084264216627,0.32003574201268686,-0.05290549098133107,7.018799866845234e-06,-0.0005425037613859818,-0.0021038654987787717,0.00038975005624925684,0.0018694092745957986,-0.0007987894744680914,6.0582062318895895,-2.987690244563382,-36.39374028129333,-2.0191772545194597,1.4155934781919435,-0.39544466591408245
2024-01-09 17:53:42.595634,0.8489376605723594,-0.17818716369481488,0.3230443540647842,0.945655882358551,-0.021313549609612462,0.32012873836895056,-0.05289888542622366,7.018799866845234e-06,-0.0005425037613859818,-0.0021038654987787717,0.00038975005624925684,0.0018694092745957986,-0.0007987894744680914,5.938837171570881,-2.991581487879807,-38.001428929897706,-2.261069031933065,1.487917620360449,-0.369184085652321
2024-01-09 17:53:42.607701,0.8489792780172333,-0.17821208710534983,0.32306959567305915,0.9456269145011902,-0.02134550830764113,0.320216251150496,-0.052873874806825226,7.018799866845234e-06,-0.0005425037613859818,-0.0021038654987787717,0.00038975005624925684,0.0018694092745957986,-0.0007987894744680914,4.890133617291709,-3.2305925456386544,-38.47227702242313,-2.3939509362234435,1.689264194872948,-0.2390826780431314
2024-01-09 17:53:42.620055,0.8489778137492995,-0.17816408005326972,0.32302828564850644,0.9456363320350647,-0.02131788521275314,0.32018642343137055,-0.0528970476738816,7.018799866845234e-06,-0.0005425037613859818,-0.0021038654987787717,0.00038975005624925684,0.0018694092745957986,-0.0007987894744680914,5.090308274553123,-3.6054628981428007,-36.98380381498909,-2.213249763970385,1.6063992158501565,-0.2802211406121897
2024-01-09 17:53:42.632091,0.8489778137492995,-0.17816408005326972,0.32302828564850644,0.9456363320350647,-0.02131788521275314,0.32018642343137055,-0.0528970476738816,7.018799866845234e-06,-0.0005425037613859818,-0.0021038654987787717,0.00038975005624925684,0.0018694092745957986,-0.0007987894744680914,5.090308274553123,-3.6054628981428007,-36.98380381498909,-2.213249763970385,1.6063992158501565,-0.2802211406121897
2024-01-09 17:53:42.644150,0.8489778137492995,-0.17816408005326972,0.32302828564850644,0.9456363320350647,-0.02131788521275314,0.32018642343137055,-0.0528970476738816,7.018799866845234e-06,-0.0005425037613859818,-0.0021038654987787717,0.00038975005624925684,0.0018694092745957986,-0.0007987894744680914,5.090308274553123,-3.6054628981428007,-36.98380381498909,-2.213249763970385,1.6063992158501565,-0.2802211406121897
2024-01-09 17:53:42.656490,0.8489778137492995,-0.17816408005326972,0.32302828564850644,0.9456363320350647,-0.02131788521275314,0.32018642343137055,-0.0528970476738816,7.018799866845234e-06,-0.0005425037613859818,-0.0021038654987787717,0.00038975005624925684,0.0018694092745957986,-0.0007987894744680914,5.090308274553123,-3.6054628981428007,-36.98380381498909,-2.213249763970385,1.6063992158501565,-0.2802211406121897
2024-01-09 17:53:42.668572,0.8490569850968931,-0.17798049326179344,0.322990444578582,0.9456284046173096,-0.02132628926098548,0.320194646076781,-0.05298618732594839,7.018799866845234e-06,-0.0005425037613859818,-0.0021038654987787717,0.00038975005624925684,0.0018694092745957986,-0.0007987894744680914,5.954400406628783,-3.3779529026604123,-36.928097818065076,-2.1404339356385567,1.4121132823814646,-0.4160216749716629
2024-01-09 17:53:42.682194,0.8490569850968931,-0.17798049326179344,0.322990444578582,0.9456284046173096,-0.02132628926098548,0.320194646076781,-0.05298618732594839,7.018799866845234e-06,-0.0005425037613859818,-0.0021038654987787717,0.00038975005624925684,0.0018694092745957986,-0.0007987894744680914,5.954400406628783,-3.3779529026604123,-36.928097818065076,-2.1404339356385567,1.4121132823814646,-0.4160216749716629
2024-01-09 17:53:42.695797,0.8490569850968931,-0.17798049326179344,0.322990444578582,0.9456284046173096,-0.02132628926098548,0.320194646076781,-0.05298618732594839,7.018799866845234e-06,-0.0005425037613859818,-0.0021038654987787717,0.00038975005624925684,0.0018694092745957986,-0.0007987894744680914,5.954400406628783,-3.3779529026604123,-36.928097818065076,-2.1404339356385567,1.4121132823814646,-0.4160216749716629
2024-01-09 17:53:42.709616,0.8490569850968931,-0.17798049326179344,0.322990444578582,0.9456284046173096,-0.02132628926098548,0.320194646076781,-0.05298618732594839,7.018799866845234e-06,-0.0005425037613859818,-0.0021038654987787717,0.00038975005624925684,0.0018694092745957986,-0.0007987894744680914,5.954400406628783,-3.3779529026604123,-36.928097818065076,-2.1404339356385567,1.4121132823814646,-0.4160216749716629
2024-01-09 17:53:42.723818,0.8490569850968931,-0.17798049326179344,0.322990444578582,0.9456284046173096,-0.02132628926098548,0.320194646076781,-0.05298618732594839,7.018799866845234e-06,-0.0005425037613859818,-0.0021038654987787717,0.00038975005624925684,0.0018694092745957986,-0.0007987894744680914,5.954400406628783,-3.3779529026604123,-36.928097818065076,-2.1404339356385567,1.4121132823814646,-0.4160216749716629
2024-01-09 17:53:42.736840,0.8491820532918736,-0.17807484682164157,0.32296021237985595,0.9455981254577637,-0.021474570708960205,0.3203056191448349,-0.05279565306500725,7.018799866845234e-06,-0.0005425037613859818,-0.0021038654987787717,0.00038975005624925684,0.0018694092745957986,-0.0007987894744680914,5.407939061320814,-2.938773981327586,-36.27713745702621,-2.0802067236344013,1.6791927930248622,-0.2593708608502703
2024-01-09 17:53:42.750541,0.8491828924121132,-0.17809875827813096,0.3228959112131621,0.945609986782074,-0.021496994713608438,0.3202717237354258,-0.0527795959737826,5.244501497664311e-05,-0.0014944660305868385,-0.00401882291836686,-0.0009874197083604049,0.004672424192075019,-0.003037878272967101,5.912197459657627,-2.6227714681204763,-36.8981361730188,-2.0223017741529365,1.5934718169408821,-0.31696901988890086
2024-01-09 17:53:42.763749,0.8491827579686391,-0.17813722563937368,0.3228731490572852,0.9456140995025635,-0.021506540383460955,0.3202647664178335,-0.05274419048854271,5.244501497664311e-05,-0.0014944660305868385,-0.00401882291836686,-0.0009874197083604049,0.004672424192075019,-0.003037878272967101,4.992700158144303,-3.1421062406200018,-37.707930310516595,-2.2881810682975314,1.7547437631848166,-0.22069694357223799
2024-01-09 17:53:42.776195,0.8491812317857188,-0.1781441759505586,0.32281052980365393,0.9456228017807007,-0.02150258121501954,0.3202406150338582,-0.052736192320584664,5.244501497664311e-05,-0.0014944660305868385,-0.00401882291836686,-0.0009874197083604049,0.004672424192075019,-0.003037878272967101,4.888203118885619,-2.9245279695077926,-36.50163989572349,-2.126523100282308,1.7945935880577122,-0.18729173775803437
2024-01-09 17:53:42.788640,0.8491859209617243,-0.1781371254414329,0.3227557130784778,0.945627748966217,-0.02151613804196356,0.3202209355365601,-0.05276136632462546,5.244501497664311e-05,-0.0014944660305868385,-0.00401882291836686,-0.0009874197083604049,0.004672424192075019,-0.003037878272967101,5.426655329071572,-2.7688394479179523,-36.5884168169656,-2.1155870709737497,1.6692147843204976,-0.2609499305398137
2024-01-09 17:53:42.801165,0.8491859209617243,-0.1781371254414329,0.3227557130784778,0.945627748966217,-0.02151613804196356,0.3202209355365601,-0.05276136632462546,5.244501497664311e-05,-0.0014944660305868385,-0.00401882291836686,-0.0009874197083604049,0.004672424192075019,-0.003037878272967101,5.426655329071572,-2.7688394479179523,-36.5884168169656,-2.1155870709737497,1.6692147843204976,-0.2609499305398137
2024-01-09 17:53:42.813530,0.8491939470480577,-0.17816519111585072,0.32275101639312326,0.945623517036438,-0.021539222304628704,0.3202328670811109,-0.052755642692712365,5.244501497664311e-05,-0.0014944660305868385,-0.00401882291836686,-0.0009874197083604049,0.004672424192075019,-0.003037878272967101,5.258234979683111,-2.851335637806867,-37.888122403399976,-2.377042779346188,1.688019670544581,-0.22817144133022504
2024-01-09 17:53:42.826408,0.8492010404669652,-0.17818490356362002,0.3227382076442526,0.9456218481063843,-0.02156650825426063,0.3202352314285689,-0.052759823331387734,5.244501497664311e-05,-0.0014944660305868385,-0.00401882291836686,-0.0009874197083604049,0.004672424192075019,-0.003037878272967101,4.854263069934888,-3.0211080606680727,-37.376759940415475,-2.3286963618101026,1.7466951651522813,-0.18068902706828505
2024-01-09 17:53:42.839118,0.8492021673303649,-0.178178976509103,0.3226957325251314,0.9456247687339783,-0.02155683063103098,0.32022609852975104,-0.052767217828347694,5.244501497664311e-05,-0.0014944660305868385,-0.00401882291836686,-0.0009874197083604049,0.004672424192075019,-0.003037878272967101,5.073504093415568,-3.0056043908666017,-36.65661804223159,-2.218346571927433,1.6993341491625251,-0.2103181295511868
2024-01-09 17:53:42.852388,0.8492044110556372,-0.17817084963491422,0.3226770624710125,0.9456267356872559,-0.02155399126445429,0.32021935207483376,-0.052773550478899464,5.244501497664311e-05,-0.0014944660305868385,-0.00401882291836686,-0.0009874197083604049,0.004672424192075019,-0.003037878272967101,5.50949300866132,-3.1699334561948564,-37.39084883015081,-2.389062607038653,1.5871955722212447,-0.2740228701362423
2024-01-09 17:53:42.865192,0.8492002034150191,-0.17816499649099074,0.3226451864284522,0.9456344842910767,-0.021557797582464153,0.32019422131725955,-0.05278592120971516,5.244501497664311e-05,-0.0014944660305868385,-0.00401882291836686,-0.0009874197083604049,0.004672424192075019,-0.003037878272967101,5.315401987135302,-2.7623847161381883,-36.623243405251934,-2.154200959112021,1.5817199784756728,-0.2927215299427001
2024-01-09 17:53:42.877191,0.8492002034150191,-0.17816499649099074,0.3226451864284522,0.9456344842910767,-0.021557797582464153,0.32019422131725955,-0.05278592120971516,5.244501497664311e-05,-0.0014944660305868385,-0.00401882291836686,-0.0009874197083604049,0.004672424192075019,-0.003037878272967101,5.315401987135302,-2.7623847161381883,-36.623243405251934,-2.154200959112021,1.5817199784756728,-0.2927215299427001
2024-01-09 17:53:42.889223,0.8492143331297864,-0.1780943524288194,0.3225548198154224,0.945643424987793,-0.021539888302486102,0.3201594168480183,-0.05284397626264901,5.244501497664311e-05,-0.0014944660305868385,-0.00401882291836686,-0.0009874197083604049,0.004672424192075019,-0.003037878272967101,6.91633071000846,-2.902407094966016,-34.990581028281525,-1.8964558020741162,1.2729855074743628,-0.4769800685217455
2024-01-09 17:53:42.901263,0.8492667836439233,-0.17808644494803924,0.32257936394809406,0.9456111788749695,-0.021551395232729337,0.32025592089921456,-0.05283140891059964,0.003278157133551618,0.000494217548760445,0.0015340082919791664,-0.0010718569276879782,-0.012587943358448365,-0.0025874055611036523,6.270741412003742,-2.7939209882341682,-37.58704073536178,-2.3000196881654316,1.4795335038834607,-0.36193512403581085
2024-01-09 17:53:42.913267,0.8492667836439233,-0.17808644494803924,0.32257936394809406,0.9456111788749695,-0.021551395232729337,0.32025592089921456,-0.05283140891059964,0.003278157133551618,0.000494217548760445,0.0015340082919791664,-0.0010718569276879782,-0.012587943358448365,-0.0025874055611036523,4.956320881142149,-3.16584613519316,-37.83642325110355,-2.441469142058362,1.7169050205900034,-0.20275095055135517
2024-01-09 17:53:42.925289,0.849307965261899,-0.1781105003046618,0.32260597104516797,0.9455817341804504,-0.021575591883549187,0.3203460845252527,-0.05280203728328835,0.003278157133551618,0.000494217548760445,0.0015340082919791664,-0.0010718569276879782,-0.012587943358448365,-0.0025874055611036523,4.956320881142149,-3.16584613519316,-37.83642325110355,-2.441469142058362,1.7169050205900034,-0.20275095055135517
2024-01-09 17:53:42.937228,0.8493116067970192,-0.1780570474357826,0.3225774393939412,0.9455875754356384,-0.021544529604000485,0.32032787935553564,-0.052820638474265595,0.003278157133551618,0.000494217548760445,0.0015340082919791664,-0.0010718569276879782,-0.012587943358448365,-0.0025874055611036523,5.436124935805681,-3.686768914202201,-36.13683019516394,-2.2844430543564695,1.586872575371497,-0.26464617996064094
2024-01-09 17:53:42.949379,0.8493182063917711,-0.17798402438091077,0.3225439647263833,0.9455971121788025,-0.021500813823358375,0.3202982781034951,-0.05284750953951774,0.003278157133551618,0.000494217548760445,0.0015340082919791664,-0.0010718569276879782,-0.012587943358448365,-0.0025874055611036523,6.267770646348464,-3.2653197968583676,-36.1210147711879,-2.162878561897896,1.4067760135001002,-0.3967918637943594
2024-01-09 17:53:42.961442,0.8493182063917711,-0.17798402438091077,0.3225439647263833,0.9455971121788025,-0.021500813823358375,0.3202982781034951,-0.05284750953951774,0.003278157133551618,0.000494217548760445,0.0015340082919791664,-0.0010718569276879782,-0.012587943358448365,-0.0025874055611036523,5.405483173160565,-3.311065304530448,-37.30333717087562,-2.3567814843851598,1.6312504476086946,-0.25017400820330066
2024-01-09 17:53:42.973384,0.8493328161378895,-0.17795568392559244,0.3225521741095264,0.9455935955047607,-0.021498256523747587,0.32030739481097253,-0.052855706392969874,0.003278157133551618,0.000494217548760445,0.0015340082919791664,-0.0010718569276879782,-0.012587943358448365,-0.0025874055611036523,5.405483173160565,-3.311065304530448,-37.30333717087562,-2.3567814843851598,1.6312504476086946,-0.25017400820330066
2024-01-09 17:53:42.985715,0.8493860369134925,-0.1779039073048417,0.32257310862318855,0.9455657005310059,-0.02149678745746196,0.32038980888402885,-0.052855740292535175,0.003278157133551618,0.000494217548760445,0.0015340082919791664,-0.0010718569276879782,-0.012587943358448365,-0.0025874055611036523,6.359098373208297,-4.086428352727102,-36.216795443452995,-2.3600586035559736,1.5322970962636562,-0.3050126082134491
2024-01-09 17:53:42.997885,0.8494792981844855,-0.17784612354937743,0.32260369326731236,0.9455081224441528,-0.021471246548071702,0.3205671848663565,-0.05282043451892961,0.003278157133551618,0.000494217548760445,0.0015340082919791664,-0.0010718569276879782,-0.012587943358448365,-0.0025874055611036523,6.959574283386282,-3.9020232565291195,-35.70157732245612,-2.2417475463505023,1.4472208089417191,-0.3714400247604217
2024-01-09 17:53:43.010052,0.8495306369116313,-0.17789661365537832,0.3226400623242278,0.9454765319824219,-0.021502989578085392,0.3206692076614271,-0.05275429779406151,0.003278157133551618,0.000494217548760445,0.0015340082919791664,-0.0010718569276879782,-0.012587943358448365,-0.0025874055611036523,5.835275038097972,-2.3727262730643175,-37.45308391432442,-2.266318338134032,1.659293996972451,-0.2294482398605873
2024-01-09 17:53:43.022104,0.8495306369116313,-0.17789661365537832,0.3226400623242278,0.9454765319824219,-0.021502989578085392,0.3206692076614271,-0.05275429779406151,0.003278157133551618,0.000494217548760445,0.0015340082919791664,-0.0010718569276879782,-0.012587943358448365,-0.0025874055611036523,5.835275038097972,-2.3727262730643175,-37.45308391432442,-2.266318338134032,1.659293996972451,-0.2294482398605873
2024-01-09 17:53:43.034245,0.8495306369116313,-0.17789661365537832,0.3226400623242278,0.9454765319824219,-0.021502989578085392,0.3206692076614271,-0.05275429779406151,0.003278157133551618,0.000494217548760445,0.0015340082919791664,-0.0010718569276879782,-0.012587943358448365,-0.0025874055611036523,5.835275038097972,-2.3727262730643175,-37.45308391432442,-2.266318338134032,1.659293996972451,-0.2294482398605873
2024-01-09 17:53:43.046366,0.8495306369116313,-0.17789661365537832,0.3226400623242278,0.9454765319824219,-0.021502989578085392,0.3206692076614271,-0.05275429779406151,0.003278157133551618,0.000494217548760445,0.0015340082919791664,-0.0010718569276879782,-0.012587943358448365,-0.0025874055611036523,5.835275038097972,-2.3727262730643175,-37.45308391432442,-2.266318338134032,1.659293996972451,-0.2294482398605873
2024-01-09 17:53:43.058568,0.8495306369116313,-0.17789661365537832,0.3226400623242278,0.9454765319824219,-0.021502989578085392,0.3206692076614271,-0.05275429779406151,0.003278157133551618,0.000494217548760445,0.0015340082919791664,-0.0010718569276879782,-0.012587943358448365,-0.0025874055611036523,5.835275038097972,-2.3727262730643175,-37.45308391432442,-2.266318338134032,1.659293996972451,-0.2294482398605873
2024-01-09 17:53:43.070582,0.8495416410724904,-0.1780617717448506,0.3224496225265633,0.9455164670944214,-0.02158722380454689,0.32057435813624513,-0.05258035525647925,0.003278157133551618,0.000494217548760445,0.0015340082919791664,-0.0010718569276879782,-0.012587943358448365,-0.0025874055611036523,5.4155332854586415,-2.968202731535835,-36.04275067922118,-2.2359616794451442,1.7301348737938822,-0.1959923196470539
2024-01-09 17:53:43.082576,0.8495522518131278,-0.17807782631020047,0.32242040776114017,0.9455188512802124,-0.021634953178290704,0.3205625226863883,-0.052589785827434614,0.003278157133551618,0.000494217548760445,0.0015340082919791664,-0.0010718569276879782,-0.012587943358448365,-0.0025874055611036523,5.000753835324138,-3.0482580665139487,-36.5751751077075,-2.330239709549723,1.857282685940247,-0.14425123640491538
2024-01-09 17:53:43.094734,0.8495496602426357,-0.1780614082310663,0.32233656294701335,0.9455315470695496,-0.021634647493460595,0.3205203887034873,-0.052618242483476955,-0.0001727713661396161,0.001094538608944114,-0.005589654275121406,0.0036069615383027645,0.005770204673197155,0.0015868877549680043,5.564222103117862,-2.8637245677606527,-34.89249646427322,-2.04824713108451,1.736631363520947,-0.2409427885261013
2024-01-09 17:53:43.106779,0.8495496602426357,-0.1780614082310663,0.32233656294701335,0.9455315470695496,-0.021634647493460595,0.3205203887034873,-0.052618242483476955,-0.0001727713661396161,0.001094538608944114,-0.005589654275121406,0.0036069615383027645,0.005770204673197155,0.0015868877549680043,5.588653718623395,-2.869449196524469,-36.62108995000111,-2.3565044353381315,1.7273024542763606,-0.22986958381776743
2024-01-09 17:53:43.119000,0.8495532538025796,-0.17807182443532843,0.3223047430008046,0.9455341100692749,-0.021653509859910915,0.3205096154204384,-0.05263031190856082,-0.0001727713661396161,0.001094538608944114,-0.005589654275121406,0.0036069615383027645,0.005770204673197155,0.0015868877549680043,5.588653718623395,-2.869449196524469,-36.62108995000111,-2.3565044353381315,1.7273024542763606,-0.22986958381776743
2024-01-09 17:53:43.131240,0.8495562489925753,-0.1780994955829104,0.32229228682022576,0.945533812046051,-0.021676073127088902,0.32050940228292013,-0.052628094214458854,-0.0001727713661396161,0.001094538608944114,-0.005589654275121406,0.0036069615383027645,0.005770204673197155,0.0015868877549680043,5.013051264593152,-2.8189055842846016,-36.911938236527924,-2.390443311221925,1.829108298878419,-0.16626246233478614
2024-01-09 17:53:43.143281,0.8495577879980091,-0.17809902885438464,0.322250282628197,0.9455384612083435,-0.021687477663400706,0.32049198881025115,-0.05264528987532824,-0.0001727713661396161,0.001094538608944114,-0.005589654275121406,0.0036069615383027645,0.005770204673197155,0.0015868877549680043,4.862434418715409,-3.0102096106510903,-35.90320303881957,-2.284588289214677,1.8593686979777349,-0.13034089242881577
2024-01-09 17:53:43.155408,0.8495577879980091,-0.17809902885438464,0.322250282628197,0.9455384612083435,-0.021687477663400706,0.32049198881025115,-0.05264528987532824,-0.0001727713661396161,0.001094538608944114,-0.005589654275121406,0.0036069615383027645,0.005770204673197155,0.0015868877549680043,4.862434418715409,-3.0102096106510903,-35.90320303881957,-2.284588289214677,1.8593686979777349,-0.13034089242881577
2024-01-09 17:53:43.167485,0.8495577879980091,-0.17809902885438464,0.322250282628197,0.9455384612083435,-0.021687477663400706,0.32049198881025115,-0.05264528987532824,-0.0001727713661396161,0.001094538608944114,-0.005589654275121406,0.0036069615383027645,0.005770204673197155,0.0015868877549680043,4.862434418715409,-3.0102096106510903,-35.90320303881957,-2.284588289214677,1.8593686979777349,-0.13034089242881577
2024-01-09 17:53:43.179633,0.8495577879980091,-0.17809902885438464,0.322250282628197,0.9455384612083435,-0.021687477663400706,0.32049198881025115,-0.05264528987532824,-0.0001727713661396161,0.001094538608944114,-0.005589654275121406,0.0036069615383027645,0.005770204673197155,0.0015868877549680043,4.862434418715409,-3.0102096106510903,-35.90320303881957,-2.284588289214677,1.8593686979777349,-0.13034089242881577
2024-01-09 17:53:43.191771,0.8495539386551981,-0.17805204250673606,0.32212071201931924,0.9455596208572388,-0.021670121441089915,0.3204212409957293,-0.05270362190398442,-0.0001727713661396161,0.001094538608944114,-0.005589654275121406,0.0036069615383027645,0.005770204673197155,0.0015868877549680043,5.995693736692101,-2.8862262227810658,-34.70417294482988,-2.0929767901914214,1.5488911596854296,-0.29900294791571946
2024-01-09 17:53:43.203625,0.8495770869199775,-0.17799422109722415,0.32210009744714624,0.9455556273460388,-0.0216637556496871,0.3204262536620828,-0.052747299386890906,-0.0001727713661396161,0.001094538608944114,-0.005589654275121406,0.0036069615383027645,0.005770204673197155,0.0015868877549680043,7.03717844568618,-3.219078636373074,-35.20676784866326,-2.19876212697585,1.3658613467905774,-0.41708511146966215
2024-01-09 17:53:43.215755,0.8495770869199775,-0.17799422109722415,0.32210009744714624,0.9455556273460388,-0.0216637556496871,0.3204262536620828,-0.052747299386890906,-0.0001727713661396161,0.001094538608944114,-0.005589654275121406,0.0036069615383027645,0.005770204673197155,0.0015868877549680043,5.417285221847866,-2.835900302319692,-36.93055241180884,-2.4235181054253134,1.7506406014961355,-0.19773372328989083
2024-01-09 17:53:43.227756,0.8495963529902166,-0.17800998338221224,0.3221260518847845,0.9455463886260986,-0.02168411167830399,0.3204538884291011,-0.05273610313596497,-0.0001727713661396161,0.001094538608944114,-0.005589654275121406,0.0036069615383027645,0.005770204673197155,0.0015868877549680043,5.417285221847866,-2.835900302319692,-36.93055241180884,-2.4235181054253134,1.7506406014961355,-0.19773372328989083
2024-01-09 17:53:43.239786,0.8495963529902166,-0.17800998338221224,0.3221260518847845,0.9455463886260986,-0.02168411167830399,0.3204538884291011,-0.05273610313596497,-0.0001727713661396161,0.001094538608944114,-0.005589654275121406,0.0036069615383027645,0.005770204673197155,0.0015868877549680043,5.417285221847866,-2.835900302319692,-36.93055241180884,-2.4235181054253134,1.7506406014961355,-0.19773372328989083
2024-01-09 17:53:43.252233,0.8495963529902166,-0.17800998338221224,0.3221260518847845,0.9455463886260986,-0.02168411167830399,0.3204538884291011,-0.05273610313596497,-0.0001727713661396161,0.001094538608944114,-0.005589654275121406,0.0036069615383027645,0.005770204673197155,0.0015868877549680043,5.417285221847866,-2.835900302319692,-36.93055241180884,-2.4235181054253134,1.7506406014961355,-0.19773372328989083
2024-01-09 17:53:43.264447,0.8495963529902166,-0.17800998338221224,0.3221260518847845,0.9455463886260986,-0.02168411167830399,0.3204538884291011,-0.05273610313596497,-0.0001727713661396161,0.001094538608944114,-0.005589654275121406,0.0036069615383027645,0.005770204673197155,0.0015868877549680043,5.417285221847866,-2.835900302319692,-36.93055241180884,-2.4235181054253134,1.7506406014961355,-0.19773372328989083
2024-01-09 17:53:43.276483,0.8496512298194963,-0.17785187813126735,0.32212052750028514,0.945543646812439,-0.021632018204343302,0.3204584606891857,-0.052779138180472356,-0.0001727713661396161,0.001094538608944114,-0.005589654275121406,0.0036069615383027645,0.005770204673197155,0.0015868877549680043,5.279045552893289,-3.4912400428516728,-36.59684138780168,-2.4964474615459844,1.770477188696159,-0.1736681179857955
2024-01-09 17:53:43.288776,0.8497327362483831,-0.17778840102137344,0.32215684886401813,0.9455082416534424,-0.021698439870761706,0.3205550643576776,-0.05279922560136376,-0.0001727713661396161,0.001094538608944114,-0.005589654275121406,0.0036069615383027645,0.005770204673197155,0.0015868877549680043,6.1138671966863205,-4.658885902617608,-35.39477455453148,-2.564004715183024,1.6946816175270885,-0.21652507241646013
2024-01-09 17:53:43.301129,0.8497327362483831,-0.17778840102137344,0.32215684886401813,0.9455082416534424,-0.021698439870761706,0.3205550643576776,-0.05279922560136376,-0.0001727713661396161,0.001094538608944114,-0.005589654275121406,0.0036069615383027645,0.005770204673197155,0.0015868877549680043,6.744659977730101,-3.979151682964778,-34.714668579286524,-2.2772595388809713,1.5926384496829662,-0.31525581085306453
2024-01-09 17:53:43.313646,0.849845396031461,-0.17772316579043881,0.3221976377322378,0.9454535245895386,-0.021771149832252607,0.3207111683441134,-0.05280188984267233,-0.0001727713661396161,0.001094538608944114,-0.005589654275121406,0.0036069615383027645,0.005770204673197155,0.0015868877549680043,6.744659977730101,-3.979151682964778,-34.714668579286524,-2.2772595388809713,1.5926384496829662,-0.31525581085306453
2024-01-09 17:53:43.326129,0.849871842337398,-0.17777702353005442,0.3222117213128416,0.9454479217529297,-0.021818206196273775,0.3207349124839831,-0.05273789194486245,0.0016528941210597337,-0.003366108725975578,0.0008802237877365837,-0.0057045791790918945,-0.0025459875289299484,-0.008298770181183033,5.591821315248947,-2.32280237657517,-36.59686843427884,-2.2879867372601734,1.7763891571381598,-0.187864774555431
2024-01-09 17:53:43.338522,0.8498593536241489,-0.1778763896144213,0.3221510174575608,0.9454713463783264,-0.021797804183528835,0.32069490446116944,-0.05256976008280363,0.0016528941210597337,-0.003366108725975578,0.0008802237877365837,-0.0057045791790918945,-0.0025459875289299484,-0.008298770181183033,4.926907694699298,-2.7939623712300823,-36.08824317586205,-2.395388009692445,1.8830918383854545,-0.12787884525813326
2024-01-09 17:53:43.350922,0.849857360804988,-0.1779083581547481,0.3220426329774034,0.9454970359802246,-0.021770123008871912,0.32064029971565483,-0.05245160319865403,0.0016528941210597337,-0.003366108725975578,0.0008802237877365837,-0.0057045791790918945,-0.0025459875289299484,-0.008298770181183033,5.6223447879760045,-3.1810423517433364,-34.28670798817943,-2.1939129356631355,1.802222654046766,-0.18077047797173326
2024-01-09 17:53:43.363581,0.8498702913158797,-0.1779296038931001,0.3219914296818995,0.9455025792121887,-0.02181221217554084,0.3206221840690763,-0.052445692791859275,0.0016528941210597337,-0.003366108725975578,0.0008802237877365837,-0.0057045791790918945,-0.0025459875289299484,-0.008298770181183033,5.955412462895568,-2.6357013149177457,-35.25347929190746,-2.0925009933327856,1.7845265712679577,-0.21317026953119356
2024-01-09 17:53:43.375973,0.8498702913158797,-0.1779296038931001,0.3219914296818995,0.9455025792121887,-0.02181221217554084,0.3206221840690763,-0.052445692791859275,0.0016528941210597337,-0.003366108725975578,0.0008802237877365837,-0.0057045791790918945,-0.0025459875289299484,-0.008298770181183033,5.366535429370976,-2.7333031715512908,-36.40820421906106,-2.3571926437727933,1.868307670752599,-0.1645743364954171
2024-01-09 17:53:43.388930,0.8498776869115261,-0.1779816826106187,0.3220052443558759,0.9454987049102783,-0.021848618496846075,0.32063457514542065,-0.05242451264392881,0.0016528941210597337,-0.003366108725975578,0.0008802237877365837,-0.0057045791790918945,-0.0025459875289299484,-0.008298770181183033,5.366535429370976,-2.7333031715512908,-36.40820421906106,-2.3571926437727933,1.868307670752599,-0.1645743364954171
2024-01-09 17:53:43.401437,0.8498776869115261,-0.1779816826106187,0.3220052443558759,0.9454987049102783,-0.021848618496846075,0.32063457514542065,-0.05242451264392881,0.0016528941210597337,-0.003366108725975578,0.0008802237877365837,-0.0057045791790918945,-0.0025459875289299484,-0.008298770181183033,4.969209009787415,-3.1971818981366065,-35.30065710731154,-2.3702358926808462,1.9456876259545153,-0.09196197673848878
2024-01-09 17:53:43.413766,0.8498776869115261,-0.1779816826106187,0.3220052443558759,0.9454987049102783,-0.021848618496846075,0.32063457514542065,-0.05242451264392881,0.0016528941210597337,-0.003366108725975578,0.0008802237877365837,-0.0057045791790918945,-0.0025459875289299484,-0.008298770181183033,4.969209009787415,-3.1971818981366065,-35.30065710731154,-2.3702358926808462,1.9456876259545153,-0.09196197673848878
2024-01-09 17:53:43.426552,0.849883992663165,-0.1779867020089233,0.32187306254275505,0.9455150365829468,-0.02186669578820409,0.32058067046190947,-0.052451708219046315,0.0016528941210597337,-0.003366108725975578,0.0008802237877365837,-0.0057045791790918945,-0.0025459875289299484,-0.008298770181183033,4.969209009787415,-3.1971818981366065,-35.30065710731154,-2.3702358926808462,1.9456876259545153,-0.09196197673848878
2024-01-09 17:53:43.438830,0.849883992663165,-0.1779867020089233,0.32187306254275505,0.9455150365829468,-0.02186669578820409,0.32058067046190947,-0.052451708219046315,0.0016528941210597337,-0.003366108725975578,0.0008802237877365837,-0.0057045791790918945,-0.0025459875289299484,-0.008298770181183033,4.969209009787415,-3.1971818981366065,-35.30065710731154,-2.3702358926808462,1.9456876259545153,-0.09196197673848878
2024-01-09 17:53:43.451201,0.8498863408539052,-0.17799529672286496,0.3218395731896817,0.9455174803733826,-0.02187991916693743,0.3205711970208101,-0.05246048141542487,0.0016528941210597337,-0.003366108725975578,0.0008802237877365837,-0.0057045791790918945,-0.0025459875289299484,-0.008298770181183033,4.737185315369364,-2.9959713205774867,-35.55002324569144,-2.3920069707335467,1.9113403949320131,-0.0959567962207832
2024-01-09 17:53:43.463661,0.8498863408539052,-0.17799529672286496,0.3218395731896817,0.9455174803733826,-0.02187991916693743,0.3205711970208101,-0.05246048141542487,0.0016528941210597337,-0.003366108725975578,0.0008802237877365837,-0.0057045791790918945,-0.0025459875289299484,-0.008298770181183033,4.737185315369364,-2.9959713205774867,-35.55002324569144,-2.3920069707335467,1.9113403949320131,-0.0959567962207832
2024-01-09 17:53:43.476193,0.8498863408539052,-0.17799529672286496,0.3218395731896817,0.9455174803733826,-0.02187991916693743,0.3205711970208101,-0.05246048141542487,0.0016528941210597337,-0.003366108725975578,0.0008802237877365837,-0.0057045791790918945,-0.0025459875289299484,-0.008298770181183033,4.737185315369364,-2.9959713205774867,-35.55002324569144,-2.3920069707335467,1.9113403949320131,-0.0959567962207832
2024-01-09 17:53:43.488931,0.8498863408539052,-0.17799529672286496,0.3218395731896817,0.9455174803733826,-0.02187991916693743,0.3205711970208101,-0.05246048141542487,0.0016528941210597337,-0.003366108725975578,0.0008802237877365837,-0.0057045791790918945,-0.0025459875289299484,-0.008298770181183033,4.737185315369364,-2.9959713205774867,-35.55002324569144,-2.3920069707335467,1.9113403949320131,-0.0959567962207832
2024-01-09 17:53:43.501336,0.8498883138362365,-0.17794291235117604,0.3216819867829989,0.9455370903015137,-0.02185814882256693,0.3205035345803082,-0.052528936727271144,0.0016528941210597337,-0.003366108725975578,0.0008802237877365837,-0.0057045791790918945,-0.0025459875289299484,-0.008298770181183033,5.4477337791735705,-3.191055473645068,-34.641400981163365,-2.3221134048391754,1.7290058893198388,-0.176863485519118
2024-01-09 17:53:43.513832,0.8499066385508025,-0.17788605425756499,0.3216502018675639,0.9455365538597107,-0.02185237426890631,0.3204974257170215,-0.05257879208224187,0.0016528941210597337,-0.003366108725975578,0.0008802237877365837,-0.0057045791790918945,-0.0025459875289299484,-0.008298770181183033,6.6814064059943865,-3.325365401646491,-34.20679875132774,-2.252775692266396,1.5075916362512825,-0.32548498721350305
2024-01-09 17:53:43.526466,0.8499066385508025,-0.17788605425756499,0.3216502018675639,0.9455365538597107,-0.02185237426890631,0.3204974257170215,-0.05257879208224187,0.0016528941210597337,-0.003366108725975578,0.0008802237877365837,-0.0057045791790918945,-0.0025459875289299484,-0.008298770181183033,5.782428384422923,-2.9569652629289056,-36.15254999956844,-2.509123517683506,1.7365446628270154,-0.1997350513300997
2024-01-09 17:53:43.539042,0.8499525154482366,-0.17789711059085794,0.32169397080855167,0.9455079436302185,-0.02187986508771713,0.3205818652548206,-0.05256634409475567,0.0016528941210597337,-0.003366108725975578,0.0008802237877365837,-0.0057045791790918945,-0.0025459875289299484,-0.008298770181183033,5.782428384422923,-2.9569652629289056,-36.15254999956844,-2.509123517683506,1.7365446628270154,-0.1997350513300997
2024-01-09 17:53:43.551313,0.8499631907982999,-0.17787269264288608,0.3216918692765415,0.9455080628395081,-0.021865664529625645,0.32058250949143513,-0.052566260069109964,0.0006279617684277467,0.0014363498806980277,-0.00012361953001119143,-0.0005473235909241795,-0.00015477028863791634,0.0015727701765724225,4.8762590780415795,-4.145311568620425,-35.304710301017494,-2.6167278274636367,1.8664100685741416,-0.09284275726553581
2024-01-09 17:53:43.563814,0.8499790360304553,-0.1777728459534406,0.32165432996850846,0.9455153942108154,-0.021813868691821513,0.32055897210169615,-0.05259997407572877,0.0006279617684277467,0.0014363498806980277,-0.00012361953001119143,-0.0005473235909241795,-0.00015477028863791634,0.0015727701765724225,6.167136848079291,-3.926814691090276,-33.77922670238392,-2.2957837588162398,1.5941738054599326,-0.2773179631800846
2024-01-09 17:53:43.576329,0.8500036636669728,-0.17773452803752965,0.32167123710802287,0.9455086588859558,-0.02181751709461368,0.3205764885147531,-0.05261290070217699,0.0006279617684277467,0.0014363498806980277,-0.00012361953001119143,-0.0005473235909241795,-0.00015477028863791634,0.0015727701765724225,5.367126985228898,-3.4484257087912633,-35.686440448622925,-2.4546488246878164,1.7953753210777152,-0.15062815204413335
2024-01-09 17:53:43.588849,0.8500036636669728,-0.17773452803752965,0.32167123710802287,0.9455086588859558,-0.02181751709461368,0.3205764885147531,-0.05261290070217699,0.0006279617684277467,0.0014363498806980277,-0.00012361953001119143,-0.0005473235909241795,-0.00015477028863791634,0.0015727701765724225,4.896908062622707,-4.045503755992661,-35.65785828098172,-2.633312608743308,1.9122702945332752,-0.06394061389380284
2024-01-09 17:53:43.601404,0.8500329433837065,-0.1777104775864009,0.32169614771599014,0.9454963207244873,-0.021824253506599004,0.32061255133928374,-0.05261181231955791,0.0006279617684277467,0.0014363498806980277,-0.00012361953001119143,-0.0005473235909241795,-0.00015477028863791634,0.0015727701765724225,4.896908062622707,-4.045503755992661,-35.65785828098172,-2.633312608743308,1.9122702945332752,-0.06394061389380284
2024-01-09 17:53:43.614409,0.8501541088720275,-0.17764894847914695,0.3217469897412194,0.9454290866851807,-0.021880843294364564,0.32080814821377146,-0.05260373446048098,0.0006279617684277467,0.0014363498806980277,-0.00012361953001119143,-0.0005473235909241795,-0.00015477028863791634,0.0015727701765724225,6.136423647340304,-4.365232605357179,-34.333063832875524,-2.504762974519971,1.7687697523648698,-0.17921564725083597
2024-01-09 17:53:43.626686,0.850231363327159,-0.17764153761579277,0.32178014064949273,0.9453861117362976,-0.021908681713136133,0.3209394928238444,-0.05256388383926068,0.0006279617684277467,0.0014363498806980277,-0.00012361953001119143,-0.0005473235909241795,-0.00015477028863791634,0.0015727701765724225,6.068369196206161,-3.0011515435222673,-35.15605001716893,-2.343644567768034,1.746450225872756,-0.19144682760200002
2024-01-09 17:53:43.638915,0.850231363327159,-0.17764153761579277,0.32178014064949273,0.9453861117362976,-0.021908681713136133,0.3209394928238444,-0.05256388383926068,0.0006279617684277467,0.0014363498806980277,-0.00012361953001119143,-0.0005473235909241795,-0.00015477028863791634,0.0015727701765724225,6.068369196206161,-3.0011515435222673,-35.15605001716893,-2.343644567768034,1.746450225872756,-0.19144682760200002
2024-01-09 17:53:43.651199,0.850231363327159,-0.17764153761579277,0.32178014064949273,0.9453861117362976,-0.021908681713136133,0.3209394928238444,-0.05256388383926068,0.0006279617684277467,0.0014363498806980277,-0.00012361953001119143,-0.0005473235909241795,-0.00015477028863791634,0.0015727701765724225,6.068369196206161,-3.0011515435222673,-35.15605001716893,-2.343644567768034,1.746450225872756,-0.19144682760200002
2024-01-09 17:53:43.663801,0.850231363327159,-0.17764153761579277,0.32178014064949273,0.9453861117362976,-0.021908681713136133,0.3209394928238444,-0.05256388383926068,0.0006279617684277467,0.0014363498806980277,-0.00012361953001119143,-0.0005473235909241795,-0.00015477028863791634,0.0015727701765724225,6.068369196206161,-3.0011515435222673,-35.15605001716893,-2.343644567768034,1.746450225872756,-0.19144682760200002
2024-01-09 17:53:43.676330,0.850231363327159,-0.17764153761579277,0.32178014064949273,0.9453861117362976,-0.021908681713136133,0.3209394928238444,-0.05256388383926068,0.0006279617684277467,0.0014363498806980277,-0.00012361953001119143,-0.0005473235909241795,-0.00015477028863791634,0.0015727701765724225,6.068369196206161,-3.0011515435222673,-35.15605001716893,-2.343644567768034,1.746450225872756,-0.19144682760200002
2024-01-09 17:53:43.689098,0.850231363327159,-0.17764153761579277,0.32178014064949273,0.9453861117362976,-0.021908681713136133,0.3209394928238444,-0.05256388383926068,0.0006279617684277467,0.0014363498806980277,-0.00012361953001119143,-0.0005473235909241795,-0.00015477028863791634,0.0015727701765724225,6.068369196206161,-3.0011515435222673,-35.15605001716893,-2.343644567768034,1.746450225872756,-0.19144682760200002
2024-01-09 17:53:43.702671,0.850231363327159,-0.17764153761579277,0.32178014064949273,0.9453861117362976,-0.021908681713136133,0.3209394928238444,-0.05256388383926068,0.0006279617684277467,0.0014363498806980277,-0.00012361953001119143,-0.0005473235909241795,-0.00015477028863791634,0.0015727701765724225,6.068369196206161,-3.0011515435222673,-35.15605001716893,-2.343644567768034,1.746450225872756,-0.19144682760200002
2024-01-09 17:53:43.715418,0.8502482646219574,-0.17792465412143088,0.32149264096404184,0.9454471468925476,-0.02202102380122221,0.3208022077813918,-0.05225619570422478,0.0006279617684277467,0.0014363498806980277,-0.00012361953001119143,-0.0005473235909241795,-0.00015477028863791634,0.0015727701765724225,4.997230495643626,-3.1651234128232946,-33.68800476783246,-2.3439577690973303,1.9624606923524994,-0.07527460936763719
2024-01-09 17:53:43.727915,0.8502472021888543,-0.1779103045522291,0.32141813522982066,0.9454581141471863,-0.0220243901275738,0.32076460897329206,-0.05228747617822025,0.0006279617684277467,0.0014363498806980277,-0.00012361953001119143,-0.0005473235909241795,-0.00015477028863791634,0.0015727701765724225,5.304792534382727,-2.8310307317625356,-33.91481694304906,-2.3129369776600646,1.8942756615093834,-0.12237264231243826
2024-01-09 17:53:43.740454,0.8502407523826132,-0.1779354066638197,0.3213931271874777,0.9454635381698608,-0.022032490771007596,0.3207477497753361,-0.052289433873777366,0.0006279617684277467,0.0014363498806980277,-0.00012361953001119143,-0.0005473235909241795,-0.00015477028863791634,0.0015727701765724225,4.885763020072384,-2.7648281225413034,-35.473228896884606,-2.5521437935684923,1.9629805580412092,-0.08198830712686692
2024-01-09 17:53:43.753211,0.8502303926031347,-0.17794288759793275,0.32135545123371295,0.9454752802848816,-0.02204514053952505,0.3207086293382701,-0.05231187172646622,0.0006279617684277467,0.0014363498806980277,-0.00012361953001119143,-0.0005473235909241795,-0.00015477028863791634,0.0015727701765724225,4.596186797795238,-3.0421775649131395,-34.74082593617986,-2.4762126643206557,2.030548325766934,-0.029583085438603777
2024-01-09 17:53:43.765649,0.8502303926031347,-0.17794288759793275,0.32135545123371295,0.9454752802848816,-0.02204514053952505,0.3207086293382701,-0.05231187172646622,0.0006279617684277467,0.0014363498806980277,-0.00012361953001119143,-0.0005473235909241795,-0.00015477028863791634,0.0015727701765724225,5.198984479400628,-2.9347827973527085,-33.81124071954123,-2.3142136791493058,1.875339285574927,-0.1304557580665398
2024-01-09 17:53:43.778126,0.850219639111718,-0.1779238834985742,0.3212944578235755,0.9454872608184814,-0.022025232254226913,0.3206696031420223,-0.05234288894053739,-0.0007681065297614,0.0013574356684690045,-0.0043566721526738,0.00331069487446644,0.005573620833604551,0.004439417964562488,5.198984479400628,-2.9347827973527085,-33.81124071954123,-2.3142136791493058,1.875339285574927,-0.1304557580665398
2024-01-09 17:53:43.790970,0.850221616434602,-0.1779073540232538,0.32126928945286,0.9454888105392456,-0.02201122428078494,0.32066343033067923,-0.05235825274945364,-0.0007681065297614,0.0013574356684690045,-0.0043566721526738,0.00331069487446644,0.005573620833604551,0.004439417964562488,5.40413688751695,-3.217145747398726,-34.67251553711128,-2.520026460870324,1.842865594241082,-0.14495690446413625
2024-01-09 17:53:43.803754,0.8502245323763519,-0.17789175416323913,0.32124797963408663,0.9454918503761292,-0.02201320432664919,0.32065130957947985,-0.05237641813421323,-0.0007681065297614,0.0013574356684690045,-0.0043566721526738,0.00331069487446644,0.005573620833604551,0.004439417964562488,5.471452590335693,-3.1248428736165055,-34.46850813140106,-2.44001995273598,1.7927993999992005,-0.16458296335201222
2024-01-09 17:53:43.816475,0.8502245323763519,-0.17789175416323913,0.32124797963408663,0.9454918503761292,-0.02201320432664919,0.32065130957947985,-0.05237641813421323,-0.0007681065297614,0.0013574356684690045,-0.0043566721526738,0.00331069487446644,0.005573620833604551,0.004439417964562488,6.146197363423791,-3.2695078383113314,-33.294310783959425,-2.3008336344457616,1.6595442424224736,-0.23231312523515307
2024-01-09 17:53:43.829150,0.8502245323763519,-0.17789175416323913,0.32124797963408663,0.9454918503761292,-0.02201320432664919,0.32065130957947985,-0.05237641813421323,-0.0007681065297614,0.0013574356684690045,-0.0043566721526738,0.00331069487446644,0.005573620833604551,0.004439417964562488,6.146197363423791,-3.2695078383113314,-33.294310783959425,-2.3008336344457616,1.6595442424224736,-0.23231312523515307
2024-01-09 17:53:43.841662,0.8502245323763519,-0.17789175416323913,0.32124797963408663,0.9454918503761292,-0.02201320432664919,0.32065130957947985,-0.05237641813421323,-0.0007681065297614,0.0013574356684690045,-0.0043566721526738,0.00331069487446644,0.005573620833604551,0.004439417964562488,6.146197363423791,-3.2695078383113314,-33.294310783959425,-2.3008336344457616,1.6595442424224736,-0.23231312523515307
2024-01-09 17:53:43.854931,0.850234401222654,-0.17785147813597377,0.32121085482709566,0.9454943537712097,-0.021999850101777026,0.3206405680292484,-0.052403228331839406,-0.0007681065297614,0.0013574356684690045,-0.0043566721526738,0.00331069487446644,0.005573620833604551,0.004439417964562488,6.146197363423791,-3.2695078383113314,-33.294310783959425,-2.3008336344457616,1.6595442424224736,-0.23231312523515307
2024-01-09 17:53:43.867518,0.8502909657329903,-0.1777136171570012,0.32121601769008135,0.9454848766326904,-0.0219553101806792,0.3206622267049963,-0.052460505011232186,-0.0007681065297614,0.0013574356684690045,-0.0043566721526738,0.00331069487446644,0.005573620833604551,0.004439417964562488,5.970855946464593,-4.134363435203055,-32.78936336037566,-2.437569867469755,1.7166538831119036,-0.19513702980029388
2024-01-09 17:53:43.879955,0.8502909657329903,-0.1777136171570012,0.32121601769008135,0.9454848766326904,-0.0219553101806792,0.3206622267049963,-0.052460505011232186,-0.0007681065297614,0.0013574356684690045,-0.0043566721526738,0.00331069487446644,0.005573620833604551,0.004439417964562488,5.970855946464593,-4.134363435203055,-32.78936336037566,-2.437569867469755,1.7166538831119036,-0.19513702980029388
2024-01-09 17:53:43.892774,0.8502909657329903,-0.1777136171570012,0.32121601769008135,0.9454848766326904,-0.0219553101806792,0.3206622267049963,-0.052460505011232186,-0.0007681065297614,0.0013574356684690045,-0.0043566721526738,0.00331069487446644,0.005573620833604551,0.004439417964562488,5.970855946464593,-4.134363435203055,-32.78936336037566,-2.437569867469755,1.7166538831119036,-0.19513702980029388
2024-01-09 17:53:43.905370,0.8502909657329903,-0.1777136171570012,0.32121601769008135,0.9454848766326904,-0.0219553101806792,0.3206622267049963,-0.052460505011232186,-0.0007681065297614,0.0013574356684690045,-0.0043566721526738,0.00331069487446644,0.005573620833604551,0.004439417964562488,5.970855946464593,-4.134363435203055,-32.78936336037566,-2.437569867469755,1.7166538831119036,-0.19513702980029388
2024-01-09 17:53:43.918303,0.8505428462234237,-0.1775494264559413,0.32133244272061234,0.9453667998313904,-0.022094388657806645,0.3209969469268145,-0.05248273536271792,-0.0007681065297614,0.0013574356684690045,-0.0043566721526738,0.00331069487446644,0.005573620833604551,0.004439417964562488,6.386588192455341,-4.2936337053776095,-32.963147704432146,-2.4649562217709975,1.7724558077222714,-0.18007967761925106
2024-01-09 17:53:43.931057,0.8505428462234237,-0.1775494264559413,0.32133244272061234,0.9453667998313904,-0.022094388657806645,0.3209969469268145,-0.05248273536271792,-0.0007681065297614,0.0013574356684690045,-0.0043566721526738,0.00331069487446644,0.005573620833604551,0.004439417964562488,6.386588192455341,-4.2936337053776095,-32.963147704432146,-2.4649562217709975,1.7724558077222714,-0.18007967761925106
2024-01-09 17:53:43.943559,0.850584743218656,-0.17755920131762956,0.32135281425777307,0.9453518390655518,-0.02214119102305635,0.3210408981658317,-0.0524631783540354,-0.0007681065297614,0.0013574356684690045,-0.0043566721526738,0.00331069487446644,0.005573620833604551,0.004439417964562488,5.796295537784474,-2.61311383161441,-34.668099658018775,-2.367538763157659,1.8472044808311507,-0.12820561733089494
2024-01-09 17:53:43.956608,0.8505786413032337,-0.17766342807824212,0.3213289194645173,0.9453625082969666,-0.022133058637985994,0.321030960180424,-0.052335079361591735,-0.0007681065297614,0.0013574356684690045,-0.0043566721526738,0.00331069487446644,0.005573620833604551,0.004439417964562488,5.433241156266596,-2.5730470693388567,-34.711764246485366,-2.5165100338876627,1.8715437623739863,-0.12850716958806904
2024-01-09 17:53:43.968890,0.8505754031432392,-0.17772477209096696,0.3212043585781541,0.9453902244567871,-0.022129606236549085,0.3209698743707634,-0.052211016273184835,-0.0007681065297614,0.0013574356684690045,-0.0043566721526738,0.00331069487446644,0.005573620833604551,0.004439417964562488,5.420862494852913,-3.026605285230087,-32.5975737251802,-2.3212564769712576,1.8937357088020894,-0.09587188598030479
2024-01-09 17:53:43.981212,0.8505738991926324,-0.17774461268828948,0.32109983048460083,0.9454092383384705,-0.022140323346954094,0.3209165711655481,-0.05218962854268907,-0.0007681065297614,0.0013574356684690045,-0.0043566721526738,0.00331069487446644,0.005573620833604551,0.004439417964562488,6.119721347143352,-2.528804962033416,-32.56235621410033,-2.1040599938269415,1.8108222098742563,-0.186509409485596
2024-01-09 17:53:43.993650,0.8505738991926324,-0.17774461268828948,0.32109983048460083,0.9454092383384705,-0.022140323346954094,0.3209165711655481,-0.05218962854268907,-0.0007681065297614,0.0013574356684690045,-0.0043566721526738,0.00331069487446644,0.005573620833604551,0.004439417964562488,6.077444192097168,-2.279374087346548,-35.16466800852189,-2.4492516599467073,1.8506171970617709,-0.16297001711138212
2024-01-09 17:53:44.005913,0.8505879386395885,-0.17782083572822932,0.3211103038938146,0.9454008936882019,-0.022197895839063685,0.3209397817236498,-0.05217381856655851,0.0009359631304069656,-0.005081535995989557,0.0006982272809189874,0.0004600912274568938,-0.0028355583529277176,-0.008119913720714897,6.077444192097168,-2.279374087346548,-35.16466800852189,-2.4492516599467073,1.8506171970617709,-0.16297001711138212
2024-01-09 17:53:44.018531,0.8505970164907981,-0.17786868781863585,0.32110329706930874,0.9453998804092407,-0.022241959846406346,0.3209413455222854,-0.05216320006995928,0.0009359631304069656,-0.005081535995989557,0.0006982272809189874,0.0004600912274568938,-0.0028355583529277176,-0.008119913720714897,5.4690036429855216,-2.9749613949739127,-34.02778186240657,-2.486429565990155,1.953958346701452,-0.08226643808409549
2024-01-09 17:53:44.030759,0.850591295040426,-0.17785185399105213,0.3210175269238769,0.9454153776168823,-0.02224307439069913,0.3208902438901173,-0.05219638930137011,0.0009359631304069656,-0.005081535995989557,0.0006982272809189874,0.0004600912274568938,-0.0028355583529277176,-0.008119913720714897,5.539519366314012,-2.977253150195555,-32.316952497426875,-2.254922292766457,1.9190970750704472,-0.10861075625701432
2024-01-09 17:53:44.042972,0.8505910748112023,-0.17786316324704252,0.3209592830158071,0.9454232454299927,-0.022265882312211705,0.3208618966201999,-0.05221848407261545,0.0009359631304069656,-0.005081535995989557,0.0006982272809189874,0.0004600912274568938,-0.0028355583529277176,-0.008119913720714897,5.321689532075972,-2.821742824660432,-34.05051742106007,-2.52597866475883,1.9682756416215925,-0.07835283047690111
2024-01-09 17:53:44.055451,0.8505910748112023,-0.17786316324704252,0.3209592830158071,0.9454232454299927,-0.022265882312211705,0.3208618966201999,-0.05221848407261545,0.0009359631304069656,-0.005081535995989557,0.0006982272809189874,0.0004600912274568938,-0.0028355583529277176,-0.008119913720714897,5.321689532075972,-2.821742824660432,-34.05051742106007,-2.52597866475883,1.9682756416215925,-0.07835283047690111
2024-01-09 17:53:44.067958,0.8505910748112023,-0.17786316324704252,0.3209592830158071,0.9454232454299927,-0.022265882312211705,0.3208618966201999,-0.05221848407261545,0.0009359631304069656,-0.005081535995989557,0.0006982272809189874,0.0004600912274568938,-0.0028355583529277176,-0.008119913720714897,5.321689532075972,-2.821742824660432,-34.05051742106007,-2.52597866475883,1.9682756416215925,-0.07835283047690111
2024-01-09 17:53:44.080856,0.8505910748112023,-0.17786316324704252,0.3209592830158071,0.9454232454299927,-0.022265882312211705,0.3208618966201999,-0.05221848407261545,0.0009359631304069656,-0.005081535995989557,0.0006982272809189874,0.0004600912274568938,-0.0028355583529277176,-0.008119913720714897,5.321689532075972,-2.821742824660432,-34.05051742106007,-2.52597866475883,1.9682756416215925,-0.07835283047690111
2024-01-09 17:53:44.093510,0.8505780384555472,-0.17784722864458036,0.32085210835232514,0.9454411268234253,-0.022228156598330807,0.32080441928068665,-0.05226347757082722,0.0009359631304069656,-0.005081535995989557,0.0006982272809189874,0.0004600912274568938,-0.0028355583529277176,-0.008119913720714897,6.171084303178691,-3.4325408600813434,-33.602100926009776,-2.5931434821420027,1.7475137869793493,-0.17912019346660538
2024-01-09 17:53:44.105851,0.8505780384555472,-0.17784722864458036,0.32085210835232514,0.9454411268234253,-0.022228156598330807,0.32080441928068665,-0.05226347757082722,0.0009359631304069656,-0.005081535995989557,0.0006982272809189874,0.0004600912274568938,-0.0028355583529277176,-0.008119913720714897,6.171084303178691,-3.4325408600813434,-33.602100926009776,-2.5931434821420027,1.7475137869793493,-0.17912019346660538
2024-01-09 17:53:44.118515,0.8505780384555472,-0.17784722864458036,0.32085210835232514,0.9454411268234253,-0.022228156598330807,0.32080441928068665,-0.05226347757082722,0.0009359631304069656,-0.005081535995989557,0.0006982272809189874,0.0004600912274568938,-0.0028355583529277176,-0.008119913720714897,6.171084303178691,-3.4325408600813434,-33.602100926009776,-2.5931434821420027,1.7475137869793493,-0.17912019346660538
2024-01-09 17:53:44.131046,0.8505780384555472,-0.17784722864458036,0.32085210835232514,0.9454411268234253,-0.022228156598330807,0.32080441928068665,-0.05226347757082722,0.0009359631304069656,-0.005081535995989557,0.0006982272809189874,0.0004600912274568938,-0.0028355583529277176,-0.008119913720714897,6.171084303178691,-3.4325408600813434,-33.602100926009776,-2.5931434821420027,1.7475137869793493,-0.17912019346660538
2024-01-09 17:53:44.143606,0.8505780384555472,-0.17784722864458036,0.32085210835232514,0.9454411268234253,-0.022228156598330807,0.32080441928068665,-0.05226347757082722,0.0009359631304069656,-0.005081535995989557,0.0006982272809189874,0.0004600912274568938,-0.0028355583529277176,-0.008119913720714897,5.836077353018101,-3.1034330754013295,-33.97247710836012,-2.5691924483818225,1.8097139781180456,-0.12736171762857557
2024-01-09 17:53:44.156259,0.8506019973854315,-0.17772835663980524,0.32078917614922253,0.9454426765441895,-0.02212262191964599,0.32079738596808627,-0.05232393098918903,0.0009359631304069656,-0.005081535995989557,0.0006982272809189874,0.0004600912274568938,-0.0028355583529277176,-0.008119913720714897,5.836077353018101,-3.1034330754013295,-33.97247710836012,-2.5691924483818225,1.8097139781180456,-0.12736171762857557
2024-01-09 17:53:44.168775,0.8506149115601715,-0.17770270624262477,0.3207934632260769,0.9454408884048462,-0.022118443357272973,0.3208014756361182,-0.05233246288284782,0.0009359631304069656,-0.005081535995989557,0.0006982272809189874,0.0004600912274568938,-0.0028355583529277176,-0.008119913720714897,5.003108658810824,-4.034284208102379,-33.37121248872778,-2.697665081522216,1.9432286597869988,-0.031229406027357662
2024-01-09 17:53:44.181631,0.8506307081867089,-0.17760892347730903,0.32075536483205447,0.9454472064971924,-0.022067591818986588,0.3207812911675294,-0.05236358074767162,0.0009359631304069656,-0.005081535995989557,0.0006982272809189874,0.0004600912274568938,-0.0028355583529277176,-0.008119913720714897,6.186600760689336,-4.058510562148832,-31.75264358497408,-2.418165534301518,1.7079870979218343,-0.17817082077583596
2024-01-09 17:53:44.194171,0.8506599301156184,-0.17754888617675577,0.32077087459221204,0.9454415440559387,-0.022055536822298404,0.32079561001846774,-0.052383528759843666,0.0009359631304069656,-0.005081535995989557,0.0006982272809189874,0.0004600912274568938,-0.0028355583529277176,-0.008119913720714897,6.1270249344187215,-3.5319592175582817,-33.75461679935629,-2.584891197430615,1.7440954463692246,-0.16639730645205117
2024-01-09 17:53:44.206767,0.8506969026093302,-0.17756412811695255,0.32082399283416535,0.9454219937324524,-0.02208406487666167,0.3208539668529155,-0.0523664671970225,0.0009359631304069656,-0.005081535995989557,0.0006982272809189874,0.0004600912274568938,-0.0028355583529277176,-0.008119913720714897,5.183764922859463,-3.5253751864374543,-34.244515288096565,-2.685168823807788,1.986606363512937,-0.005050915700344913
2024-01-09 17:53:44.219594,0.8507920409707326,-0.17750258284138984,0.3208649094980766,0.9453772306442261,-0.022124760456395682,0.32098329658579455,-0.05236529157833259,0.006342557426826841,0.004103018370847181,0.0027277775940840834,0.0015245121340280833,-0.017930205620369583,-0.0062150386943028175,6.514174292813921,-5.007614764118808,-32.43414618395269,-2.7671634627613435,1.7979785275030125,-0.10690358766133705
2024-01-09 17:53:44.232348,0.8507920409707326,-0.17750258284138984,0.3208649094980766,0.9453772306442261,-0.022124760456395682,0.32098329658579455,-0.05236529157833259,0.006342557426826841,0.004103018370847181,0.0027277775940840834,0.0015245121340280833,-0.017930205620369583,-0.0062150386943028175,6.514174292813921,-5.007614764118808,-32.43414618395269,-2.7671634627613435,1.7979785275030125,-0.10690358766133705
2024-01-09 17:53:44.245152,0.8507920409707326,-0.17750258284138984,0.3208649094980766,0.9453772306442261,-0.022124760456395682,0.32098329658579455,-0.05236529157833259,0.006342557426826841,0.004103018370847181,0.0027277775940840834,0.0015245121340280833,-0.017930205620369583,-0.0062150386943028175,6.514174292813921,-5.007614764118808,-32.43414618395269,-2.7671634627613435,1.7979785275030125,-0.10690358766133705
2024-01-09 17:53:44.257731,0.8507920409707326,-0.17750258284138984,0.3208649094980766,0.9453772306442261,-0.022124760456395682,0.32098329658579455,-0.05236529157833259,0.006342557426826841,0.004103018370847181,0.0027277775940840834,0.0015245121340280833,-0.017930205620369583,-0.0062150386943028175,6.514174292813921,-5.007614764118808,-32.43414618395269,-2.7671634627613435,1.7979785275030125,-0.10690358766133705
2024-01-09 17:53:44.269999,0.8509118962821779,-0.17762150046446987,0.32085432577489204,0.9453492760658264,-0.02222438596965843,0.32109041746006867,-0.05217045629238796,0.006342557426826841,0.004103018370847181,0.0027277775940840834,0.0015245121340280833,-0.017930205620369583,-0.0062150386943028175,5.621872652064229,-3.136732801211192,-32.070129072989076,-2.4726186535093393,1.8667479053633478,-0.08992502797503743
2024-01-09 17:53:44.282407,0.8509118962821779,-0.17762150046446987,0.32085432577489204,0.9453492760658264,-0.02222438596965843,0.32109041746006867,-0.05217045629238796,0.006342557426826841,0.004103018370847181,0.0027277775940840834,0.0015245121340280833,-0.017930205620369583,-0.0062150386943028175,5.673378675693682,-2.8849452134948255,-30.67175064500679,-2.132585925783343,1.9048694613129558,-0.08974399813855391
2024-01-09 17:53:44.294774,0.8509097921866922,-0.17762735354157683,0.32070383710110106,0.9453807473182678,-0.02221663839793786,0.3210053706487532,-0.05212734317489699,0.006342557426826841,0.004103018370847181,0.0027277775940840834,0.0015245121340280833,-0.017930205620369583,-0.0062150386943028175,5.673378675693682,-2.8849452134948255,-30.67175064500679,-2.132585925783343,1.9048694613129558,-0.08974399813855391
2024-01-09 17:53:44.307764,0.8509289091696922,-0.1776835419139215,0.32066421596235095,0.9453798532485962,-0.022278195835783953,0.3210038358829262,-0.05212645319913778,0.006342557426826841,0.004103018370847181,0.0027277775940840834,0.0015245121340280833,-0.017930205620369583,-0.0062150386943028175,5.915325605990234,-1.9823630841199504,-33.284114874326335,-2.22483924331659,1.9374113974603846,-0.10413136757797362
2024-01-09 17:53:44.320734,0.8509289091696922,-0.1776835419139215,0.32066421596235095,0.9453798532485962,-0.022278195835783953,0.3210038358829262,-0.05212645319913778,0.006342557426826841,0.004103018370847181,0.0027277775940840834,0.0015245121340280833,-0.017930205620369583,-0.0062150386943028175,5.915325605990234,-1.9823630841199504,-33.284114874326335,-2.22483924331659,1.9374113974603846,-0.10413136757797362
2024-01-09 17:53:44.333314,0.8509289091696922,-0.1776835419139215,0.32066421596235095,0.9453798532485962,-0.022278195835783953,0.3210038358829262,-0.05212645319913778,0.006342557426826841,0.004103018370847181,0.0027277775940840834,0.0015245121340280833,-0.017930205620369583,-0.0062150386943028175,5.915325605990234,-1.9823630841199504,-33.284114874326335,-2.22483924331659,1.9374113974603846,-0.10413136757797362
2024-01-09 17:53:44.346038,0.8509289091696922,-0.1776835419139215,0.32066421596235095,0.9453798532485962,-0.022278195835783953,0.3210038358829262,-0.05212645319913778,0.006342557426826841,0.004103018370847181,0.0027277775940840834,0.0015245121340280833,-0.017930205620369583,-0.0062150386943028175,5.915325605990234,-1.9823630841199504,-33.284114874326335,-2.22483924331659,1.9374113974603846,-0.10413136757797362
2024-01-09 17:53:44.358596,0.8509485248450457,-0.17778172523523772,0.3205051836512888,0.945400059223175,-0.022386974889568152,0.3209315445462162,-0.05215879193240885,0.006342557426826841,0.004103018370847181,0.0027277775940840834,0.0015245121340280833,-0.017930205620369583,-0.0062150386943028175,4.59664676056707,-2.856487875767526,-33.69643432102297,-2.6113778786462896,2.175101321858238,0.04633964067187836
2024-01-09 17:53:44.371372,0.8509414353835285,-0.17780635741368372,0.320475030272132,0.9454104900360107,-0.02241448125122704,0.32089594688458417,-0.05217653526615695,0.006342557426826841,0.004103018370847181,0.0027277775940840834,0.0015245121340280833,-0.017930205620369583,-0.0062150386943028175,4.792774959823572,-2.8777950106935775,-33.39361285077883,-2.542314497971361,2.088538331089607,0.003682022084289307
2024-01-09 17:53:44.385075,0.8509323018234264,-0.17779948005031299,0.3204278989430257,0.9454182982444763,-0.0223876676033127,0.32087237159407755,-0.05219146815781399,0.006342557426826841,0.004103018370847181,0.0027277775940840834,0.0015245121340280833,-0.017930205620369583,-0.0062150386943028175,4.769596197422291,-3.268665558688344,-32.8587210345059,-2.5699330496106962,2.100610866337721,0.009310294115497171
2024-01-09 17:53:44.398712,0.8509234829890912,-0.17776583776681476,0.3203905246748326,0.9454246163368225,-0.02232917159144165,0.32085501942001826,-0.052208870814470454,0.006342557426826841,0.004103018370847181,0.0027277775940840834,0.0015245121340280833,-0.017930205620369583,-0.0062150386943028175,5.671525265113184,-3.609341440317389,-32.871188924004585,-2.6694136842175666,1.8929781024075358,-0.08255248152524007
2024-01-09 17:53:44.412322,0.850899650924119,-0.17774612116570102,0.32034256336592754,0.9454362392425537,-0.02223703130632064,0.3208283601255705,-0.05220130539170199,0.006342557426826841,0.004103018370847181,0.0027277775940840834,0.0015245121340280833,-0.017930205620369583,-0.0062150386943028175,5.093086104040673,-3.241009514656676,-32.82470306405063,-2.5923762817487193,1.956910021264479,-0.03338851857598392
2024-01-09 17:53:44.425992,0.850899650924119,-0.17774612116570102,0.32034256336592754,0.9454362392425537,-0.02223703130632064,0.3208283601255705,-0.05220130539170199,0.006342557426826841,0.004103018370847181,0.0027277775940840834,0.0015245121340280833,-0.017930205620369583,-0.0062150386943028175,5.388279522759323,-3.5398941989664707,-32.36386931407776,-2.585862461918011,1.914605555836003,-0.03516012879909856
2024-01-09 17:53:44.438449,0.8509118620180146,-0.17771382262732063,0.3203173181274358,0.945435106754303,-0.022228692747662128,0.320829026375538,-0.05222191959114934,0.006342557426826841,0.004103018370847181,0.0027277775940840834,0.0015245121340280833,-0.017930205620369583,-0.0062150386943028175,5.388279522759323,-3.5398941989664707,-32.36386931407776,-2.585862461918011,1.914605555836003,-0.03516012879909856
2024-01-09 17:53:44.450667,0.850945267515334,-0.17764256553425628,0.3203210173667166,0.9454243779182434,-0.022219296831571606,0.3208537497991222,-0.05226746820846378,0.0017581840694388805,0.0037503733191764747,0.00019469680425186983,0.004216788451520225,-0.0029810182775469535,0.0023123110356947675,6.527303568107137,-3.525327151042439,-32.462251079218426,-2.5402466549331826,1.6943427777806819,-0.17938820960948018
2024-01-09 17:53:44.462806,0.8509571219250524,-0.17766135075422274,0.3203457944221405,0.9454180598258972,-0.022228952010121622,0.32087400213810796,-0.05225393798396133,0.0017581840694388805,0.0037503733191764747,0.00019469680425186983,0.004216788451520225,-0.0029810182775469535,0.0023123110356947675,4.801599780130613,-3.122173268659943,-33.623904896905564,-2.7010515540340125,2.0316785935446413,0.02160499905273565
2024-01-09 17:53:44.474846,0.8509571219250524,-0.17766135075422274,0.3203457944221405,0.9454180598258972,-0.022228952010121622,0.32087400213810796,-0.05225393798396133,0.0017581840694388805,0.0037503733191764747,0.00019469680425186983,0.004216788451520225,-0.0029810182775469535,0.0023123110356947675,5.096038497302066,-4.161019829332547,-32.020547121055756,-2.683471226153878,1.9464623897447897,-0.0050577182132463695
2024-01-09 17:53:44.487546,0.8509723303684509,-0.17761421384495543,0.32032979872159595,0.9454182386398315,-0.022219784094718368,0.32087111752328673,-0.05227171644807012,0.0017581840694388805,0.0037503733191764747,0.00019469680425186983,0.004216788451520225,-0.0029810182775469535,0.0023123110356947675,5.096038497302066,-4.161019829332547,-32.020547121055756,-2.683471226153878,1.9464623897447897,-0.0050577182132463695
2024-01-09 17:53:44.499872,0.8509723303684509,-0.17761421384495543,0.32032979872159595,0.9454182386398315,-0.022219784094718368,0.32087111752328673,-0.05227171644807012,0.0017581840694388805,0.0037503733191764747,0.00019469680425186983,0.004216788451520225,-0.0029810182775469535,0.0023123110356947675,6.501369389288609,-3.8828512090776304,-30.895428964694567,-2.3890362836939962,1.673476268671787,-0.18955052004024228
2024-01-09 17:53:44.511990,0.8509723303684509,-0.17761421384495543,0.32032979872159595,0.9454182386398315,-0.022219784094718368,0.32087111752328673,-0.05227171644807012,0.0017581840694388805,0.0037503733191764747,0.00019469680425186983,0.004216788451520225,-0.0029810182775469535,0.0023123110356947675,6.501369389288609,-3.8828512090776304,-30.895428964694567,-2.3890362836939962,1.673476268671787,-0.18955052004024228
2024-01-09 17:53:44.524186,0.8509723303684509,-0.17761421384495543,0.32032979872159595,0.9454182386398315,-0.022219784094718368,0.32087111752328673,-0.05227171644807012,0.0017581840694388805,0.0037503733191764747,0.00019469680425186983,0.004216788451520225,-0.0029810182775469535,0.0023123110356947675,6.501369389288609,-3.8828512090776304,-30.895428964694567,-2.3890362836939962,1.673476268671787,-0.18955052004024228
2024-01-09 17:53:44.536487,0.8509910550145677,-0.17752388654569287,0.3202902523769777,0.9454234838485718,-0.022182643338973795,0.32085162227511316,-0.05231238290232025,0.0017581840694388805,0.0037503733191764747,0.00019469680425186983,0.004216788451520225,-0.0029810182775469535,0.0023123110356947675,6.501369389288609,-3.8828512090776304,-30.895428964694567,-2.3890362836939962,1.673476268671787,-0.18955052004024228
2024-01-09 17:53:44.548627,0.8512188728558596,-0.17743778719836958,0.320434558492242,0.945311963558197,-0.022272143623546257,0.3211796831545153,-0.05227628180669021,0.0017581840694388805,0.0037503733191764747,0.00019469680425186983,0.004216788451520225,-0.0029810182775469535,0.0023123110356947675,6.869449687597492,-3.488368491443932,-31.559009516400355,-2.4595032073163368,1.7915768705969861,-0.1304281752582512
2024-01-09 17:53:44.560930,0.8512329467386578,-0.17752824793813593,0.3204658321007197,0.9453104734420776,-0.02232134640101333,0.32119042641164774,-0.05221624565100488,0.0017581840694388805,0.0037503733191764747,0.00019469680425186983,0.004216788451520225,-0.0029810182775469535,0.0023123110356947675,6.368161306852348,-2.3390383584988252,-32.98807963648205,-2.5252315174047895,1.8092040797200604,-0.11439062207752985
2024-01-09 17:53:44.573185,0.8512329467386578,-0.17752824793813593,0.3204658321007197,0.9453104734420776,-0.02232134640101333,0.32119042641164774,-0.05221624565100488,0.0017581840694388805,0.0037503733191764747,0.00019469680425186983,0.004216788451520225,-0.0029810182775469535,0.0023123110356947675,5.521156403207534,-3.148133916014275,-31.68013496209396,-2.584072871917913,1.9145295694945033,-0.04297493314762609
2024-01-09 17:53:44.585752,0.851226828846777,-0.1775985310486288,0.320412937309753,0.9453279376029968,-0.022323869396897414,0.321153238220387,-0.052127852633099866,0.0017581840694388805,0.0037503733191764747,0.00019469680425186983,0.004216788451520225,-0.0029810182775469535,0.0023123110356947675,5.521156403207534,-3.148133916014275,-31.68013496209396,-2.584072871917913,1.9145295694945033,-0.04297493314762609
2024-01-09 17:53:44.597826,0.851229846815939,-0.17760150471504124,0.32026824181024743,0.9453529715538025,-0.02232703933258066,0.3210825128114918,-0.052107947885696254,0.0017581840694388805,0.0037503733191764747,0.00019469680425186983,0.004216788451520225,-0.0029810182775469535,0.0023123110356947675,5.971821193631636,-2.822102065088756,-29.42858415861938,-2.1365376537444933,1.8672181044139422,-0.0849019145886197
2024-01-09 17:53:44.610100,0.8512490732034418,-0.17763352646167366,0.32021083550535306,0.9453539252281189,-0.022391968150743843,0.321070587612,-0.05213637951998884,0.0017581840694388805,0.0037503733191764747,0.00019469680425186983,0.004216788451520225,-0.0029810182775469535,0.0023123110356947675,6.108945196528114,-2.1593037507641126,-31.757075811202974,-2.250629101806513,1.911060003492624,-0.08271631664227737
2024-01-09 17:53:44.622407,0.8512672178391174,-0.17772145143990245,0.32022451305203387,0.9453451633453369,-0.022461242170710195,0.3210952773857492,-0.05211381711512773,0.0017581840694388805,0.0037503733191764747,0.00019469680425186983,0.004216788451520225,-0.0029810182775469535,0.0023123110356947675,5.662526036034035,-2.650945440168584,-33.26227191583871,-2.6298074837545835,1.975159527001108,-0.029022838171559748
2024-01-09 17:53:44.634656,0.8512672178391174,-0.17772145143990245,0.32022451305203387,0.9453451633453369,-0.022461242170710195,0.3210952773857492,-0.05211381711512773,0.0017581840694388805,0.0037503733191764747,0.00019469680425186983,0.004216788451520225,-0.0029810182775469535,0.0023123110356947675,5.637695300822519,-3.2991095601795677,-31.333018476040642,-2.5348083297833566,1.9885859928313225,-0.01751898468446543
2024-01-09 17:53:44.646957,0.8512788308491455,-0.17774109615324976,0.3201812896808134,0.9453476071357727,-0.02247590484295799,0.3210877578113255,-0.0521090085360693,0.0008295007162896693,-0.0014031938105222139,-0.0030873836586057086,2.9127370212414328e-05,0.0012522024797745565,-0.002136933431810319,5.637695300822519,-3.2991095601795677,-31.333018476040642,-2.5348083297833566,1.9885859928313225,-0.01751898468446543
2024-01-09 17:53:44.659489,0.8512837408664498,-0.17772477828977948,0.32009031600739857,0.9453598260879517,-0.022488221900295712,0.3210448466511555,-0.052146318287676685,0.0008295007162896693,-0.0014031938105222139,-0.0030873836586057086,2.9127370212414328e-05,0.0012522024797745565,-0.002136933431810319,5.384165845640208,-2.8460041176476962,-31.18078988365678,-2.3984088599142184,2.0327085388925674,0.003520359239631198
2024-01-09 17:53:44.671729,0.8512857060799269,-0.17775864792909438,0.32005440932147533,0.9453640580177307,-0.022519261384207224,0.3210288968492582,-0.052154610610350136,0.0008295007162896693,-0.0014031938105222139,-0.0030873836586057086,2.9127370212414328e-05,0.0012522024797745565,-0.002136933431810319,4.9621347454327305,-2.712539069226658,-32.55120075937554,-2.5703160266606377,2.108849293871165,0.042308975775294834
2024-01-09 17:53:44.683964,0.8512857060799269,-0.17775864792909438,0.32005440932147533,0.9453640580177307,-0.022519261384207224,0.3210288968492582,-0.052154610610350136,0.0008295007162896693,-0.0014031938105222139,-0.0030873836586057086,2.9127370212414328e-05,0.0012522024797745565,-0.002136933431810319,4.9621347454327305,-2.712539069226658,-32.55120075937554,-2.5703160266606377,2.108849293871165,0.042308975775294834
2024-01-09 17:53:44.696385,0.8512857060799269,-0.17775864792909438,0.32005440932147533,0.9453640580177307,-0.022519261384207224,0.3210288968492582,-0.052154610610350136,0.0008295007162896693,-0.0014031938105222139,-0.0030873836586057086,2.9127370212414328e-05,0.0012522024797745565,-0.002136933431810319,4.9621347454327305,-2.712539069226658,-32.55120075937554,-2.5703160266606377,2.108849293871165,0.042308975775294834
2024-01-09 17:53:44.708591,0.8512857060799269,-0.17775864792909438,0.32005440932147533,0.9453640580177307,-0.022519261384207224,0.3210288968492582,-0.052154610610350136,0.0008295007162896693,-0.0014031938105222139,-0.0030873836586057086,2.9127370212414328e-05,0.0012522024797745565,-0.002136933431810319,4.9621347454327305,-2.712539069226658,-32.55120075937554,-2.5703160266606377,2.108849293871165,0.042308975775294834
2024-01-09 17:53:44.721847,0.8512857060799269,-0.17775864792909438,0.32005440932147533,0.9453640580177307,-0.022519261384207224,0.3210288968492582,-0.052154610610350136,0.0008295007162896693,-0.0014031938105222139,-0.0030873836586057086,2.9127370212414328e-05,0.0012522024797745565,-0.002136933431810319,4.9621347454327305,-2.712539069226658,-32.55120075937554,-2.5703160266606377,2.108849293871165,0.042308975775294834
2024-01-09 17:53:44.734437,0.8512529454208668,-0.1776783205097224,0.3198880215943117,0.9454066157341003,-0.022406150906401127,0.3209005446690245,-0.0522220623805201,0.0008295007162896693,-0.0014031938105222139,-0.0030873836586057086,2.9127370212414328e-05,0.0012522024797745565,-0.002136933431810319,5.261861556263771,-3.2454557286302306,-32.059708373264066,-2.5964342030709378,1.9581317076078106,-0.01478980571027382
2024-01-09 17:53:44.746819,0.8512696413759065,-0.17761640073056278,0.31985714738190457,0.9454059600830078,-0.0223788421669884,0.3208992274456235,-0.05225352539917587,0.0008295007162896693,-0.0014031938105222139,-0.0030873836586057086,2.9127370212414328e-05,0.0012522024797745565,-0.002136933431810319,5.913124867305577,-3.6277367656275565,-30.964837998266255,-2.508096648419009,1.8373813550101237,-0.07693188855334256
2024-01-09 17:53:44.759153,0.8512982857901302,-0.17756195382367412,0.3198686382091948,0.9453967809677124,-0.022365551175775083,0.3209230254435743,-0.0522788158039527,0.0008295007162896693,-0.0014031938105222139,-0.0030873836586057086,2.9127370212414328e-05,0.0012522024797745565,-0.002136933431810319,6.41609704489421,-3.341071190429258,-31.884134003230034,-2.551442745982095,1.7566609728626912,-0.13449025782444043
2024-01-09 17:53:44.771516,0.8512982857901302,-0.17756195382367412,0.3198686382091948,0.9453967809677124,-0.022365551175775083,0.3209230254435743,-0.0522788158039527,0.0008295007162896693,-0.0014031938105222139,-0.0030873836586057086,2.9127370212414328e-05,0.0012522024797745565,-0.002136933431810319,4.837692242818026,-3.008942227281398,-32.89301318035231,-2.7027807153681342,2.062475956162829,0.04778766087516259
2024-01-09 17:53:44.783872,0.8513134913710726,-0.17759109459952405,0.3198973787316501,0.9453890919685364,-0.022375608847515084,0.3209490147851272,-0.05225416366558193,0.0008295007162896693,-0.0014031938105222139,-0.0030873836586057086,2.9127370212414328e-05,0.0012522024797745565,-0.002136933431810319,4.837692242818026,-3.008942227281398,-32.89301318035231,-2.7027807153681342,2.062475956162829,0.04778766087516259
2024-01-09 17:53:44.796314,0.8513335578646045,-0.17753037274714908,0.3198826867147253,0.9453873634338379,-0.022348062539518265,0.32095351851672604,-0.05227036931946039,0.0008295007162896693,-0.0014031938105222139,-0.0030873836586057086,2.9127370212414328e-05,0.0012522024797745565,-0.002136933431810319,5.329261117588326,-4.301739941287026,-31.13998637425631,-2.7285202767111794,1.9575059092741458,0.013761198781063856
2024-01-09 17:53:44.808616,0.8513537959521621,-0.17744755425593028,0.3198567429203989,0.9453906416893005,-0.02231385217896514,0.3209411498591858,-0.052301554327266644,0.0008295007162896693,-0.0014031938105222139,-0.0030873836586057086,2.9127370212414328e-05,0.0012522024797745565,-0.002136933431810319,6.292127308940199,-3.9232224107859044,-30.694351541843353,-2.506387265460707,1.7877456803776477,-0.11626222392504551
2024-01-09 17:53:44.821650,0.8513938031492465,-0.17746044234264446,0.319914304290037,0.9453724026679993,-0.022347589378466884,0.3209956760925242,-0.052281793443159044,0.0008295007162896693,-0.0014031938105222139,-0.0030873836586057086,2.9127370212414328e-05,0.0012522024797745565,-0.002136933431810319,5.903635006356555,-3.479006318065443,-32.922544061354316,-2.8149850869710806,1.9054610551093312,-0.035389304472645745
2024-01-09 17:53:44.834210,0.8513938031492465,-0.17746044234264446,0.319914304290037,0.9453724026679993,-0.022347589378466884,0.3209956760925242,-0.052281793443159044,0.0008295007162896693,-0.0014031938105222139,-0.0030873836586057086,2.9127370212414328e-05,0.0012522024797745565,-0.002136933431810319,5.903635006356555,-3.479006318065443,-32.922544061354316,-2.8149850869710806,1.9054610551093312,-0.035389304472645745
2024-01-09 17:53:44.846577,0.8513938031492465,-0.17746044234264446,0.319914304290037,0.9453724026679993,-0.022347589378466884,0.3209956760925242,-0.052281793443159044,0.0008295007162896693,-0.0014031938105222139,-0.0030873836586057086,2.9127370212414328e-05,0.0012522024797745565,-0.002136933431810319,5.903635006356555,-3.479006318065443,-32.922544061354316,-2.8149850869710806,1.9054610551093312,-0.035389304472645745
2024-01-09 17:53:44.858872,0.8513938031492465,-0.17746044234264446,0.319914304290037,0.9453724026679993,-0.022347589378466884,0.3209956760925242,-0.052281793443159044,0.0008295007162896693,-0.0014031938105222139,-0.0030873836586057086,2.9127370212414328e-05,0.0012522024797745565,-0.002136933431810319,5.903635006356555,-3.479006318065443,-32.922544061354316,-2.8149850869710806,1.9054610551093312,-0.035389304472645745
2024-01-09 17:53:44.871220,0.8515897569922249,-0.17744118628790137,0.3200281648261324,0.9452846050262451,-0.02241421159926316,0.3212641827494806,-0.052191782199871445,0.003919076859568715,0.0003851210948618844,0.0022772107219082294,-0.0026047583548281872,-0.011061071332103035,-0.004315044162548442,6.542018034793677,-4.498567723772866,-30.98685330936757,-2.7411015629688578,1.828264508662524,-0.06446471645946332
2024-01-09 17:53:44.883638,0.8515752645085379,-0.17754345630667642,0.3199868907640331,0.9453126788139343,-0.02242578339110453,0.32120019441361153,-0.052072068977218784,0.003919076859568715,0.0003851210948618844,0.0022772107219082294,-0.0026047583548281872,-0.011061071332103035,-0.004315044162548442,5.4949056387343775,-2.8616459192938435,-31.3818497606381,-2.6133498223350538,1.9794410245612535,0.012234559315191604
2024-01-09 17:53:44.896272,0.8515752645085379,-0.17754345630667642,0.3199868907640331,0.9453126788139343,-0.02242578339110453,0.32120019441361153,-0.052072068977218784,0.003919076859568715,0.0003851210948618844,0.0022772107219082294,-0.0026047583548281872,-0.011061071332103035,-0.004315044162548442,5.4949056387343775,-2.8616459192938435,-31.3818497606381,-2.6133498223350538,1.9794410245612535,0.012234559315191604
2024-01-09 17:53:44.908623,0.8515752645085379,-0.17754345630667642,0.3199868907640331,0.9453126788139343,-0.02242578339110453,0.32120019441361153,-0.052072068977218784,0.003919076859568715,0.0003851210948618844,0.0022772107219082294,-0.0026047583548281872,-0.011061071332103035,-0.004315044162548442,5.4949056387343775,-2.8616459192938435,-31.3818497606381,-2.6133498223350538,1.9794410245612535,0.012234559315191604
2024-01-09 17:53:44.921478,0.8515752645085379,-0.17754345630667642,0.3199868907640331,0.9453126788139343,-0.02242578339110453,0.32120019441361153,-0.052072068977218784,0.003919076859568715,0.0003851210948618844,0.0022772107219082294,-0.0026047583548281872,-0.011061071332103035,-0.004315044162548442,5.4949056387343775,-2.8616459192938435,-31.3818497606381,-2.6133498223350538,1.9794410245612535,0.012234559315191604
2024-01-09 17:53:44.933974,0.8515752645085379,-0.17754345630667642,0.3199868907640331,0.9453126788139343,-0.02242578339110453,0.32120019441361153,-0.052072068977218784,0.003919076859568715,0.0003851210948618844,0.0022772107219082294,-0.0026047583548281872,-0.011061071332103035,-0.004315044162548442,5.4949056387343775,-2.8616459192938435,-31.3818497606381,-2.6133498223350538,1.9794410245612535,0.012234559315191604
2024-01-09 17:53:44.946489,0.8516350004940945,-0.17768379944376478,0.31979784890919194,0.9453328847885132,-0.02254012183145139,0.32114868959130755,-0.05197338439742682,0.003919076859568715,0.0003851210948618844,0.0022772107219082294,-0.0026047583548281872,-0.011061071332103035,-0.004315044162548442,5.914670709977404,-3.078268230783414,-31.307229764776622,-2.618006610174442,1.9517476157054878,-0.01985232593808764
2024-01-09 17:53:44.958706,0.85163387039036,-0.17765284702674222,0.3197081429044488,0.9453507661819458,-0.022535683749766014,0.32109067035113975,-0.05200820444814233,0.003919076859568715,0.0003851210948618844,0.0022772107219082294,-0.0026047583548281872,-0.011061071332103035,-0.004315044162548442,5.427252272918059,-3.124391749620987,-29.66002300905453,-2.3963418530480114,2.036441574775642,0.020481960984964083
2024-01-09 17:53:44.971096,0.8516397086957049,-0.17766998014406998,0.31964001756127813,0.945358157157898,-0.022566396941118904,0.32106300357732354,-0.05203163143078109,0.003919076859568715,0.0003851210948618844,0.0022772107219082294,-0.0026047583548281872,-0.011061071332103035,-0.004315044162548442,5.04418466134975,-2.3170706287847507,-31.225420340428798,-2.4784046998490363,2.1369928759638657,0.07482313678628362
2024-01-09 17:53:44.983446,0.8516397086957049,-0.17766998014406998,0.31964001756127813,0.945358157157898,-0.022566396941118904,0.32106300357732354,-0.05203163143078109,0.003919076859568715,0.0003851210948618844,0.0022772107219082294,-0.0026047583548281872,-0.011061071332103035,-0.004315044162548442,5.053197979832716,-2.6197557094289756,-31.613882512946503,-2.569070674149137,2.1020711331972137,0.05051522611767564
2024-01-09 17:53:44.995866,0.8516399092374922,-0.17770786606574027,0.3196037111094313,0.9453656673431396,-0.02260776978438396,0.32103578139014516,-0.0520448118627294,0.003919076859568715,0.0003851210948618844,0.0022772107219082294,-0.0026047583548281872,-0.011061071332103035,-0.004315044162548442,5.34039127947228,-3.397036140741364,-30.988131432993345,-2.652876638085797,2.036201844581073,0.018625518841649764
2024-01-09 17:53:45.008487,0.8516400187014502,-0.1777015640815172,0.31956301489861966,0.9453731775283813,-0.022606080383371915,0.321011240274881,-0.05206052536781953,0.003919076859568715,0.0003851210948618844,0.0022772107219082294,-0.0026047583548281872,-0.011061071332103035,-0.004315044162548442,5.34039127947228,-3.397036140741364,-30.988131432993345,-2.652876638085797,2.036201844581073,0.018625518841649764
2024-01-09 17:53:45.021197,0.8516347580611098,-0.1776561792868516,0.3195028217625665,0.9453866481781006,-0.022579071626708712,0.320966237849438,-0.052104830919524885,0.003919076859568715,0.0003851210948618844,0.0022772107219082294,-0.0026047583548281872,-0.011061071332103035,-0.004315044162548442,5.683290093058492,-3.301597138025378,-30.376802198693916,-2.48879545918439,1.9570582527571558,-0.02577820414683194
2024-01-09 17:53:45.033704,0.8516347580611098,-0.1776561792868516,0.3195028217625665,0.9453866481781006,-0.022579071626708712,0.320966237849438,-0.052104830919524885,0.003919076859568715,0.0003851210948618844,0.0022772107219082294,-0.0026047583548281872,-0.011061071332103035,-0.004315044162548442,5.683290093058492,-3.301597138025378,-30.376802198693916,-2.48879545918439,1.9570582527571558,-0.02577820414683194
2024-01-09 17:53:45.046274,0.8516347580611098,-0.1776561792868516,0.3195028217625665,0.9453866481781006,-0.022579071626708712,0.320966237849438,-0.052104830919524885,0.003919076859568715,0.0003851210948618844,0.0022772107219082294,-0.0026047583548281872,-0.011061071332103035,-0.004315044162548442,5.683290093058492,-3.301597138025378,-30.376802198693916,-2.48879545918439,1.9570582527571558,-0.02577820414683194
2024-01-09 17:53:45.058736,0.8516347580611098,-0.1776561792868516,0.3195028217625665,0.9453866481781006,-0.022579071626708712,0.320966237849438,-0.052104830919524885,0.003919076859568715,0.0003851210948618844,0.0022772107219082294,-0.0026047583548281872,-0.011061071332103035,-0.004315044162548442,5.683290093058492,-3.301597138025378,-30.376802198693916,-2.48879545918439,1.9570582527571558,-0.02577820414683194
2024-01-09 17:53:45.072347,0.851655970754735,-0.17752716407667934,0.3194115129639129,0.9453927874565125,-0.02246827656017458,0.32094591789371196,-0.052167066655064126,0.003919076859568715,0.0003851210948618844,0.0022772107219082294,-0.0026047583548281872,-0.011061071332103035,-0.004315044162548442,6.290593792550788,-3.6474377011910946,-30.30732142931922,-2.5337234752970663,1.800230282921348,-0.09705566752829706
2024-01-09 17:53:45.085925,0.8516813957477825,-0.17752626725589626,0.3194461867551939,0.945379912853241,-0.02248086374575808,0.32098290919552486,-0.052166778622839936,0.003919076859568715,0.0003851210948618844,0.0022772107219082294,-0.0026047583548281872,-0.011061071332103035,-0.004315044162548442,5.387714988561489,-2.919277092733859,-31.844365651638434,-2.654049095138131,1.9819800473720413,0.011085950406530223
2024-01-09 17:53:45.099387,0.8516916166889689,-0.1775022777012611,0.31944600635192855,0.9453780055046082,-0.02245824352504054,0.3209900112014728,-0.05216717433763631,0.0006813960790941209,0.0015993036423448772,-1.2026884355087473e-05,-0.0009262349902668674,-0.001135365351220429,0.0028131136480567718,5.117288879076923,-4.127701109211038,-30.66789922100767,-2.7374401336104026,2.000933145940778,0.046916111263700995
2024-01-09 17:53:45.112199,0.8517072959501023,-0.17741136467675633,0.3194118781024477,0.945383608341217,-0.022409949079277368,0.3209720026263724,-0.05219766770193716,0.0006813960790941209,0.0015993036423448772,-1.2026884355087473e-05,-0.0009262349902668674,-0.001135365351220429,0.0028131136480567718,6.131490512119207,-4.200249998463368,-29.27020263226984,-2.5192469510596824,1.8062766254527323,-0.08230005696569405
2024-01-09 17:53:45.125397,0.8517072959501023,-0.17741136467675633,0.3194118781024477,0.945383608341217,-0.022409949079277368,0.3209720026263724,-0.05219766770193716,0.0006813960790941209,0.0015993036423448772,-1.2026884355087473e-05,-0.0009262349902668674,-0.001135365351220429,0.0028131136480567718,6.131490512119207,-4.200249998463368,-29.27020263226984,-2.5192469510596824,1.8062766254527323,-0.08230005696569405
2024-01-09 17:53:45.137810,0.8517072959501023,-0.17741136467675633,0.3194118781024477,0.945383608341217,-0.022409949079277368,0.3209720026263724,-0.05219766770193716,0.0006813960790941209,0.0015993036423448772,-1.2026884355087473e-05,-0.0009262349902668674,-0.001135365351220429,0.0028131136480567718,6.131490512119207,-4.200249998463368,-29.27020263226984,-2.5192469510596824,1.8062766254527323,-0.08230005696569405
2024-01-09 17:53:45.149968,0.8517072959501023,-0.17741136467675633,0.3194118781024477,0.945383608341217,-0.022409949079277368,0.3209720026263724,-0.05219766770193716,0.0006813960790941209,0.0015993036423448772,-1.2026884355087473e-05,-0.0009262349902668674,-0.001135365351220429,0.0028131136480567718,6.131490512119207,-4.200249998463368,-29.27020263226984,-2.5192469510596824,1.8062766254527323,-0.08230005696569405
2024-01-09 17:53:45.162346,0.8519036979796687,-0.17726949016222412,0.3195475151463288,0.9452984929084778,-0.022440059314563825,0.3212201209241506,-0.05219992649709534,0.0006813960790941209,0.0015993036423448772,-1.2026884355087473e-05,-0.0009262349902668674,-0.001135365351220429,0.0028131136480567718,7.087116227365308,-3.9778621965783216,-29.406887304903442,-2.5289651988320374,1.8190530144254418,-0.0733994107317791
2024-01-09 17:53:45.174473,0.8519036979796687,-0.17726949016222412,0.3195475151463288,0.9452984929084778,-0.022440059314563825,0.3212201209241506,-0.05219992649709534,0.0006813960790941209,0.0015993036423448772,-1.2026884355087473e-05,-0.0009262349902668674,-0.001135365351220429,0.0028131136480567718,6.302305862801536,-2.3240229733021147,-31.341253163525945,-2.5502117504072084,1.918911047728592,-0.013015874691204545
2024-01-09 17:53:45.187197,0.8519372897790727,-0.17734431426357508,0.3195904951346646,0.9452887177467346,-0.022491320813015914,0.3212552190664747,-0.05213898891760674,0.0006813960790941209,0.0015993036423448772,-1.2026884355087473e-05,-0.0009262349902668674,-0.001135365351220429,0.0028131136480567718,6.302305862801536,-2.3240229733021147,-31.341253163525945,-2.5502117504072084,1.918911047728592,-0.013015874691204545
2024-01-09 17:53:45.199176,0.8519361519476557,-0.17744144839682863,0.3195891667727326,0.9453025460243225,-0.022539319434660816,0.3212223413073915,-0.052069685735154955,0.0006813960790941209,0.0015993036423448772,-1.2026884355087473e-05,-0.0009262349902668674,-0.001135365351220429,0.0028131136480567718,5.8837569054357965,-2.7357959289398215,-30.83183776141163,-2.665803655548829,1.9193036285615963,-0.012718362794332057
2024-01-09 17:53:45.211432,0.8519445764865959,-0.17746967289480756,0.31946509619625907,0.9453255534172058,-0.022546736207695074,0.3211644260313422,-0.05200676142134376,0.0006813960790941209,0.0015993036423448772,-1.2026884355087473e-05,-0.0009262349902668674,-0.001135365351220429,0.0028131136480567718,5.68627130404277,-3.0722153412752946,-27.816385646077006,-2.283463352541602,1.9457270014753003,-0.00047324816493485295
2024-01-09 17:53:45.223339,0.8519574460709116,-0.17747211203102542,0.31935846187890393,0.945340096950531,-0.022571595285796553,0.32111622048792093,-0.052028951194685515,0.0006813960790941209,0.0015993036423448772,-1.2026884355087473e-05,-0.0009262349902668674,-0.001135365351220429,0.0028131136480567718,6.4007377871202165,-2.444681727770629,-28.989069023431448,-2.218522905125489,1.8524658869497703,-0.10031025523038527
2024-01-09 17:53:45.235177,0.8519574460709116,-0.17747211203102542,0.31935846187890393,0.945340096950531,-0.022571595285796553,0.32111622048792093,-0.052028951194685515,0.0006813960790941209,0.0015993036423448772,-1.2026884355087473e-05,-0.0009262349902668674,-0.001135365351220429,0.0028131136480567718,6.166075752937428,-2.3966584480560953,-31.75805082689058,-2.645636215856063,1.9187491686438054,-0.05387556023216254
2024-01-09 17:53:45.247279,0.8519803170660434,-0.17756322434774507,0.3193620695177731,0.9453314542770386,-0.022648858731742435,0.3211389218940612,-0.05201207294274163,0.0006813960790941209,0.0015993036423448772,-1.2026884355087473e-05,-0.0009262349902668674,-0.001135365351220429,0.0028131136480567718,6.166075752937428,-2.3966584480560953,-31.75805082689058,-2.645636215856063,1.9187491686438054,-0.05387556023216254
2024-01-09 17:53:45.259486,0.8519803170660434,-0.17756322434774507,0.3193620695177731,0.9453314542770386,-0.022648858731742435,0.3211389218940612,-0.05201207294274163,0.0006813960790941209,0.0015993036423448772,-1.2026884355087473e-05,-0.0009262349902668674,-0.001135365351220429,0.0028131136480567718,6.166075752937428,-2.3966584480560953,-31.75805082689058,-2.645636215856063,1.9187491686438054,-0.05387556023216254
2024-01-09 17:53:45.271513,0.8519803170660434,-0.17756322434774507,0.3193620695177731,0.9453314542770386,-0.022648858731742435,0.3211389218940612,-0.05201207294274163,0.0006813960790941209,0.0015993036423448772,-1.2026884355087473e-05,-0.0009262349902668674,-0.001135365351220429,0.0028131136480567718,6.166075752937428,-2.3966584480560953,-31.75805082689058,-2.645636215856063,1.9187491686438054,-0.05387556023216254
2024-01-09 17:53:45.283559,0.8519950489786838,-0.1776112277731468,0.31918113798652253,0.9453554153442383,-0.02269347069256799,0.32105997158403704,-0.052044900707314726,0.0006813960790941209,0.0015993036423448772,-1.2026884355087473e-05,-0.0009262349902668674,-0.001135365351220429,0.0028131136480567718,5.030852500650821,-2.3914414440177545,-30.62034546494594,-2.524769519240255,2.1588152906805687,0.10775928393998234
2024-01-09 17:53:45.295435,0.851985427328,-0.17765450584095227,0.31915294279392575,0.9453578591346741,-0.022665885653047533,0.3210576970337007,-0.052025990863819135,0.0006813960790941209,0.0015993036423448772,-1.2026884355087473e-05,-0.0009262349902668674,-0.001135365351220429,0.0028131136480567718,4.982091477805258,-2.625885603036447,-30.957638692305856,-2.598538643357351,2.1398647044453383,0.10267280170485121
2024-01-09 17:53:45.307447,0.851985427328,-0.17765450584095227,0.31915294279392575,0.9453578591346741,-0.022665885653047533,0.3210576970337007,-0.052025990863819135,0.0006813960790941209,0.0015993036423448772,-1.2026884355087473e-05,-0.0009262349902668674,-0.001135365351220429,0.0028131136480567718,4.982091477805258,-2.625885603036447,-30.957638692305856,-2.598538643357351,2.1398647044453383,0.10267280170485121
2024-01-09 17:53:45.319711,0.851985427328,-0.17765450584095227,0.31915294279392575,0.9453578591346741,-0.022665885653047533,0.3210576970337007,-0.052025990863819135,0.0006813960790941209,0.0015993036423448772,-1.2026884355087473e-05,-0.0009262349902668674,-0.001135365351220429,0.0028131136480567718,4.982091477805258,-2.625885603036447,-30.957638692305856,-2.598538643357351,2.1398647044453383,0.10267280170485121
2024-01-09 17:53:45.331847,0.851985427328,-0.17765450584095227,0.31915294279392575,0.9453578591346741,-0.022665885653047533,0.3210576970337007,-0.052025990863819135,0.0006813960790941209,0.0015993036423448772,-1.2026884355087473e-05,-0.0009262349902668674,-0.001135365351220429,0.0028131136480567718,4.982091477805258,-2.625885603036447,-30.957638692305856,-2.598538643357351,2.1398647044453383,0.10267280170485121
2024-01-09 17:53:45.343933,0.8519464544866873,-0.17758618710938215,0.3190063854317949,0.9453907608985901,-0.022483028619201366,0.32096841266643045,-0.05205891765477295,-0.0007641733590727876,0.0013395829719631703,-0.0028736737672720087,-0.0010693370658250772,0.0033219376312572974,0.007405003490723812,5.059352232798896,-3.2611309272945777,-30.31346464276307,-2.6568303128122905,2.0415930640017077,0.07049474594572633
2024-01-09 17:53:45.356118,0.8519464544866873,-0.17758618710938215,0.3190063854317949,0.9453907608985901,-0.022483028619201366,0.32096841266643045,-0.05205891765477295,-0.0007641733590727876,0.0013395829719631703,-0.0028736737672720087,-0.0010693370658250772,0.0033219376312572974,0.007405003490723812,5.059352232798896,-3.2611309272945777,-30.31346464276307,-2.6568303128122905,2.0415930640017077,0.07049474594572633
2024-01-09 17:53:45.369695,0.8519464544866873,-0.17758618710938215,0.3190063854317949,0.9453907608985901,-0.022483028619201366,0.32096841266643045,-0.05205891765477295,-0.0007641733590727876,0.0013395829719631703,-0.0028736737672720087,-0.0010693370658250772,0.0033219376312572974,0.007405003490723812,5.059352232798896,-3.2611309272945777,-30.31346464276307,-2.6568303128122905,2.0415930640017077,0.07049474594572633
2024-01-09 17:53:45.383186,0.8519464544866873,-0.17758618710938215,0.3190063854317949,0.9453907608985901,-0.022483028619201366,0.32096841266643045,-0.05205891765477295,-0.0007641733590727876,0.0013395829719631703,-0.0028736737672720087,-0.0010693370658250772,0.0033219376312572974,0.007405003490723812,5.059352232798896,-3.2611309272945777,-30.31346464276307,-2.6568303128122905,2.0415930640017077,0.07049474594572633
2024-01-09 17:53:45.396753,0.8519464544866873,-0.17758618710938215,0.3190063854317949,0.9453907608985901,-0.022483028619201366,0.32096841266643045,-0.05205891765477295,-0.0007641733590727876,0.0013395829719631703,-0.0028736737672720087,-0.0010693370658250772,0.0033219376312572974,0.007405003490723812,5.059352232798896,-3.2611309272945777,-30.31346464276307,-2.6568303128122905,2.0415930640017077,0.07049474594572633
2024-01-09 17:53:45.410514,0.8520368799357322,-0.17745457970552,0.3190084324631714,0.9453678727149963,-0.022491700828951047,0.3210219712083,-0.05214038146123743,-0.0007641733590727876,0.0013395829719631703,-0.0028736737672720087,-0.0010693370658250772,0.0033219376312572974,0.007405003490723812,4.752623706264585,-4.01491317008181,-30.49976066418856,-2.8686792657497224,2.0852330172636298,0.10257883653781877
2024-01-09 17:53:45.424171,0.8520553840588367,-0.17735954432911452,0.3189692627604763,0.9453741312026978,-0.02244773546566493,0.3210012166052517,-0.05217392911004138,-0.0007641733590727876,0.0013395829719631703,-0.0028736737672720087,-0.0010693370658250772,0.0033219376312572974,0.007405003490723812,5.894315081933382,-4.406444398798386,-28.40507131555229,-2.6042696875915023,1.8756870623399033,-0.028342968024695513
2024-01-09 17:53:45.437049,0.8520886591228404,-0.1773046486680275,0.3189844829655211,0.9453678727149963,-0.022447815607099363,0.3210158201999873,-0.05219681926043501,-0.0007641733590727876,0.0013395829719631703,-0.0028736737672720087,-0.0010693370658250772,0.0033219376312572974,0.007405003490723812,6.192838441486967,-3.435583036809771,-30.524940221115465,-2.7021933743771136,1.8593532086395739,-0.06456682220193893
2024-01-09 17:53:45.449708,0.8521368223736888,-0.1773447560513992,0.31905703461561874,0.945343017578125,-0.022516230641947813,0.3210869858866342,-0.05217996394238688,-0.0007641733590727876,0.0013395829719631703,-0.0028736737672720087,-0.0010693370658250772,0.0033219376312572974,0.007405003490723812,5.883853926011894,-3.342528175830947,-30.938870955006156,-2.790830135796251,1.951756868731546,0.0033069413937286685
2024-01-09 17:53:45.462244,0.8521368223736888,-0.1773447560513992,0.31905703461561874,0.945343017578125,-0.022516230641947813,0.3210869858866342,-0.05217996394238688,-0.0007641733590727876,0.0013395829719631703,-0.0028736737672720087,-0.0010693370658250772,0.0033219376312572974,0.007405003490723812,5.883853926011894,-3.342528175830947,-30.938870955006156,-2.790830135796251,1.951756868731546,0.0033069413937286685
2024-01-09 17:53:45.474819,0.8521368223736888,-0.1773447560513992,0.31905703461561874,0.945343017578125,-0.022516230641947813,0.3210869858866342,-0.05217996394238688,-0.0007641733590727876,0.0013395829719631703,-0.0028736737672720087,-0.0010693370658250772,0.0033219376312572974,0.007405003490723812,5.883853926011894,-3.342528175830947,-30.938870955006156,-2.790830135796251,1.951756868731546,0.0033069413937286685
2024-01-09 17:53:45.487714,0.8521368223736888,-0.1773447560513992,0.31905703461561874,0.945343017578125,-0.022516230641947813,0.3210869858866342,-0.05217996394238688,-0.0007641733590727876,0.0013395829719631703,-0.0028736737672720087,-0.0010693370658250772,0.0033219376312572974,0.007405003490723812,5.883853926011894,-3.342528175830947,-30.938870955006156,-2.790830135796251,1.951756868731546,0.0033069413937286685
2024-01-09 17:53:45.500358,0.8523013620175653,-0.17737761427438534,0.3191581484953368,0.945283055305481,-0.022602373900155497,0.32127443054908905,-0.05207477052634712,-0.0007641733590727876,0.0013395829719631703,-0.0028736737672720087,-0.0010693370658250772,0.0033219376312572974,0.007405003490723812,6.278067354160938,-2.1756946261473566,-30.62852360140852,-2.6036008950855942,1.8888143408124793,-0.03347989196066936
2024-01-09 17:53:45.512889,0.8523093457591236,-0.17745333402089175,0.31911591505127995,0.9452974796295166,-0.022635919828603423,0.3212443197619624,-0.05198406767352175,-0.0007641733590727876,0.0013395829719631703,-0.0028736737672720087,-0.0010693370658250772,0.0033219376312572974,0.007405003490723812,5.330721819326017,-3.3950814037359778,-29.361753644763994,-2.7833660286072224,2.0150462828462246,0.05726741661512473
2024-01-09 17:53:45.526035,0.8523098706585379,-0.1774518313017253,0.318971056277198,0.9453263282775879,-0.022635841588082715,0.32116216898156447,-0.05196799881905874,-0.0007641733590727876,0.0013395829719631703,-0.0028736737672720087,-0.0010693370658250772,0.0033219376312572974,0.007405003490723812,6.112161882985932,-3.037793668431575,-26.91028716051271,-2.238019046377645,1.8945504121972827,-0.040779948474901975
2024-01-09 17:53:45.538285,0.8523234541656424,-0.17749824322351013,0.318912933249141,0.9453308582305908,-0.022691797934964206,0.32114261085343226,-0.05198137670944158,-0.0007641733590727876,0.0013395829719631703,-0.0028736737672720087,-0.0010693370658250772,0.0033219376312572974,0.007405003490723812,5.8799135380393945,-1.9144390868784962,-29.64354272502896,-2.334536874450321,2.0155457875661775,-0.0001636155920611587
2024-01-09 17:53:45.550640,0.8523234541656424,-0.17749824322351013,0.318912933249141,0.9453308582305908,-0.022691797934964206,0.32114261085343226,-0.05198137670944158,-0.0007641733590727876,0.0013395829719631703,-0.0028736737672720087,-0.0010693370658250772,0.0033219376312572974,0.007405003490723812,5.459004161034117,-2.5092757090847093,-30.690919537803286,-2.6584166370059306,2.069869496112468,0.05605122078375813
2024-01-09 17:53:45.563010,0.8523282835787757,-0.1775892585995153,0.3189203513818173,0.9453321099281311,-0.0227506889114357,0.3211386522767288,-0.051957825879298744,-0.0007641733590727876,0.0013395829719631703,-0.0028736737672720087,-0.0010693370658250772,0.0033219376312572974,0.007405003490723812,5.459004161034117,-2.5092757090847093,-30.690919537803286,-2.6584166370059306,2.069869496112468,0.05605122078375813
2024-01-09 17:53:45.575275,0.8523282835787757,-0.1775892585995153,0.3189203513818173,0.9453321099281311,-0.0227506889114357,0.3211386522767288,-0.051957825879298744,-0.0007641733590727876,0.0013395829719631703,-0.0028736737672720087,-0.0010693370658250772,0.0033219376312572974,0.007405003490723812,5.459004161034117,-2.5092757090847093,-30.690919537803286,-2.6584166370059306,2.069869496112468,0.05605122078375813
2024-01-09 17:53:45.588161,0.8523282835787757,-0.1775892585995153,0.3189203513818173,0.9453321099281311,-0.0227506889114357,0.3211386522767288,-0.051957825879298744,-0.0007641733590727876,0.0013395829719631703,-0.0028736737672720087,-0.0010693370658250772,0.0033219376312572974,0.007405003490723812,5.459004161034117,-2.5092757090847093,-30.690919537803286,-2.6584166370059306,2.069869496112468,0.05605122078375813
2024-01-09 17:53:45.600431,0.8523282835787757,-0.1775892585995153,0.3189203513818173,0.9453321099281311,-0.0227506889114357,0.3211386522767288,-0.051957825879298744,-0.0007641733590727876,0.0013395829719631703,-0.0028736737672720087,-0.0010693370658250772,0.0033219376312572974,0.007405003490723812,5.459004161034117,-2.5092757090847093,-30.690919537803286,-2.6584166370059306,2.069869496112468,0.05605122078375813
2024-01-09 17:53:45.612807,0.8523282835787757,-0.1775892585995153,0.3189203513818173,0.9453321099281311,-0.0227506889114357,0.3211386522767288,-0.051957825879298744,-0.0007641733590727876,0.0013395829719631703,-0.0028736737672720087,-0.0010693370658250772,0.0033219376312572974,0.007405003490723812,5.459004161034117,-2.5092757090847093,-30.690919537803286,-2.6584166370059306,2.069869496112468,0.05605122078375813
2024-01-09 17:53:45.625080,0.8523282835787757,-0.1775892585995153,0.3189203513818173,0.9453321099281311,-0.0227506889114357,0.3211386522767288,-0.051957825879298744,-0.0007641733590727876,0.0013395829719631703,-0.0028736737672720087,-0.0010693370658250772,0.0033219376312572974,0.007405003490723812,5.459004161034117,-2.5092757090847093,-30.690919537803286,-2.6584166370059306,2.069869496112468,0.05605122078375813
2024-01-09 17:53:45.637440,0.8523282835787757,-0.1775892585995153,0.3189203513818173,0.9453321099281311,-0.0227506889114357,0.3211386522767288,-0.051957825879298744,-0.0007641733590727876,0.0013395829719631703,-0.0028736737672720087,-0.0010693370658250772,0.0033219376312572974,0.007405003490723812,5.459004161034117,-2.5092757090847093,-30.690919537803286,-2.6584166370059306,2.069869496112468,0.05605122078375813
2024-01-09 17:53:45.650068,0.8523029496836579,-0.17756262362440164,0.3185866528535458,0.94537752866745,-0.022535011224127998,0.32101329741881796,-0.05199975837664006,-0.000287885171792255,0.0003026701717460692,-0.0037920287303576756,-0.0006620512548921613,0.0027483533665014544,0.005111355963164631,4.9984190328751215,-3.2914450272906968,-29.56734748940263,-2.719347529383446,2.1109708420645017,0.12694031442553194
2024-01-09 17:53:45.662566,0.852302112009196,-0.1775479847375586,0.3185584153040783,0.9453814625740051,-0.022512543399910025,0.32100104319644845,-0.052013411864647065,-0.000287885171792255,0.0003026701717460692,-0.0037920287303576756,-0.0006620512548921613,0.0027483533665014544,0.005111355963164631,4.840621467949385,-3.3699883842551976,-29.628067476609207,-2.7260726855597044,2.105001558752925,0.1370130839654516
2024-01-09 17:53:45.674908,0.8523154714308491,-0.17749366507795436,0.3185272860349939,0.9453839063644409,-0.022497756213853998,0.32098962463293584,-0.052046151143922116,-0.000287885171792255,0.0003026701717460692,-0.0037920287303576756,-0.0006620512548921613,0.0027483533665014544,0.005111355963164631,5.265444993200705,-3.9278634449949,-28.879758447202544,-2.732883581397827,2.0188799948135263,0.08645191697220446
2024-01-09 17:53:45.687661,0.8523503008461852,-0.17743033548062245,0.31854466176265533,0.9453690052032471,-0.022498487134843332,0.32102439129223737,-0.05210160728483185,-0.000287885171792255,0.0003026701717460692,-0.0037920287303576756,-0.0006620512548921613,0.0027483533665014544,0.005111355963164631,6.427793206543237,-3.4752964118625522,-29.241849831257937,-2.64179847409124,1.8076644748836594,-0.059954952057387906
2024-01-09 17:53:45.700087,0.8523703136342876,-0.17745827181312948,0.3185795526949353,0.9453579187393188,-0.022525526764314987,0.3210572801239338,-0.052088951085390786,-0.000287885171792255,0.0003026701717460692,-0.0037920287303576756,-0.0006620512548921613,0.0027483533665014544,0.005111355963164631,4.920530270014783,-3.0227864999778085,-30.434951585520263,-2.8015399274159427,2.098586973253774,0.11803244001328396
2024-01-09 17:53:45.712362,0.8523703136342876,-0.17745827181312948,0.3185795526949353,0.9453579187393188,-0.022525526764314987,0.3210572801239338,-0.052088951085390786,-0.000287885171792255,0.0003026701717460692,-0.0037920287303576756,-0.0006620512548921613,0.0027483533665014544,0.005111355963164631,4.920530270014783,-3.0227864999778085,-30.434951585520263,-2.8015399274159427,2.098586973253774,0.11803244001328396
2024-01-09 17:53:45.724655,0.8523892296295397,-0.17740701614734108,0.3185617678436254,0.9453588724136353,-0.02251158958489629,0.32105325695660963,-0.052102634587804945,-0.000287885171792255,0.0003026701717460692,-0.0037920287303576756,-0.0006620512548921613,0.0027483533665014544,0.005111355963164631,5.342368707357827,-4.41822357781617,-28.38150835341329,-2.8111793622848147,1.9910397089604115,0.07204140044797006
2024-01-09 17:53:45.737037,0.8524123749268276,-0.1773125971858231,0.31851883999212854,0.9453622698783875,-0.022478396404385176,0.32103799248706427,-0.052148865504730295,-0.000287885171792255,0.0003026701717460692,-0.0037920287303576756,-0.0006620512548921613,0.0027483533665014544,0.005111355963164631,6.522377865161623,-4.126025870777676,-27.42502249685706,-2.527433219492429,1.7878040357135208,-0.06907468598415682
2024-01-09 17:53:45.749416,0.8524567545540845,-0.17731992600370092,0.31857928552218195,0.9453393816947937,-0.022516189367981068,0.3211034287921812,-0.05214492329051523,-0.000287885171792255,0.0003026701717460692,-0.0037920287303576756,-0.0006620512548921613,0.0027483533665014544,0.005111355963164631,5.831527063552288,-3.1315300807991835,-30.361538788384692,-2.7789275507811797,1.9905438564102398,0.04943001406612359
2024-01-09 17:53:45.761713,0.8525061538519284,-0.17732126678141782,0.31863258306906383,0.9453186392784119,-0.022568658573773586,0.3211607648974747,-0.05214534621476999,-0.000287885171792255,0.0003026701717460692,-0.0037920287303576756,-0.0006620512548921613,0.0027483533665014544,0.005111355963164631,6.258932577287128,-4.128716646631125,-29.1570729590058,-2.8589061000007656,1.9190685550399729,0.034172542367337605
2024-01-09 17:53:45.774143,0.8525061538519284,-0.17732126678141782,0.31863258306906383,0.9453186392784119,-0.022568658573773586,0.3211607648974747,-0.05214534621476999,-0.000287885171792255,0.0003026701717460692,-0.0037920287303576756,-0.0006620512548921613,0.0027483533665014544,0.005111355963164631,6.74240197139408,-4.243662238900219,-27.762605751478276,-2.679675997644491,1.9117741396021721,0.0005206406370371404
2024-01-09 17:53:45.786952,0.8526032664111646,-0.17726087322095938,0.31867280227447947,0.9452836513519287,-0.02267083241964559,0.32125165132468875,-0.05217462886854242,-0.000287885171792255,0.0003026701717460692,-0.0037920287303576756,-0.0006620512548921613,0.0027483533665014544,0.005111355963164631,6.74240197139408,-4.243662238900219,-27.762605751478276,-2.679675997644491,1.9117741396021721,0.0005206406370371404
2024-01-09 17:53:45.799311,0.8526032664111646,-0.17726087322095938,0.31867280227447947,0.9452836513519287,-0.02267083241964559,0.32125165132468875,-0.05217462886854242,-0.000287885171792255,0.0003026701717460692,-0.0037920287303576756,-0.0006620512548921613,0.0027483533665014544,0.005111355963164631,6.74240197139408,-4.243662238900219,-27.762605751478276,-2.679675997644491,1.9117741396021721,0.0005206406370371404
2024-01-09 17:53:45.811753,0.8526032664111646,-0.17726087322095938,0.31867280227447947,0.9452836513519287,-0.02267083241964559,0.32125165132468875,-0.05217462886854242,-0.000287885171792255,0.0003026701717460692,-0.0037920287303576756,-0.0006620512548921613,0.0027483533665014544,0.005111355963164631,6.74240197139408,-4.243662238900219,-27.762605751478276,-2.679675997644491,1.9117741396021721,0.0005206406370371404
2024-01-09 17:53:45.824117,0.8526032664111646,-0.17726087322095938,0.31867280227447947,0.9452836513519287,-0.02267083241964559,0.32125165132468875,-0.05217462886854242,-0.000287885171792255,0.0003026701717460692,-0.0037920287303576756,-0.0006620512548921613,0.0027483533665014544,0.005111355963164631,6.74240197139408,-4.243662238900219,-27.762605751478276,-2.679675997644491,1.9117741396021721,0.0005206406370371404
2024-01-09 17:53:45.836510,0.8526524119966684,-0.17741945822199273,0.3185527218424279,0.9453127980232239,-0.0227746255947612,0.32118646767802506,-0.05200321505171483,0.0008935561000698235,-0.00288336365515194,-0.0021832805827560653,-0.004681232690487105,0.0029193424042666368,-0.0054225182327608005,6.005879733330607,-2.8985975752198407,-26.36980466670459,-2.253129182204155,1.9450100233914969,-0.009765047212480745
2024-01-09 17:53:45.848851,0.8526687731597149,-0.17745043876698868,0.3184952858753724,0.9453142285346985,-0.02281469247357698,0.32117681497016964,-0.05201917991637947,0.0008935561000698235,-0.00288336365515194,-0.0021832805827560653,-0.004681232690487105,0.0029193424042666368,-0.0054225182327608005,6.106546362841982,-1.9837038615611502,-29.0245366512288,-2.403388196123514,1.9939698107941977,0.0034444574339889903
2024-01-09 17:53:45.861478,0.8526748725980431,-0.1775422797239616,0.3185094160722664,0.945308268070221,-0.022837439325879713,0.3212005967483231,-0.05197047413407643,0.0008935561000698235,-0.00288336365515194,-0.0021832805827560653,-0.004681232690487105,0.0029193424042666368,-0.0054225182327608005,5.764089943967199,-2.471353234312506,-29.956353938526746,-2.70613844365083,2.0288791380237523,0.05353585924046162
2024-01-09 17:53:45.873796,0.8526748725980431,-0.1775422797239616,0.3185094160722664,0.945308268070221,-0.022837439325879713,0.3212005967483231,-0.05197047413407643,0.0008935561000698235,-0.00288336365515194,-0.0021832805827560653,-0.004681232690487105,0.0029193424042666368,-0.0054225182327608005,5.778463549478256,-3.1775426858670364,-27.40991975829867,-2.5317565855191373,2.0425001282280784,0.06795950317250948
2024-01-09 17:53:45.886293,0.8526781888242112,-0.17756261054967015,0.31845564949402494,0.9453122615814209,-0.022806987258419828,0.3211952085300191,-0.05194458296899139,0.0008935561000698235,-0.00288336365515194,-0.0021832805827560653,-0.004681232690487105,0.0029193424042666368,-0.0054225182327608005,5.778463549478256,-3.1775426858670364,-27.40991975829867,-2.5317565855191373,2.0425001282280784,0.06795950317250948
2024-01-09 17:53:45.898511,0.8526728931520423,-0.17754746117508147,0.318370825321539,0.9453216195106506,-0.022742375823966078,0.3211714722550688,-0.05194897062915478,0.0008935561000698235,-0.00288336365515194,-0.0021832805827560653,-0.004681232690487105,0.0029193424042666368,-0.0054225182327608005,6.112754030747119,-2.7390739884456194,-27.52700358357919,-2.4526052166094967,1.9743936366942516,0.03427863039745538
2024-01-09 17:53:45.910865,0.8526763538125126,-0.17759673428401765,0.3183436372963853,0.9453181624412537,-0.022738560975904043,0.3211843068364901,-0.05193389791587721,0.0008935561000698235,-0.00288336365515194,-0.0021832805827560653,-0.004681232690487105,0.0029193424042666368,-0.0054225182327608005,5.329879771545161,-2.6726093799856097,-29.42354137796202,-2.7309981831812933,2.143065145716637,0.14495950232442079
2024-01-09 17:53:45.923388,0.8526763538125126,-0.17759673428401765,0.3183436372963853,0.9453181624412537,-0.022738560975904043,0.3211843068364901,-0.05193389791587721,0.0008935561000698235,-0.00288336365515194,-0.0021832805827560653,-0.004681232690487105,0.0029193424042666368,-0.0054225182327608005,5.379829119504676,-3.058546530071287,-28.54229164310374,-2.6586639650948696,2.0771392599538245,0.1372612105844352
2024-01-09 17:53:45.935770,0.8526763538125126,-0.17759673428401765,0.3183436372963853,0.9453181624412537,-0.022738560975904043,0.3211843068364901,-0.05193389791587721,0.0008935561000698235,-0.00288336365515194,-0.0021832805827560653,-0.004681232690487105,0.0029193424042666368,-0.0054225182327608005,5.379829119504676,-3.058546530071287,-28.54229164310374,-2.6586639650948696,2.0771392599538245,0.1372612105844352
2024-01-09 17:53:45.948035,0.8526763538125126,-0.17759673428401765,0.3183436372963853,0.9453181624412537,-0.022738560975904043,0.3211843068364901,-0.05193389791587721,0.0008935561000698235,-0.00288336365515194,-0.0021832805827560653,-0.004681232690487105,0.0029193424042666368,-0.0054225182327608005,5.379829119504676,-3.058546530071287,-28.54229164310374,-2.6586639650948696,2.0771392599538245,0.1372612105844352
2024-01-09 17:53:45.960235,0.8526670247741277,-0.1776119672727194,0.31830854781162654,0.9453279972076416,-0.022733010758727946,0.3211531510444792,-0.05195017481302891,0.0008935561000698235,-0.00288336365515194,-0.0021832805827560653,-0.004681232690487105,0.0029193424042666368,-0.0054225182327608005,5.379829119504676,-3.058546530071287,-28.54229164310374,-2.6586639650948696,2.0771392599538245,0.1372612105844352
2024-01-09 17:53:45.974141,0.8526522111683283,-0.17747899197123893,0.31814253677735466,0.9453728199005127,-0.022638272870642944,0.3210130847753639,-0.052041828339866286,0.0008935561000698235,-0.00288336365515194,-0.0021832805827560653,-0.004681232690487105,0.0029193424042666368,-0.0054225182327608005,4.886490661280696,-3.401028112998699,-28.494605404955895,-2.706443897864109,2.136854563519702,0.15313511901260501
2024-01-09 17:53:45.988446,0.8526749927140151,-0.17740018001957877,0.31810287772344215,0.9453727006912231,-0.022615293384016844,0.32100771252972415,-0.052086835996538794,0.0008935561000698235,-0.00288336365515194,-0.0021832805827560653,-0.004681232690487105,0.0029193424042666368,-0.0054225182327608005,5.899379232379956,-3.8737167343551224,-27.373162158291564,-2.584756312952822,1.9346820338702462,0.02675568519833935
2024-01-09 17:53:46.001323,0.8526749927140151,-0.17740018001957877,0.31810287772344215,0.9453727006912231,-0.022615293384016844,0.32100771252972415,-0.052086835996538794,0.0008935561000698235,-0.00288336365515194,-0.0021832805827560653,-0.004681232690487105,0.0029193424042666368,-0.0054225182327608005,5.899379232379956,-3.8737167343551224,-27.373162158291564,-2.584756312952822,1.9346820338702462,0.02675568519833935
2024-01-09 17:53:46.013957,0.8526749927140151,-0.17740018001957877,0.31810287772344215,0.9453727006912231,-0.022615293384016844,0.32100771252972415,-0.052086835996538794,0.0008935561000698235,-0.00288336365515194,-0.0021832805827560653,-0.004681232690487105,0.0029193424042666368,-0.0054225182327608005,5.899379232379956,-3.8737167343551224,-27.373162158291564,-2.584756312952822,1.9346820338702462,0.02675568519833935
2024-01-09 17:53:46.026496,0.8526749927140151,-0.17740018001957877,0.31810287772344215,0.9453727006912231,-0.022615293384016844,0.32100771252972415,-0.052086835996538794,0.0008935561000698235,-0.00288336365515194,-0.0021832805827560653,-0.004681232690487105,0.0029193424042666368,-0.0054225182327608005,5.899379232379956,-3.8737167343551224,-27.373162158291564,-2.584756312952822,1.9346820338702462,0.02675568519833935
2024-01-09 17:53:46.038836,0.8526749927140151,-0.17740018001957877,0.31810287772344215,0.9453727006912231,-0.022615293384016844,0.32100771252972415,-0.052086835996538794,0.0008935561000698235,-0.00288336365515194,-0.0021832805827560653,-0.004681232690487105,0.0029193424042666368,-0.0054225182327608005,6.327607618402312,-4.109829640784954,-26.668490666865978,-2.527481522973685,1.8552500222974324,-0.019013716913577883
2024-01-09 17:53:46.051319,0.8527857318653259,-0.17723297858024833,0.31811902337939163,0.9453448057174683,-0.022587092947296463,0.3210834440230896,-0.05213875272764035,0.0008935561000698235,-0.00288336365515194,-0.0021832805827560653,-0.004681232690487105,0.0029193424042666368,-0.0054225182327608005,6.327607618402312,-4.109829640784954,-26.668490666865978,-2.527481522973685,1.8552500222974324,-0.019013716913577883
2024-01-09 17:53:46.063769,0.8528248063173341,-0.17724359986864005,0.318170554707256,0.9453262686729431,-0.022628948714420595,0.3211354740126812,-0.05213613895151243,0.002604963467215763,-0.0007080858927810406,0.0034354218576263897,0.001434608845927238,-0.00705291645379714,-0.0058051798654097375,5.667488524756969,-2.948551251005469,-29.58017153666258,-2.705970667874756,2.06238723331722,0.09609056243196423
2024-01-09 17:53:46.075957,0.8528674075535574,-0.17725521841126815,0.3182317176295165,0.9453059434890747,-0.022661741127234254,0.32119515296270207,-0.052122676546872033,0.002604963467215763,-0.0007080858927810406,0.0034354218576263897,0.001434608845927238,-0.00705291645379714,-0.0058051798654097375,6.000420195439421,-3.8515058292350304,-28.656631559588938,-2.8132958199769,2.0022704505476283,0.08204658655316721
2024-01-09 17:53:46.088522,0.8529474041388136,-0.1771907726284047,0.31826301620638037,0.9452695250511169,-0.022655703528874277,0.3213044698763347,-0.052112212876989764,0.002604963467215763,-0.0007080858927810406,0.0034354218576263897,0.001434608845927238,-0.00705291645379714,-0.0058051798654097375,7.066447272757985,-4.260312339484562,-26.844011221675935,-2.6514287782073884,1.8897598141958911,0.0040158882489866226
2024-01-09 17:53:46.100841,0.8530174639749473,-0.1771946926855051,0.3182978280920529,0.9452374577522278,-0.022686813051359403,0.3214022429962386,-0.05207775633158289,0.002604963467215763,-0.0007080858927810406,0.0034354218576263897,0.001434608845927238,-0.00705291645379714,-0.0058051798654097375,6.843597271604782,-2.9381865418805058,-27.90318168751855,-2.5296668129808713,1.940227735580852,0.014722789253064942
2024-01-09 17:53:46.113151,0.8530251587899436,-0.17729601355980798,0.3183302633351277,0.9452411532402039,-0.0227359059120781,0.32139851047611256,-0.05201147230575209,0.002604963467215763,-0.0007080858927810406,0.0034354218576263897,0.001434608845927238,-0.00705291645379714,-0.0058051798654097375,6.563343161709855,-2.287993669789301,-28.967865334444806,-2.6650885618382922,1.8892073583058615,-0.00026492849995824087
2024-01-09 17:53:46.125386,0.8530251587899436,-0.17729601355980798,0.3183302633351277,0.9452411532402039,-0.0227359059120781,0.32139851047611256,-0.05201147230575209,0.002604963467215763,-0.0007080858927810406,0.0034354218576263897,0.001434608845927238,-0.00705291645379714,-0.0058051798654097375,6.563343161709855,-2.287993669789301,-28.967865334444806,-2.6650885618382922,1.8892073583058615,-0.00026492849995824087
2024-01-09 17:53:46.137611,0.8530146167028424,-0.17735025120619202,0.3182645290841407,0.945271372795105,-0.02275058790350946,0.3213200202287994,-0.05194070747745967,0.002604963467215763,-0.0007080858927810406,0.0034354218576263897,0.001434608845927238,-0.00705291645379714,-0.0058051798654097375,5.708216883300144,-3.8374708367783343,-27.040197733429537,-2.7999922536366637,1.989041065804474,0.07316584942985571
2024-01-09 17:53:46.150069,0.8530176098040553,-0.1773238206104941,0.3181351658251256,0.9452968835830688,-0.02275110972838062,0.3212418360348501,-0.05196060272004173,0.002604963467215763,-0.0007080858927810406,0.0034354218576263897,0.001434608845927238,-0.00705291645379714,-0.0058051798654097375,6.443935896853973,-3.095433476732696,-25.280506930602268,-2.264232349656926,1.919840379406039,-0.0111819044941397
2024-01-09 17:53:46.162521,0.8530176098040553,-0.1773238206104941,0.3181351658251256,0.9452968835830688,-0.02275110972838062,0.3212418360348501,-0.05196060272004173,0.002604963467215763,-0.0007080858927810406,0.0034354218576263897,0.001434608845927238,-0.00705291645379714,-0.0058051798654097375,6.443935896853973,-3.095433476732696,-25.280506930602268,-2.264232349656926,1.919840379406039,-0.0111819044941397
2024-01-09 17:53:46.174762,0.8530176098040553,-0.1773238206104941,0.3181351658251256,0.9452968835830688,-0.02275110972838062,0.3212418360348501,-0.05196060272004173,0.002604963467215763,-0.0007080858927810406,0.0034354218576263897,0.001434608845927238,-0.00705291645379714,-0.0058051798654097375,6.443935896853973,-3.095433476732696,-25.280506930602268,-2.264232349656926,1.919840379406039,-0.0111819044941397
2024-01-09 17:53:46.187761,0.8530176098040553,-0.1773238206104941,0.3181351658251256,0.9452968835830688,-0.02275110972838062,0.3212418360348501,-0.05196060272004173,0.002604963467215763,-0.0007080858927810406,0.0034354218576263897,0.001434608845927238,-0.00705291645379714,-0.0058051798654097375,6.443935896853973,-3.095433476732696,-25.280506930602268,-2.264232349656926,1.919840379406039,-0.0111819044941397
2024-01-09 17:53:46.200321,0.8530605992474497,-0.17748082978645865,0.31802344920343356,0.9453091621398926,-0.0228979916051357,0.32119902646394555,-0.05193665327766631,0.002604963467215763,-0.0007080858927810406,0.0034354218576263897,0.001434608845927238,-0.00705291645379714,-0.0058051798654097375,5.777866390998331,-2.852615451604887,-25.828205651187286,-2.333282935409112,2.067790366996049,0.07307310152457028
2024-01-09 17:53:46.212718,0.8530605992474497,-0.17748082978645865,0.31802344920343356,0.9453091621398926,-0.0228979916051357,0.32119902646394555,-0.05193665327766631,0.002604963467215763,-0.0007080858927810406,0.0034354218576263897,0.001434608845927238,-0.00705291645379714,-0.0058051798654097375,5.777866390998331,-2.852615451604887,-25.828205651187286,-2.333282935409112,2.067790366996049,0.07307310152457028
2024-01-09 17:53:46.225317,0.8530605992474497,-0.17748082978645865,0.31802344920343356,0.9453091621398926,-0.0228979916051357,0.32119902646394555,-0.05193665327766631,0.002604963467215763,-0.0007080858927810406,0.0034354218576263897,0.001434608845927238,-0.00705291645379714,-0.0058051798654097375,5.777866390998331,-2.852615451604887,-25.828205651187286,-2.333282935409112,2.067790366996049,0.07307310152457028
2024-01-09 17:53:46.237725,0.8530605992474497,-0.17748082978645865,0.31802344920343356,0.9453091621398926,-0.0228979916051357,0.32119902646394555,-0.05193665327766631,0.002604963467215763,-0.0007080858927810406,0.0034354218576263897,0.001434608845927238,-0.00705291645379714,-0.0058051798654097375,5.777866390998331,-2.852615451604887,-25.828205651187286,-2.333282935409112,2.067790366996049,0.07307310152457028
2024-01-09 17:53:46.250013,0.8530557399924585,-0.17751418254493753,0.31784421804804786,0.945327877998352,-0.022805719500008936,0.32114795065864615,-0.05195238294685709,0.002604963467215763,-0.0007080858927810406,0.0034354218576263897,0.001434608845927238,-0.00705291645379714,-0.0058051798654097375,5.606094517524621,-3.547206983773096,-27.39764468789325,-2.741842895704846,2.073414912768134,0.12010724026078888
2024-01-09 17:53:46.262046,0.8530557399924585,-0.17751418254493753,0.31784421804804786,0.945327877998352,-0.022805719500008936,0.32114795065864615,-0.05195238294685709,0.002604963467215763,-0.0007080858927810406,0.0034354218576263897,0.001434608845927238,-0.00705291645379714,-0.0058051798654097375,5.046569996522857,-3.097916348461451,-28.62924039029781,-2.858499922279279,2.151159208185583,0.17672745233108042
2024-01-09 17:53:46.274597,0.8530449596721208,-0.17750967574527493,0.31781623210931437,0.9453364014625549,-0.022753637042609336,0.321128060850034,-0.051943442001831305,0.002604963467215763,-0.0007080858927810406,0.0034354218576263897,0.001434608845927238,-0.00705291645379714,-0.0058051798654097375,5.046569996522857,-3.097916348461451,-28.62924039029781,-2.858499922279279,2.151159208185583,0.17672745233108042
2024-01-09 17:53:46.287796,0.8530020745350156,-0.17749171916688003,0.31776039149184876,0.945366621017456,-0.022688649060704304,0.32104001793265063,-0.051965636236519105,-0.0028590091403435376,0.0011971052263267297,-0.003722707831040524,7.268563123277776e-05,0.011873843030554887,0.009843140460845815,4.595537784196251,-3.090621264673236,-27.960256358646127,-2.720851857617616,2.205433356736863,0.21173154111233825
2024-01-09 17:53:46.299934,0.8530096239814445,-0.17743775478660337,0.31771092024288133,0.9453737139701843,-0.022673153169980864,0.3210134549861658,-0.052007789569289135,-0.0028590091403435376,0.0011971052263267297,-0.003722707831040524,7.268563123277776e-05,0.011873843030554887,0.009843140460845815,5.443026552275642,-3.7054769337214912,-26.89201762145705,-2.673748468406203,2.05623652378583,0.11260299526694184
2024-01-09 17:53:46.311926,0.8530345154578777,-0.1773884598148793,0.3177171654180483,0.9453664422035217,-0.02266708863283075,0.3210304408760714,-0.05203825717621546,-0.0028590091403435376,0.0011971052263267297,-0.003722707831040524,7.268563123277776e-05,0.011873843030554887,0.009843140460845815,6.317799156525536,-3.516487981020517,-27.768270184810135,-2.716134876535983,1.872538021669878,-0.005060798498680308
2024-01-09 17:53:46.323985,0.8530530923995973,-0.17741568596820342,0.3177482224293621,0.9453569054603577,-0.02269165949731363,0.321059265497223,-0.05202313909828147,-0.0028590091403435376,0.0011971052263267297,-0.003722707831040524,7.268563123277776e-05,0.011873843030554887,0.009843140460845815,4.697486304557892,-2.9752482797111353,-28.830764967297913,-2.823686784897744,2.169821851153027,0.17770139222147888
2024-01-09 17:53:46.335872,0.8530530923995973,-0.17741568596820342,0.3177482224293621,0.9453569054603577,-0.02269165949731363,0.321059265497223,-0.05202313909828147,-0.0028590091403435376,0.0011971052263267297,-0.003722707831040524,7.268563123277776e-05,0.011873843030554887,0.009843140460845815,5.6729755298082605,-4.100868883810595,-26.068898473169803,-2.6495565540484023,1.9822739646470269,0.07757234507043183
2024-01-09 17:53:46.347805,0.8530870369550093,-0.17733410103855962,0.3177096162546122,0.9453513026237488,-0.022668700537484328,0.32107255004976665,-0.05205243928435766,-0.0028590091403435376,0.0011971052263267297,-0.003722707831040524,7.268563123277776e-05,0.011873843030554887,0.009843140460845815,5.6729755298082605,-4.100868883810595,-26.068898473169803,-2.6495565540484023,1.9822739646470269,0.07757234507043183
2024-01-09 17:53:46.359772,0.8531293424654387,-0.17723008382654626,0.3176911323261919,0.9453451633453369,-0.022648897135619177,0.32108398399902044,-0.05210241047320429,-0.0028590091403435376,0.0011971052263267297,-0.003722707831040524,7.268563123277776e-05,0.011873843030554887,0.009843140460845815,7.343926116827483,-3.8921247293727608,-26.034934192053512,-2.5302826090144177,1.6950660259433177,-0.12061865675480293
2024-01-09 17:53:46.373044,0.8531293424654387,-0.17723008382654626,0.3176911323261919,0.9453451633453369,-0.022648897135619177,0.32108398399902044,-0.05210241047320429,-0.0028590091403435376,0.0011971052263267297,-0.003722707831040524,7.268563123277776e-05,0.011873843030554887,0.009843140460845815,7.343926116827483,-3.8921247293727608,-26.034934192053512,-2.5302826090144177,1.6950660259433177,-0.12061865675480293
2024-01-09 17:53:46.386966,0.8531293424654387,-0.17723008382654626,0.3176911323261919,0.9453451633453369,-0.022648897135619177,0.32108398399902044,-0.05210241047320429,-0.0028590091403435376,0.0011971052263267297,-0.003722707831040524,7.268563123277776e-05,0.011873843030554887,0.009843140460845815,7.343926116827483,-3.8921247293727608,-26.034934192053512,-2.5302826090144177,1.6950660259433177,-0.12061865675480293
2024-01-09 17:53:46.400541,0.8531293424654387,-0.17723008382654626,0.3176911323261919,0.9453451633453369,-0.022648897135619177,0.32108398399902044,-0.05210241047320429,-0.0028590091403435376,0.0011971052263267297,-0.003722707831040524,7.268563123277776e-05,0.011873843030554887,0.009843140460845815,7.493416098934992,-3.697332228296207,-25.705235802851465,-2.5031193897988637,1.8337939539544572,-0.035234268114320934
2024-01-09 17:53:46.414080,0.8533701280521646,-0.17716161650422102,0.31786094412099875,0.9452269673347473,-0.022757861604904544,0.3214291456313596,-0.05207078904414945,-0.0028590091403435376,0.0011971052263267297,-0.003722707831040524,7.268563123277776e-05,0.011873843030554887,0.009843140460845815,6.3430920387634915,-2.1663577692606117,-28.248664569317047,-2.6053503553454123,1.9580713314394758,0.0483577191336865
2024-01-09 17:53:46.427632,0.8533881381680984,-0.1772298221105574,0.31789273341889385,0.9452276825904846,-0.022804969214749386,0.32143132297219174,-0.052024162088877494,-0.0028590091403435376,0.0011971052263267297,-0.003722707831040524,7.268563123277776e-05,0.011873843030554887,0.009843140460845815,6.3430920387634915,-2.1663577692606117,-28.248664569317047,-2.6053503553454123,1.9580713314394758,0.0483577191336865
2024-01-09 17:53:46.440173,0.8533881381680984,-0.1772298221105574,0.31789273341889385,0.9452276825904846,-0.022804969214749386,0.32143132297219174,-0.052024162088877494,-0.0028590091403435376,0.0011971052263267297,-0.003722707831040524,7.268563123277776e-05,0.011873843030554887,0.009843140460845815,6.3430920387634915,-2.1663577692606117,-28.248664569317047,-2.6053503553454123,1.9580713314394758,0.0483577191336865
2024-01-09 17:53:46.452813,0.8533881381680984,-0.1772298221105574,0.31789273341889385,0.9452276825904846,-0.022804969214749386,0.32143132297219174,-0.052024162088877494,-0.0028590091403435376,0.0011971052263267297,-0.003722707831040524,7.268563123277776e-05,0.011873843030554887,0.009843140460845815,6.3430920387634915,-2.1663577692606117,-28.248664569317047,-2.6053503553454123,1.9580713314394758,0.0483577191336865
2024-01-09 17:53:46.465029,0.8533881381680984,-0.1772298221105574,0.31789273341889385,0.9452276825904846,-0.022804969214749386,0.32143132297219174,-0.052024162088877494,-0.0028590091403435376,0.0011971052263267297,-0.003722707831040524,7.268563123277776e-05,0.011873843030554887,0.009843140460845815,6.3430920387634915,-2.1663577692606117,-28.248664569317047,-2.6053503553454123,1.9580713314394758,0.0483577191336865
2024-01-09 17:53:46.477426,0.8534038042778824,-0.1774147368238292,0.31770216880717533,0.9452846646308899,-0.022925368924345012,0.32127020877489215,-0.0519304894713603,-0.0028590091403435376,0.0011971052263267297,-0.003722707831040524,7.268563123277776e-05,0.011873843030554887,0.009843140460845815,6.481946840395146,-2.1004554462099314,-28.75442419956235,-2.7104623417936513,2.0019783912101117,0.0295709642768989
2024-01-09 17:53:46.490009,0.8534174918846672,-0.1775026618226679,0.31770527511012947,0.9452810883522034,-0.022965441932294942,0.3212850519623529,-0.051886255490075646,-0.0028590091403435376,0.0011971052263267297,-0.003722707831040524,7.268563123277776e-05,0.011873843030554887,0.009843140460845815,6.178710455924789,-3.1590300320525224,-27.139217517338395,-2.786217986218629,2.0081949521734095,0.07599506245634935
2024-01-09 17:53:46.502666,0.8534072664256752,-0.17747950289497263,0.3175965075972373,0.9452992677688599,-0.022884292348703303,0.32123772624059477,-0.05188380702396407,-0.0007303899279989931,0.001654209121091218,-0.007769108063727341,-0.004034720376295029,0.006631795239267832,0.011256509137561477,5.9855914869241005,-3.007732747076416,-24.960229436657315,-2.4019330580934906,2.038027675417939,0.09329432898979557
2024-01-09 17:53:46.515060,0.8534072664256752,-0.17747950289497263,0.3175965075972373,0.9452992677688599,-0.022884292348703303,0.32123772624059477,-0.05188380702396407,-0.0007303899279989931,0.001654209121091218,-0.007769108063727341,-0.004034720376295029,0.006631795239267832,0.011256509137561477,5.088498077938779,-2.098595476942611,-27.19239602708401,-2.515141694319754,2.234052208694945,0.21042308639036744
2024-01-09 17:53:46.527400,0.8533878382958583,-0.1775016681937218,0.3175175539576324,0.945313036441803,-0.02281779222161537,0.32120272251123627,-0.05187838481938579,-0.0007303899279989931,0.001654209121091218,-0.007769108063727341,-0.004034720376295029,0.006631795239267832,0.011256509137561477,5.088498077938779,-2.098595476942611,-27.19239602708401,-2.515141694319754,2.234052208694945,0.21042308639036744
2024-01-09 17:53:46.539602,0.8533890352129443,-0.17754120887399885,0.31749789450243493,0.9453115463256836,-0.022815389542872946,0.3212077836995813,-0.05187570192688027,-0.0007303899279989931,0.001654209121091218,-0.007769108063727341,-0.004034720376295029,0.006631795239267832,0.011256509137561477,5.076381097883308,-2.6667614199719023,-27.521426086913532,-2.6913012490178847,2.237982012281011,0.215091098910299
2024-01-09 17:53:46.552146,0.8534101894346637,-0.17752026870363075,0.31747169170048967,0.9453083276748657,-0.022829494852072477,0.32121012149326883,-0.05191351093490582,-0.0007303899279989931,0.001654209121091218,-0.007769108063727341,-0.004034720376295029,0.006631795239267832,0.011256509137561477,5.975295207940722,-3.4389718051941602,-26.381851654649427,-2.6746894049908247,2.0733457553705383,0.12021680855026999
2024-01-09 17:53:46.564460,0.8534123434936596,-0.17748036412634996,0.3174288072696374,0.9453191161155701,-0.022798796738154402,0.3211776624957732,-0.05193189820804628,-0.0007303899279989931,0.001654209121091218,-0.007769108063727341,-0.004034720376295029,0.006631795239267832,0.011256509137561477,5.708763040909713,-3.4705506808077344,-27.01402338439134,-2.8054477802085422,2.0612166113054236,0.12150030421437084
2024-01-09 17:53:46.576892,0.8534123434936596,-0.17748036412634996,0.3174288072696374,0.9453191161155701,-0.022798796738154402,0.3211776624957732,-0.05193189820804628,-0.0007303899279989931,0.001654209121091218,-0.007769108063727341,-0.004034720376295029,0.006631795239267832,0.011256509137561477,4.4795532859844185,-3.1873922892955817,-27.432107112080647,-2.8214569831440937,2.2411483089628925,0.22568004139008266
2024-01-09 17:53:46.589211,0.8533636778561262,-0.1774645853522116,0.3173687794231183,0.9453552961349487,-0.022714882769137145,0.3210762972202924,-0.05193696104816272,-0.0007303899279989931,0.001654209121091218,-0.007769108063727341,-0.004034720376295029,0.006631795239267832,0.011256509137561477,4.4795532859844185,-3.1873922892955817,-27.432107112080647,-2.8214569831440937,2.2411483089628925,0.22568004139008266
2024-01-09 17:53:46.602597,0.853341879578568,-0.17743886556344785,0.31731099023868253,0.9453754425048828,-0.02266799492905272,0.3210163556001458,-0.051961080191947964,-0.0007303899279989931,0.001654209121091218,-0.007769108063727341,-0.004034720376295029,0.006631795239267832,0.011256509137561477,4.689838041696685,-3.302646529577477,-26.80347306794272,-2.7255038157215203,2.22242952934014,0.21413205870316596
2024-01-09 17:53:46.615879,0.853341879578568,-0.17743886556344785,0.31731099023868253,0.9453754425048828,-0.02266799492905272,0.3210163556001458,-0.051961080191947964,-0.0007303899279989931,0.001654209121091218,-0.007769108063727341,-0.004034720376295029,0.006631795239267832,0.011256509137561477,4.689838041696685,-3.302646529577477,-26.80347306794272,-2.7255038157215203,2.22242952934014,0.21413205870316596
2024-01-09 17:53:46.629367,0.853341879578568,-0.17743886556344785,0.31731099023868253,0.9453754425048828,-0.02266799492905272,0.3210163556001458,-0.051961080191947964,-0.0007303899279989931,0.001654209121091218,-0.007769108063727341,-0.004034720376295029,0.006631795239267832,0.011256509137561477,4.689838041696685,-3.302646529577477,-26.80347306794272,-2.7255038157215203,2.22242952934014,0.21413205870316596
2024-01-09 17:53:46.642273,0.853341879578568,-0.17743886556344785,0.31731099023868253,0.9453754425048828,-0.02266799492905272,0.3210163556001458,-0.051961080191947964,-0.0007303899279989931,0.001654209121091218,-0.007769108063727341,-0.004034720376295029,0.006631795239267832,0.011256509137561477,4.689838041696685,-3.302646529577477,-26.80347306794272,-2.7255038157215203,2.22242952934014,0.21413205870316596
2024-01-09 17:53:46.655650,0.8534333216239114,-0.1773060799663123,0.31731097250233326,0.9453465938568115,-0.02266441317888977,0.32108838571810705,-0.05204210998449421,-0.0007303899279989931,0.001654209121091218,-0.007769108063727341,-0.004034720376295029,0.006631795239267832,0.011256509137561477,5.653819482028295,-4.27239135699503,-25.11400401725406,-2.6941797434549355,1.9867705158315765,0.08796359846441187
2024-01-09 17:53:46.667801,0.8534688235613666,-0.1771927873759346,0.3172771006028284,0.9453443288803101,-0.022626976089661858,0.3210885828627117,-0.052098235964905586,-0.0007303899279989931,0.001654209121091218,-0.007769108063727341,-0.004034720376295029,0.006631795239267832,0.011256509137561477,7.4168197614845255,-4.011923967295278,-25.07561004415067,-2.5554432653643984,1.6924841069533176,-0.11541560005578164
2024-01-09 17:53:46.680242,0.8535211550226954,-0.17720879607001885,0.3173616109924873,0.9453155994415283,-0.022679873034800558,0.3211698227662384,-0.05209592149923782,-0.0007303899279989931,0.001654209121091218,-0.007769108063727341,-0.004034720376295029,0.006631795239267832,0.011256509137561477,6.4945399172293605,-3.089579505822462,-28.079344243495985,-2.8584588033007075,1.9396727331851984,0.03588145517696065
2024-01-09 17:53:46.692666,0.8535211550226954,-0.17720879607001885,0.3173616109924873,0.9453155994415283,-0.022679873034800558,0.3211698227662384,-0.05209592149923782,-0.0007303899279989931,0.001654209121091218,-0.007769108063727341,-0.004034720376295029,0.006631795239267832,0.011256509137561477,6.4945399172293605,-3.089579505822462,-28.079344243495985,-2.8584588033007075,1.9396727331851984,0.03588145517696065
2024-01-09 17:53:46.706594,0.8536275984472244,-0.17716277301735286,0.3174304559960796,0.945265531539917,-0.02271860525926212,0.3213160783170333,-0.05208551960534383,0.006652714033057727,0.0028764407916243018,0.004302812724520794,0.00023722815665587526,-0.01901053102502948,-0.006088725218457045,7.471334991137323,-5.055469472359706,-25.202400811472636,-2.8945205783143644,1.8008123307491473,-0.020939653351463944
2024-01-09 17:53:46.720873,0.8537477362536683,-0.17710874377129507,0.31745908570243386,0.9452052116394043,-0.022749283546160393,0.32149476246945696,-0.052064654976832915,0.006652714033057727,0.0028764407916243018,0.004302812724520794,0.00023722815665587526,-0.01901053102502948,-0.006088725218457045,7.505738335823493,-3.7324774415983493,-24.596757344055412,-2.4841129431211972,1.8487781579305873,-0.02939957329756144
2024-01-09 17:53:46.733673,0.8537690381005306,-0.17718104658404915,0.3174846343657388,0.945206344127655,-0.022795654965709566,0.3214971715565369,-0.052008653961944346,0.006652714033057727,0.0028764407916243018,0.004302812724520794,0.00023722815665587526,-0.01901053102502948,-0.006088725218457045,6.236135547605499,-2.1155942552456164,-27.743753400796592,-2.6639593381973636,1.9930357018424063,0.07047877926481483
2024-01-09 17:53:46.746291,0.8537690381005306,-0.17718104658404915,0.3174846343657388,0.945206344127655,-0.022795654965709566,0.3214971715565369,-0.052008653961944346,0.006652714033057727,0.0028764407916243018,0.004302812724520794,0.00023722815665587526,-0.01901053102502948,-0.006088725218457045,6.236135547605499,-2.1155942552456164,-27.743753400796592,-2.6639593381973636,1.9930357018424063,0.07047877926481483
2024-01-09 17:53:46.758523,0.8537690381005306,-0.17718104658404915,0.3174846343657388,0.945206344127655,-0.022795654965709566,0.3214971715565369,-0.052008653961944346,0.006652714033057727,0.0028764407916243018,0.004302812724520794,0.00023722815665587526,-0.01901053102502948,-0.006088725218457045,6.236135547605499,-2.1155942552456164,-27.743753400796592,-2.6639593381973636,1.9930357018424063,0.07047877926481483
2024-01-09 17:53:46.770826,0.8537690381005306,-0.17718104658404915,0.3174846343657388,0.945206344127655,-0.022795654965709566,0.3214971715565369,-0.052008653961944346,0.006652714033057727,0.0028764407916243018,0.004302812724520794,0.00023722815665587526,-0.01901053102502948,-0.006088725218457045,6.236135547605499,-2.1155942552456164,-27.743753400796592,-2.6639593381973636,1.9930357018424063,0.07047877926481483
2024-01-09 17:53:46.783173,0.85374392345307,-0.17733584385937418,0.31727490652688395,0.9452893137931824,-0.02291309799325531,0.3212548727373931,-0.05194655140677061,0.006652714033057727,0.0028764407916243018,0.004302812724520794,0.00023722815665587526,-0.01901053102502948,-0.006088725218457045,6.432035672599862,-1.7025048099090176,-26.684796832098236,-2.4051798242907236,2.0547258204609165,0.03792173272580599
2024-01-09 17:53:46.795436,0.8537688786603697,-0.17745896806133876,0.31730980057213476,0.9452751874923706,-0.023000522856347363,0.3212978185937527,-0.05189926542950077,0.006652714033057727,0.0028764407916243018,0.004302812724520794,0.00023722815665587526,-0.01901053102502948,-0.006088725218457045,5.920428332372078,-2.315523921383285,-27.52316551231127,-2.7356373046076037,2.1004385643333454,0.10053694678479382
2024-01-09 17:53:46.807881,0.8537755145416469,-0.1774677609037085,0.31724386890887835,0.9452846646308899,-0.02300127804742773,0.3212703904556878,-0.05189567994745276,0.006652714033057727,0.0028764407916243018,0.004302812724520794,0.00023722815665587526,-0.01901053102502948,-0.006088725218457045,6.085178437299549,-3.1554310997491912,-24.589737195588793,-2.5112568219490186,2.0348942577954627,0.07316095835130533
2024-01-09 17:53:46.821021,0.8537755145416469,-0.1774677609037085,0.31724386890887835,0.9452846646308899,-0.02300127804742773,0.3212703904556878,-0.05189567994745276,0.006652714033057727,0.0028764407916243018,0.004302812724520794,0.00023722815665587526,-0.01901053102502948,-0.006088725218457045,6.085178437299549,-3.1554310997491912,-24.589737195588793,-2.5112568219490186,2.0348942577954627,0.07316095835130533
2024-01-09 17:53:46.833433,0.8537755145416469,-0.1774677609037085,0.31724386890887835,0.9452846646308899,-0.02300127804742773,0.3212703904556878,-0.05189567994745276,0.006652714033057727,0.0028764407916243018,0.004302812724520794,0.00023722815665587526,-0.01901053102502948,-0.006088725218457045,6.085178437299549,-3.1554310997491912,-24.589737195588793,-2.5112568219490186,2.0348942577954627,0.07316095835130533
2024-01-09 17:53:46.845604,0.8537755145416469,-0.1774677609037085,0.31724386890887835,0.9452846646308899,-0.02300127804742773,0.3212703904556878,-0.05189567994745276,0.006652714033057727,0.0028764407916243018,0.004302812724520794,0.00023722815665587526,-0.01901053102502948,-0.006088725218457045,6.085178437299549,-3.1554310997491912,-24.589737195588793,-2.5112568219490186,2.0348942577954627,0.07316095835130533
2024-01-09 17:53:46.858243,0.8537755145416469,-0.1774677609037085,0.31724386890887835,0.9452846646308899,-0.02300127804742773,0.3212703904556878,-0.05189567994745276,0.006652714033057727,0.0028764407916243018,0.004302812724520794,0.00023722815665587526,-0.01901053102502948,-0.006088725218457045,6.085178437299549,-3.1554310997491912,-24.589737195588793,-2.5112568219490186,2.0348942577954627,0.07316095835130533
2024-01-09 17:53:46.870602,0.8537768615174705,-0.1774625998892841,0.31702610927151725,0.9453006982803345,-0.02287007164362025,0.32122669570403517,-0.051932267338538105,0.006652714033057727,0.0028764407916243018,0.004302812724520794,0.00023722815665587526,-0.01901053102502948,-0.006088725218457045,5.9858849950126185,-3.4489792059701245,-25.698767704756843,-2.7089988246956027,2.0790784797555157,0.12210263839310555
2024-01-09 17:53:46.882878,0.8537891071783251,-0.1774412390072428,0.31700759377000176,0.9453030824661255,-0.022864256381599484,0.32121796947995174,-0.051945203354738026,0.006652714033057727,0.0028764407916243018,0.004302812724520794,0.00023722815665587526,-0.01901053102502948,-0.006088725218457045,5.84001602979306,-3.1250268718941197,-26.486546104021677,-2.762135936106993,2.0633459700018815,0.121464248153161
2024-01-09 17:53:46.895196,0.8537891071783251,-0.1774412390072428,0.31700759377000176,0.9453030824661255,-0.022864256381599484,0.32121796947995174,-0.051945203354738026,0.006652714033057727,0.0028764407916243018,0.004302812724520794,0.00023722815665587526,-0.01901053102502948,-0.006088725218457045,5.84001602979306,-3.1250268718941197,-26.486546104021677,-2.762135936106993,2.0633459700018815,0.121464248153161
2024-01-09 17:53:46.907371,0.8537891071783251,-0.1774412390072428,0.31700759377000176,0.9453030824661255,-0.022864256381599484,0.32121796947995174,-0.051945203354738026,0.006652714033057727,0.0028764407916243018,0.004302812724520794,0.00023722815665587526,-0.01901053102502948,-0.006088725218457045,5.84001602979306,-3.1250268718941197,-26.486546104021677,-2.762135936106993,2.0633459700018815,0.121464248153161
2024-01-09 17:53:46.920193,0.8537891071783251,-0.1774412390072428,0.31700759377000176,0.9453030824661255,-0.022864256381599484,0.32121796947995174,-0.051945203354738026,0.006652714033057727,0.0028764407916243018,0.004302812724520794,0.00023722815665587526,-0.01901053102502948,-0.006088725218457045,5.84001602979306,-3.1250268718941197,-26.486546104021677,-2.762135936106993,2.0633459700018815,0.121464248153161
2024-01-09 17:53:46.932671,0.8537539333056434,-0.17732978405284142,0.3168968616465321,0.9453515410423279,-0.02275396829873271,0.3210687259828725,-0.05203494574608546,0.006652714033057727,0.0028764407916243018,0.004302812724520794,0.00023722815665587526,-0.01901053102502948,-0.006088725218457045,6.3874700850721124,-3.4501720684660806,-26.015313284602367,-2.7015432471887197,1.9320595778593488,0.015233008976695016
2024-01-09 17:53:46.945083,0.8537756393804382,-0.17734604368713422,0.3169339462744941,0.9453402161598206,-0.022772054359415303,0.32110210655392235,-0.05202639582110646,0.006652714033057727,0.0028764407916243018,0.004302812724520794,0.00023722815665587526,-0.01901053102502948,-0.006088725218457045,5.325721227468045,-2.984452843263763,-26.987820047322536,-2.8063581011191494,2.106088705347172,0.13677105492363364
2024-01-09 17:53:46.957331,0.8537910048356361,-0.17727683307961908,0.31689940766369634,0.9453427791595459,-0.022736796826027514,0.32109322238056065,-0.05204979765367766,0.001097532514133486,0.00494361482250968,-0.0024670436284124353,0.0015529132084594693,0.0009791886837036247,0.00590933117983412,5.588322927584736,-4.331701808911159,-24.519472321709006,-2.742922726229431,2.0193601818210647,0.10922169226896535
2024-01-09 17:53:46.969612,0.8538310573305389,-0.17715280582020612,0.31685626111922177,0.945340096950531,-0.02270025705946789,0.321093629171374,-0.052112519695694776,0.001097532514133486,0.00494361482250968,-0.0024670436284124353,0.0015529132084594693,0.0009791886837036247,0.00590933117983412,7.567006738864595,-3.973153304429666,-23.659318805365878,-2.4431521609854894,1.6849182876343594,-0.11751358810112945
2024-01-09 17:53:46.981940,0.8538310573305389,-0.17715280582020612,0.31685626111922177,0.945340096950531,-0.02270025705946789,0.321093629171374,-0.052112519695694776,0.001097532514133486,0.00494361482250968,-0.0024670436284124353,0.0015529132084594693,0.0009791886837036247,0.00590933117983412,6.428586542769319,-2.9487217648252293,-27.13213915600179,-2.754232348200153,1.9895904527746424,0.05639546063466192
2024-01-09 17:53:46.994329,0.8538891876288547,-0.1771540292687294,0.31694257312023827,0.9453108310699463,-0.02276161524775005,0.3211734690897129,-0.05212439078798616,0.001097532514133486,0.00494361482250968,-0.0024670436284124353,0.0015529132084594693,0.0009791886837036247,0.00590933117983412,6.428586542769319,-2.9487217648252293,-27.13213915600179,-2.754232348200153,1.9895904527746424,0.05639546063466192
2024-01-09 17:53:47.006618,0.8538891876288547,-0.1771540292687294,0.31694257312023827,0.9453108310699463,-0.02276161524775005,0.3211734690897129,-0.05212439078798616,0.001097532514133486,0.00494361482250968,-0.0024670436284124353,0.0015529132084594693,0.0009791886837036247,0.00590933117983412,6.428586542769319,-2.9487217648252293,-27.13213915600179,-2.754232348200153,1.9895904527746424,0.05639546063466192
2024-01-09 17:53:47.019010,0.8538891876288547,-0.1771540292687294,0.31694257312023827,0.9453108310699463,-0.02276161524775005,0.3211734690897129,-0.05212439078798616,0.001097532514133486,0.00494361482250968,-0.0024670436284124353,0.0015529132084594693,0.0009791886837036247,0.00590933117983412,6.428586542769319,-2.9487217648252293,-27.13213915600179,-2.754232348200153,1.9895904527746424,0.05639546063466192
2024-01-09 17:53:47.031435,0.8541571216099443,-0.17710407429472577,0.3170776936484968,0.945183515548706,-0.022831132365835654,0.3215593762189545,-0.052022889727196014,0.001097532514133486,0.00494361482250968,-0.0024670436284124353,0.0015529132084594693,0.0009791886837036247,0.00590933117983412,6.805443028152257,-2.1521911959720086,-26.108009365242747,-2.509999903770088,1.9688178561934544,0.05709913735650897
2024-01-09 17:53:47.043847,0.8541571216099443,-0.17710407429472577,0.3170776936484968,0.945183515548706,-0.022831132365835654,0.3215593762189545,-0.052022889727196014,0.001097532514133486,0.00494361482250968,-0.0024670436284124353,0.0015529132084594693,0.0009791886837036247,0.00590933117983412,6.034867147163202,-2.2380598530623925,-26.840041002844707,-2.7419607798937604,1.9649282270433985,0.06973933892206331
2024-01-09 17:53:47.056771,0.8541293193954448,-0.1772183006181348,0.3170830170855186,0.945220410823822,-0.02288914870916867,0.3214573338327405,-0.051958576451712195,0.001097532514133486,0.00494361482250968,-0.0024670436284124353,0.0015529132084594693,0.0009791886837036247,0.00590933117983412,6.034867147163202,-2.2380598530623925,-26.840041002844707,-2.7419607798937604,1.9649282270433985,0.06973933892206331
2024-01-09 17:53:47.069474,0.8540748628105587,-0.17723640028437843,0.31695553379692987,0.9452897906303406,-0.022853818078614512,0.3212651301096588,-0.051900107017987515,0.001097532514133486,0.00494361482250968,-0.0024670436284124353,0.0015529132084594693,0.0009791886837036247,0.00590933117983412,5.830563685754281,-3.2784452015762,-23.792518106480408,-2.6064907202629857,2.023346750694774,0.10093015828108677
2024-01-09 17:53:47.082191,0.8540748628105587,-0.17723640028437843,0.31695553379692987,0.9452897906303406,-0.022853818078614512,0.3212651301096588,-0.051900107017987515,0.001097532514133486,0.00494361482250968,-0.0024670436284124353,0.0015529132084594693,0.0009791886837036247,0.00590933117983412,5.830563685754281,-3.2784452015762,-23.792518106480408,-2.6064907202629857,2.023346750694774,0.10093015828108677
2024-01-09 17:53:47.094808,0.8540748628105587,-0.17723640028437843,0.31695553379692987,0.9452897906303406,-0.022853818078614512,0.3212651301096588,-0.051900107017987515,0.001097532514133486,0.00494361482250968,-0.0024670436284124353,0.0015529132084594693,0.0009791886837036247,0.00590933117983412,5.830563685754281,-3.2784452015762,-23.792518106480408,-2.6064907202629857,2.023346750694774,0.10093015828108677
2024-01-09 17:53:47.107395,0.8540748628105587,-0.17723640028437843,0.31695553379692987,0.9452897906303406,-0.022853818078614512,0.3212651301096588,-0.051900107017987515,0.001097532514133486,0.00494361482250968,-0.0024670436284124353,0.0015529132084594693,0.0009791886837036247,0.00590933117983412,5.830563685754281,-3.2784452015762,-23.792518106480408,-2.6064907202629857,2.023346750694774,0.10093015828108677
2024-01-09 17:53:47.120678,0.8541349194316242,-0.17741843417910325,0.3168404803126529,0.9452853798866272,-0.022944507722194786,0.3212799571995765,-0.051849192023522596,0.001097532514133486,0.00494361482250968,-0.0024670436284124353,0.0015529132084594693,0.0009791886837036247,0.00590933117983412,6.2787329773216785,-3.0996684192112913,-23.64800581844338,-2.4895086015768033,2.014752668242968,0.07908710980859131
2024-01-09 17:53:47.133414,0.8541117516230482,-0.17740039759744378,0.3167318209925956,0.945307195186615,-0.022844284128051402,0.3212224818521003,-0.05185167339433153,0.001097532514133486,0.00494361482250968,-0.0024670436284124353,0.0015529132084594693,0.0009791886837036247,0.00590933117983412,5.784620288168517,-2.444054144834963,-24.378511172819262,-2.445716694023777,2.114258899833297,0.12340191049184299
2024-01-09 17:53:47.145988,0.8541117516230482,-0.17740039759744378,0.3167318209925956,0.945307195186615,-0.022844284128051402,0.3212224818521003,-0.05185167339433153,0.001097532514133486,0.00494361482250968,-0.0024670436284124353,0.0015529132084594693,0.0009791886837036247,0.00590933117983412,5.686868189030176,-2.6138327828848085,-25.81650549735887,-2.708013035954084,2.166074786372118,0.1540415839205244
2024-01-09 17:53:47.158604,0.8541230305392138,-0.17745228661830625,0.31669964347894664,0.9453063011169434,-0.0228791849229734,0.3212215078780267,-0.051858523628345574,0.001097532514133486,0.00494361482250968,-0.0024670436284124353,0.0015529132084594693,0.0009791886837036247,0.00590933117983412,5.686868189030176,-2.6138327828848085,-25.81650549735887,-2.708013035954084,2.166074786372118,0.1540415839205244
2024-01-09 17:53:47.171279,0.854154640904995,-0.17744239552280278,0.31667888268000316,0.9452975988388062,-0.02291843253951738,0.32123685077472736,-0.051904051308579356,0.001097532514133486,0.00494361482250968,-0.0024670436284124353,0.0015529132084594693,0.0009791886837036247,0.00590933117983412,6.544689997023694,-3.392342254117772,-24.752826720326045,-2.6836323207189556,2.0016811160470174,0.07571970975817972
2024-01-09 17:53:47.184017,0.8541562503156694,-0.1774022508687069,0.31662667437324027,0.9453084468841553,-0.02285930839739063,0.3212076946335622,-0.051913525785250436,8.941170413316138e-05,0.0022302585608822514,-0.0029004614868272716,-0.0011034997357912343,0.0030844554998770064,0.006743933630766191,6.169199047143547,-3.339414656488581,-24.97460762348915,-2.716259184498194,2.0157823568531885,0.07585328537256583
2024-01-09 17:53:47.196695,0.8541562503156694,-0.1774022508687069,0.31662667437324027,0.9453084468841553,-0.02285930839739063,0.3212076946335622,-0.051913525785250436,8.941170413316138e-05,0.0022302585608822514,-0.0029004614868272716,-0.0011034997357912343,0.0030844554998770064,0.006743933630766191,6.169199047143547,-3.339414656488581,-24.97460762348915,-2.716259184498194,2.0157823568531885,0.07585328537256583
2024-01-09 17:53:47.209457,0.8541519840992303,-0.17740833362267366,0.3166090637539247,0.9453110098838806,-0.022866953355863594,0.32120049135748696,-0.05190826146476341,8.941170413316138e-05,0.0022302585608822514,-0.0029004614868272716,-0.0011034997357912343,0.0030844554998770064,0.006743933630766191,7.656720008771434,-2.0914541857182365,-24.472341068404965,-2.374770799903546,1.5615704847131266,-0.2059170481703997
2024-01-09 17:53:47.222689,0.85415188648676,-0.17740856187972215,0.31660889804217934,0.9453110098838806,-0.022867102303085977,0.32120040909696485,-0.051908248794638824,8.941170413316138e-05,0.0022302585608822514,-0.0029004614868272716,-0.0011034997357912343,0.0030844554998770064,0.006743933630766191,7.756766904722379,-1.8654310701728891,-23.52475092750896,-2.082894470657367,1.546965808390462,-0.2329813166943804
2024-01-09 17:53:47.235796,0.8541518639863346,-0.17740855395756716,0.31660888622610517,0.9453110098838806,-0.022867095102950496,0.321200360511144,-0.05190826468857065,8.941170413316138e-05,0.0022302585608822514,-0.0029004614868272716,-0.0011034997357912343,0.0030844554998770064,0.006743933630766191,9.060978531238108,-1.6096982472630708,-22.26799477683969,-1.774904238964547,1.2645314553636116,-0.42349184186835126
2024-01-09 17:53:47.248644,0.8541518533619361,-0.1774086051098264,0.31660888622610517,0.9453110098838806,-0.022867123392123406,0.3212003618327938,-0.05190825503317158,8.941170413316138e-05,0.0022302585608822514,-0.0029004614868272716,-0.0011034997357912343,0.0030844554998770064,0.006743933630766191,9.337129060891977,-1.8075825334119446,-22.77805465283586,-1.9444542625196195,1.1201510617552044,-0.49350846497777534
2024-01-09 17:53:47.261745,0.8541518533619361,-0.1774086051098264,0.31660888622610517,0.9453110098838806,-0.022867123392123406,0.3212003618327938,-0.05190825503317158,8.941170413316138e-05,0.0022302585608822514,-0.0029004614868272716,-0.0011034997357912343,0.0030844554998770064,0.006743933630766191,9.337129060891977,-1.8075825334119446,-22.77805465283586,-1.9444542625196195,1.1201510617552044,-0.49350846497777534
2024-01-09 17:53:47.274639,0.8541518533619361,-0.1774086051098264,0.31660888622610517,0.9453110098838806,-0.022867123392123406,0.3212003618327938,-0.05190825503317158,8.941170413316138e-05,0.0022302585608822514,-0.0029004614868272716,-0.0011034997357912343,0.0030844554998770064,0.006743933630766191,9.337129060891977,-1.8075825334119446,-22.77805465283586,-1.9444542625196195,1.1201510617552044,-0.49350846497777534
2024-01-09 17:53:47.288128,0.8541518533619361,-0.1774086051098264,0.31660888622610517,0.9453110098838806,-0.022867123392123406,0.3212003618327938,-0.05190825503317158,8.941170413316138e-05,0.0022302585608822514,-0.0029004614868272716,-0.0011034997357912343,0.0030844554998770064,0.006743933630766191,9.337129060891977,-1.8075825334119446,-22.77805465283586,-1.9444542625196195,1.1201510617552044,-0.49350846497777534
2024-01-09 17:53:47.301248,0.8541518485666442,-0.17740849821580623,0.3166088551850228,0.9453110694885254,-0.02286704998017138,0.32120033282029703,-0.051908286159676166,8.941170413316138e-05,0.0022302585608822514,-0.0029004614868272716,-0.0011034997357912343,0.0030844554998770064,0.006743933630766191,10.380750257339157,-2.583134322073735,-21.422503386575197,-1.8972651553666011,1.0352079016852318,-0.5402496809800851
2024-01-09 17:53:47.314369,0.854151887527116,-0.1774084245396811,0.3166089000535643,0.9453110098838806,-0.02286705552677763,0.3212003932040218,-0.05190836905927511,8.941170413316138e-05,0.0022302585608822514,-0.0029004614868272716,-0.0011034997357912343,0.0030844554998770064,0.006743933630766191,10.99892863359611,-3.077191122738415,-21.4396510446553,-2.0080346238173123,1.012313151584416,-0.52521351849678
2024-01-09 17:53:47.326597,0.8541519029468094,-0.1774084802814436,0.3166089310946482,0.9453110098838806,-0.022867100649551445,0.32120042089487,-0.05190834758816752,8.941170413316138e-05,0.0022302585608822514,-0.0029004614868272716,-0.0011034997357912343,0.0030844554998770064,0.006743933630766191,13.10852580898519,-2.9678948452352216,-19.69350854696963,-1.6907630789563282,0.7553989719836065,-0.7075070180361
2024-01-09 17:53:47.338908,0.8541519029468094,-0.1774084802814436,0.3166089310946482,0.9453110098838806,-0.022867100649551445,0.32120042089487,-0.05190834758816752,8.941170413316138e-05,0.0022302585608822514,-0.0029004614868272716,-0.0011034997357912343,0.0030844554998770064,0.006743933630766191,13.697902822997742,-2.505471007237695,-19.602796434215822,-1.582994239305532,0.6694527101104791,-0.7667800754860751
2024-01-09 17:53:47.350949,0.85415188648676,-0.17740856187972215,0.31660889804217934,0.9453110098838806,-0.022867102303085977,0.32120040909696485,-0.051908248794638824,8.941170413316138e-05,0.0022302585608822514,-0.0029004614868272716,-0.0011034997357912343,0.0030844554998770064,0.006743933630766191,12.062504755191812,-2.1744159734547686,-21.506189867601634,-2.0171923438484645,0.9806177184954266,-0.560607431530465
2024-01-09 17:53:47.363018,0.8541518941724513,-0.1774086359173947,0.3166088889721618,0.9453110098838806,-0.02286713847505992,0.3212004459605824,-0.05190819867550974,8.941170413316138e-05,0.0022302585608822514,-0.0029004614868272716,-0.0011034997357912343,0.0030844554998770064,0.006743933630766191,12.062504755191812,-2.1744159734547686,-21.506189867601634,-2.0171923438484645,0.9806177184954266,-0.560607431530465
2024-01-09 17:53:47.375188,0.8541519054778168,-0.1774084806660928,0.3166089398308911,0.9453110098838806,-0.022867072582688813,0.32120043379586055,-0.05190830768092313,8.696435025093216e-07,1.194240783828007e-05,3.912209949159699e-06,1.2639620124329898e-05,8.594537408049768e-07,1.5066587702608988e-05,11.252125731480547,-2.305818792163442,-20.836827112016724,-2.009348630029251,1.2419136249584788,-0.39757709024922583
2024-01-09 17:53:47.387979,0.8541518948340706,-0.177408531911528,0.3166089398308911,0.9453110098838806,-0.022867100923388447,0.3212004351199193,-0.05190829800793464,8.696435025093216e-07,1.194240783828007e-05,3.912209949159699e-06,1.2639620124329898e-05,8.594537408049768e-07,1.5066587702608988e-05,13.21963654307643,-1.5476694768217323,-18.04197675799292,-1.3287963433270278,0.9106286420145695,-0.6352907108077821
2024-01-09 17:53:47.400005,0.85415188648676,-0.17740856187972215,0.31660889804217934,0.9453110098838806,-0.022867102303085977,0.32120040909696485,-0.051908248794638824,8.696435025093216e-07,1.194240783828007e-05,3.912209949159699e-06,1.2639620124329898e-05,8.594537408049768e-07,1.5066587702608988e-05,13.900496971839488,-1.2168250898779192,-18.11387012410156,-1.300743579337872,0.7235854894813029,-0.7452325931802233
2024-01-09 17:53:47.411909,0.8541518670188355,-0.17740850708725114,0.31660890988869306,0.9453110098838806,-0.022867021799463774,0.32120040413134004,-0.05190824417373718,8.696435025093216e-07,1.194240783828007e-05,3.912209949159699e-06,1.2639620124329898e-05,8.594537408049768e-07,1.5066587702608988e-05,12.030704418586863,-1.5088441420357714,-20.788158036478194,-1.9500317625438448,1.048326718179533,-0.5138726313650083
2024-01-09 17:53:47.423863,0.8541518670188355,-0.17740850708725114,0.31660890988869306,0.9453110098838806,-0.022867021799463774,0.32120040413134004,-0.05190824417373718,8.696435025093216e-07,1.194240783828007e-05,3.912209949159699e-06,1.2639620124329898e-05,8.594537408049768e-07,1.5066587702608988e-05,12.030704418586863,-1.5088441420357714,-20.788158036478194,-1.9500317625438448,1.048326718179533,-0.5138726313650083
2024-01-09 17:53:47.435853,0.8541518670188355,-0.17740850708725114,0.31660890988869306,0.9453110098838806,-0.022867021799463774,0.32120040413134004,-0.05190824417373718,8.696435025093216e-07,1.194240783828007e-05,3.912209949159699e-06,1.2639620124329898e-05,8.594537408049768e-07,1.5066587702608988e-05,12.030704418586863,-1.5088441420357714,-20.788158036478194,-1.9500317625438448,1.048326718179533,-0.5138726313650083
2024-01-09 17:53:47.448071,0.8541518670188355,-0.17740850708725114,0.31660890988869306,0.9453110098838806,-0.022867021799463774,0.32120040413134004,-0.05190824417373718,8.696435025093216e-07,1.194240783828007e-05,3.912209949159699e-06,1.2639620124329898e-05,8.594537408049768e-07,1.5066587702608988e-05,12.030704418586863,-1.5088441420357714,-20.788158036478194,-1.9500317625438448,1.048326718179533,-0.5138726313650083
2024-01-09 17:53:47.460200,0.85415188648676,-0.17740856187972215,0.31660889804217934,0.9453110098838806,-0.022867102303085977,0.32120040909696485,-0.051908248794638824,8.696435025093216e-07,1.194240783828007e-05,3.912209949159699e-06,1.2639620124329898e-05,8.594537408049768e-07,1.5066587702608988e-05,11.572083738388008,-1.5336309318698806,-20.83832457267685,-2.0834947336654985,1.1663255089781273,-0.43841352886103185
2024-01-09 17:53:47.472536,0.8541518966725107,-0.17740856862913,0.316608900462661,0.9453110098838806,-0.02286705291832781,0.32120046121248924,-0.05190821375476011,8.696435025093216e-07,1.194240783828007e-05,3.912209949159699e-06,1.2639620124329898e-05,8.594537408049768e-07,1.5066587702608988e-05,10.948560509249592,-1.3497204803562737,-20.067815163767513,-2.047200217273851,1.1747626192535685,-0.4383049480319155
2024-01-09 17:53:47.484843,0.8541518948340706,-0.177408531911528,0.3166089398308911,0.9453110098838806,-0.022867100923388447,0.3212004351199193,-0.05190829800793464,8.696435025093216e-07,1.194240783828007e-05,3.912209949159699e-06,1.2639620124329898e-05,8.594537408049768e-07,1.5066587702608988e-05,12.843175282793833,-0.7516118125123766,-17.27600707862881,-1.4060320204562886,0.7552108343100971,-0.7229631843716071
2024-01-09 17:53:47.497188,0.8541518549390985,-0.17740855085088916,0.31660880841094435,0.9453110694885254,-0.022867002917468113,0.3212003570834061,-0.051908147061834,8.696435025093216e-07,1.194240783828007e-05,3.912209949159699e-06,1.2639620124329898e-05,8.594537408049768e-07,1.5066587702608988e-05,13.003101894183986,-0.4509983470654501,-16.249210817404787,-1.1088574814017496,0.6289553883360038,-0.8072251527557764
2024-01-09 17:53:47.509449,0.8541518549390985,-0.17740855085088916,0.31660880841094435,0.9453110694885254,-0.022867002917468113,0.3212003570834061,-0.051908147061834,8.696435025093216e-07,1.194240783828007e-05,3.912209949159699e-06,1.2639620124329898e-05,8.594537408049768e-07,1.5066587702608988e-05,10.969691814821418,-0.9717607421448226,-18.05436364864587,-1.6148287427182728,0.9251124566545118,-0.6042740781716054
2024-01-09 17:53:47.522194,0.8541518700513473,-0.1774086433572135,0.31660886501979146,0.9453110098838806,-0.02286710392937539,0.32120039730858063,-0.051908150099787505,8.696435025093216e-07,1.194240783828007e-05,3.912209949159699e-06,1.2639620124329898e-05,8.594537408049768e-07,1.5066587702608988e-05,10.066117424772406,-1.3819242924834447,-18.750010021425005,-1.8761563564557453,1.0428785399037985,-0.5228187350053947
2024-01-09 17:53:47.534465,0.8541518787527673,-0.17740858017562966,0.3166088579310744,0.9453110098838806,-0.02286709335228591,0.3212004182697417,-0.05190822014662086,8.696435025093216e-07,1.194240783828007e-05,3.912209949159699e-06,1.2639620124329898e-05,8.594537408049768e-07,1.5066587702608988e-05,10.066117424772406,-1.3819242924834447,-18.750010021425005,-1.8761563564557453,1.0428785399037985,-0.5228187350053947
2024-01-09 17:53:47.546573,0.8541518900581253,-0.17740842492432818,0.3166089087898115,0.9453110098838806,-0.02286702745990903,0.32120040610501854,-0.051908329152028504,7.536905322069741e-07,1.0350086765420485e-05,3.390582474042484e-06,1.0954336643837796e-05,7.448605213586756e-07,1.3057709465447715e-05,11.885955043266483,-1.137492716943431,-16.525364128757616,-1.3889835185867159,0.6667090025911521,-0.768602546572494
2024-01-09 17:53:47.558707,0.8541518665111101,-0.17740846888960418,0.31660884110505955,0.9453110098838806,-0.02286695892981745,0.321200377100966,-0.05190821625860265,7.536905322069741e-07,1.0350086765420485e-05,3.390582474042484e-06,1.0954336643837796e-05,7.448605213586756e-07,1.3057709465447715e-05,12.177717670836975,-1.2370851841160104,-15.829299087525124,-1.246341942241218,0.5301055280850104,-0.8626577870357024
2024-01-09 17:53:47.570847,0.8541518710670712,-0.17740850613795905,0.31660886700109553,0.9453110098838806,-0.02286705718030859,0.3212003814061212,-0.051908270265746466,7.536905322069741e-07,1.0350086765420485e-05,3.390582474042484e-06,1.0954336643837796e-05,7.448605213586756e-07,1.3057709465447715e-05,10.326658918369242,-1.9429620121273365,-17.49142851590843,-1.7540158546037834,0.885205065633633,-0.6315718828396958
2024-01-09 17:53:47.582919,0.8541518796119492,-0.1774084533604627,0.31660881942107705,0.9453110098838806,-0.022867035931279773,0.3212003591438014,-0.0519082964505388,7.536905322069741e-07,1.0350086765420485e-05,3.390582474042484e-06,1.0954336643837796e-05,7.448605213586756e-07,1.3057709465447715e-05,10.556882329417355,-1.8834884227217645,-17.210700937200173,-1.699016329773625,0.8507009397248917,-0.6573961627968316
2024-01-09 17:53:47.595180,0.8541518796119492,-0.1774084533604627,0.31660881942107705,0.9453110098838806,-0.022867035931279773,0.3212003591438014,-0.0519082964505388,7.536905322069741e-07,1.0350086765420485e-05,3.390582474042484e-06,1.0954336643837796e-05,7.448605213586756e-07,1.3057709465447715e-05,10.556882329417355,-1.8834884227217645,-17.210700937200173,-1.699016329773625,0.8507009397248917,-0.6573961627968316
2024-01-09 17:53:47.607534,0.8541518796119492,-0.1774084533604627,0.31660881942107705,0.9453110098838806,-0.022867035931279773,0.3212003591438014,-0.0519082964505388,7.536905322069741e-07,1.0350086765420485e-05,3.390582474042484e-06,1.0954336643837796e-05,7.448605213586756e-07,1.3057709465447715e-05,10.556882329417355,-1.8834884227217645,-17.210700937200173,-1.699016329773625,0.8507009397248917,-0.6573961627968316
2024-01-09 17:53:47.620740,0.8541518796119492,-0.1774084533604627,0.31660881942107705,0.9453110098838806,-0.022867035931279773,0.3212003591438014,-0.0519082964505388,7.536905322069741e-07,1.0350086765420485e-05,3.390582474042484e-06,1.0954336643837796e-05,7.448605213586756e-07,1.3057709465447715e-05,10.556882329417355,-1.8834884227217645,-17.210700937200173,-1.699016329773625,0.8507009397248917,-0.6573961627968316
2024-01-09 17:53:47.634022,0.8541518971305081,-0.17740851063428748,0.31660889804217934,0.9453110098838806,-0.022867073962385555,0.3212004077729076,-0.051908258467626506,7.536905322069741e-07,1.0350086765420485e-05,3.390582474042484e-06,1.0954336643837796e-05,7.448605213586756e-07,1.3057709465447715e-05,12.370193278925315,-3.0121655032663455,-15.79283391077794,-1.6879107017087567,0.8625750367636832,-0.6523269861607279
2024-01-09 17:53:47.647054,0.8541519089667102,-0.17740856979466907,0.31660890984750467,0.9453110098838806,-0.022867109496669383,0.3212004576385722,-0.051908232915169605,7.536905322069741e-07,1.0350086765420485e-05,3.390582474042484e-06,1.0954336643837796e-05,7.448605213586756e-07,1.3057709465447715e-05,13.817107323440503,-2.6209565666303143,-15.503132321709716,-1.5863003034510113,0.6242103418670744,-0.7978726201640647
2024-01-09 17:53:47.660125,0.8541518689682043,-0.17740850460589636,0.31660881942107705,0.9453110098838806,-0.022867064271981347,0.32120036046786027,-0.05190828677755258,7.536905322069741e-07,1.0350086765420485e-05,3.390582474042484e-06,1.0954336643837796e-05,7.448605213586756e-07,1.3057709465447715e-05,13.738294874351988,-2.271796243242871,-15.980772871248174,-1.6983941770157256,0.6738237824621437,-0.756667372028631
2024-01-09 17:53:47.672938,0.8541519169704638,-0.1774085403202258,0.31660887095739415,0.9453110098838806,-0.022867047570869943,0.3212004915916689,-0.051908196388153555,7.536905322069741e-07,1.0350086765420485e-05,3.390582474042484e-06,1.0954336643837796e-05,7.448605213586756e-07,1.3057709465447715e-05,12.27230767243457,-2.55556038231045,-16.384665115874732,-1.923757862543541,1.0819847603956925,-0.5034380309719455
2024-01-09 17:53:47.686121,0.8541519103378685,-0.1774084633902379,0.31660888349884064,0.9453110098838806,-0.022867064322365238,0.32120042683671435,-0.05190827363947123,7.536905322069741e-07,1.0350086765420485e-05,3.390582474042484e-06,1.0954336643837796e-05,7.448605213586756e-07,1.3057709465447715e-05,13.138213135770538,-1.9960797839911097,-14.947255899645434,-1.5313748267791065,0.9867752638361525,-0.5974469334562307
2024-01-09 17:53:47.698888,0.8541519427071064,-0.17740858167429868,0.3166089275662494,0.9453109502792358,-0.022867122870487845,0.32120056669122654,-0.051908214931032495,7.536905322069741e-07,1.0350086765420485e-05,3.390582474042484e-06,1.0954336643837796e-05,7.448605213586756e-07,1.3057709465447715e-05,13.924895105222056,-1.7341051831265824,-14.503174072884786,-1.3778153133720856,0.8519970871827116,-0.6899632406287136
2024-01-09 17:53:47.711207,0.854151976447499,-0.17740859355392924,0.3166089452850003,0.9453109502792358,-0.022867133667413955,0.32120063954783695,-0.051908191097364234,2.595414814689543e-06,-9.138177351571877e-07,1.3629808350333294e-06,-3.188964595345293e-06,-1.0425645390825984e-05,-3.3297995116078447e-06,13.18674926541438,-2.240331961296936,-15.844424175302047,-1.8001730396449949,1.056990346446437,-0.5506608685943559
2024-01-09 17:53:47.723662,0.854152162863274,-0.17740862063458224,0.3166090189061782,0.9453108310699463,-0.02286716617422644,0.3212010499739401,-0.05190805492755388,2.595414814689543e-06,-9.138177351571877e-07,1.3629808350333294e-06,-3.188964595345293e-06,-1.0425645390825984e-05,-3.3297995116078447e-06,13.918938746341611,-2.181035793163245,-16.142229012587556,-1.8727599652611582,1.110744498934247,-0.5705939810638863
2024-01-09 17:53:47.735941,0.854152162863274,-0.17740862063458224,0.3166090189061782,0.9453108310699463,-0.02286716617422644,0.3212010499739401,-0.05190805492755388,2.595414814689543e-06,-9.138177351571877e-07,1.3629808350333294e-06,-3.188964595345293e-06,-1.0425645390825984e-05,-3.3297995116078447e-06,13.918938746341611,-2.181035793163245,-16.142229012587556,-1.8727599652611582,1.110744498934247,-0.5705939810638863
2024-01-09 17:53:47.749449,0.854152162863274,-0.17740862063458224,0.3166090189061782,0.9453108310699463,-0.02286716617422644,0.3212010499739401,-0.05190805492755388,2.595414814689543e-06,-9.138177351571877e-07,1.3629808350333294e-06,-3.188964595345293e-06,-1.0425645390825984e-05,-3.3297995116078447e-06,13.918938746341611,-2.181035793163245,-16.142229012587556,-1.8727599652611582,1.110744498934247,-0.5705939810638863
2024-01-09 17:53:47.763009,0.854152162863274,-0.17740862063458224,0.3166090189061782,0.9453108310699463,-0.02286716617422644,0.3212010499739401,-0.05190805492755388,2.595414814689543e-06,-9.138177351571877e-07,1.3629808350333294e-06,-3.188964595345293e-06,-1.0425645390825984e-05,-3.3297995116078447e-06,13.918938746341611,-2.181035793163245,-16.142229012587556,-1.8727599652611582,1.110744498934247,-0.5705939810638863
2024-01-09 17:53:47.775750,0.8541532029618158,-0.177409100912934,0.31660962382991875,0.9453099966049194,-0.022867609663808172,0.32120360534848585,-0.05190736147270038,2.595414814689543e-06,-9.138177351571877e-07,1.3629808350333294e-06,-3.188964595345293e-06,-1.0425645390825984e-05,-3.3297995116078447e-06,20.428453735302348,0.31865722760705456,-18.363727864820618,-2.4704125890752024,0.9199781479524329,-1.067958453304261
2024-01-09 17:53:47.788885,0.8541532029618158,-0.177409100912934,0.31660962382991875,0.9453099966049194,-0.022867609663808172,0.32120360534848585,-0.05190736147270038,2.595414814689543e-06,-9.138177351571877e-07,1.3629808350333294e-06,-3.188964595345293e-06,-1.0425645390825984e-05,-3.3297995116078447e-06,20.428453735302348,0.31865722760705456,-18.363727864820618,-2.4704125890752024,0.9199781479524329,-1.067958453304261
2024-01-09 17:53:47.801952,0.8541532029618158,-0.177409100912934,0.31660962382991875,0.9453099966049194,-0.022867609663808172,0.32120360534848585,-0.05190736147270038,2.595414814689543e-06,-9.138177351571877e-07,1.3629808350333294e-06,-3.188964595345293e-06,-1.0425645390825984e-05,-3.3297995116078447e-06,20.428453735302348,0.31865722760705456,-18.363727864820618,-2.4704125890752024,0.9199781479524329,-1.067958453304261
2024-01-09 17:53:47.814814,0.8541532029618158,-0.177409100912934,0.31660962382991875,0.9453099966049194,-0.022867609663808172,0.32120360534848585,-0.05190736147270038,2.595414814689543e-06,-9.138177351571877e-07,1.3629808350333294e-06,-3.188964595345293e-06,-1.0425645390825984e-05,-3.3297995116078447e-06,20.428453735302348,0.31865722760705456,-18.363727864820618,-2.4704125890752024,0.9199781479524329,-1.067958453304261
2024-01-09 17:53:47.828388,0.8541531875422266,-0.17740904517104308,0.3166095927887497,0.9453099966049194,-0.022867564541083223,0.3212035776577993,-0.0519073829439493,2.595414814689543e-06,-9.138177351571877e-07,1.3629808350333294e-06,-3.188964595345293e-06,-1.0425645390825984e-05,-3.3297995116078447e-06,18.344864228588143,2.910874983553725,-17.59799777815736,-1.7248869828660223,1.2333076568184134,-0.644674611339212
2024-01-09 17:53:47.841607,0.8541531987821561,-0.17740904912852867,0.3166095986914912,0.9453099966049194,-0.022867568137865526,0.3212036019285043,-0.0519073750042108,2.595414814689543e-06,-9.138177351571877e-07,1.3629808350333294e-06,-3.188964595345293e-06,-1.0425645390825984e-05,-3.3297995116078447e-06,18.94164340267917,3.0347248320335147,-16.893684320113696,-1.5985487571887982,0.9258622510014248,-0.7703476284258449
2024-01-09 17:53:47.855310,0.8541531987821561,-0.17740904912852867,0.3166095986914912,0.9453099966049194,-0.022867568137865526,0.3212036019285043,-0.0519073750042108,2.595414814689543e-06,-9.138177351571877e-07,1.3629808350333294e-06,-3.188964595345293e-06,-1.0425645390825984e-05,-3.3297995116078447e-06,19.53616116479482,3.3017479322663963,-15.189103343842449,-1.204701261634397,0.6789224394106145,-0.892957687107857
2024-01-09 17:53:47.867997,0.8541531875422266,-0.17740904517104308,0.3166095927887497,0.9453099966049194,-0.022867564541083223,0.3212035776577993,-0.0519073829439493,2.595414814689543e-06,-9.138177351571877e-07,1.3629808350333294e-06,-3.188964595345293e-06,-1.0425645390825984e-05,-3.3297995116078447e-06,18.47695105260613,2.9796991935805415,-15.327750439961255,-1.286976660613055,0.8199405157255713,-0.7814786813170097
2024-01-09 17:53:47.880568,0.8541531875422266,-0.17740904517104308,0.3166095927887497,0.9453099966049194,-0.022867564541083223,0.3212035776577993,-0.0519073829439493,2.595414814689543e-06,-9.138177351571877e-07,1.3629808350333294e-06,-3.188964595345293e-06,-1.0425645390825984e-05,-3.3297995116078447e-06,17.63292228105639,2.3942275785073646,-16.1538085011717,-1.589487724046866,0.8956550804207917,-0.696707741402161
2024-01-09 17:53:47.893251,0.8541532212824875,-0.1774090570507086,0.3166096105077279,0.9453099370002747,-0.022867575337981488,0.3212036505141197,-0.05190735911027146,2.595414814689543e-06,-9.138177351571877e-07,1.3629808350333294e-06,-3.188964595345293e-06,-1.0425645390825984e-05,-3.3297995116078447e-06,17.63292228105639,2.3942275785073646,-16.1538085011717,-1.589487724046866,0.8956550804207917,-0.696707741402161
2024-01-09 17:53:47.905643,0.8541531859654542,-0.17740901783210594,0.3166095819323571,0.9453099966049194,-0.022867570227766226,0.32120356200029443,-0.05190740327942606,2.595414814689543e-06,-9.138177351571877e-07,1.3629808350333294e-06,-3.188964595345293e-06,-1.0425645390825984e-05,-3.3297995116078447e-06,18.677943970664867,2.416189471252957,-15.506429407181512,-1.4521040896811541,0.5569648174520019,-0.8767007136174036
2024-01-09 17:53:47.917834,0.8541532093888056,-0.17740904409944694,0.3166095740835063,0.9453099370002747,-0.022867553424651063,0.32120362364397653,-0.05190734528118241,2.595414814689543e-06,-9.138177351571877e-07,1.3629808350333294e-06,-3.188964595345293e-06,-1.0425645390825984e-05,-3.3297995116078447e-06,19.274019740781362,2.390646691056607,-14.688266608265016,-1.289309760406024,0.32898003125768793,-1.0080961544727944
2024-01-09 17:53:47.930186,0.8541531864880195,-0.1774090479629804,0.31660958930656613,0.9453099966049194,-0.02286751155958463,0.3212036055023843,-0.05190735584361334,-1.7615989265597527e-06,-2.971948819519864e-07,1.1710046009783835e-06,-9.448469497136348e-07,5.212309828034573e-06,6.965053645121e-06,18.400556369288708,2.187634446487312,-14.735912591930978,-1.3344597757941916,0.3819513400297436,-0.9669125351355533
2024-01-09 17:53:47.942467,0.854153174007399,-0.17740904757444106,0.3166095442175399,0.9453099966049194,-0.022867515275432168,0.32120355067730016,-0.05190730465974424,-1.7615989265597527e-06,-2.971948819519864e-07,1.1710046009783835e-06,-9.448469497136348e-07,5.212309828034573e-06,6.965053645121e-06,17.034565877403985,2.127134826249328,-15.239884882366646,-1.42586927356958,0.49255135379135434,-0.887993697823672
2024-01-09 17:53:47.955011,0.8541531675242481,-0.1774090160837838,0.31660956785497124,0.9453099966049194,-0.022867485360342176,0.3212035673611161,-0.05190737453853375,-1.7615989265597527e-06,-2.971948819519864e-07,1.1710046009783835e-06,-9.448469497136348e-07,5.212309828034573e-06,6.965053645121e-06,16.10568145031461,2.3805836037886614,-15.143664470810451,-1.3370591385694044,0.49623054636281116,-0.8785164309600666
2024-01-09 17:53:47.967275,0.8541531675242481,-0.1774090160837838,0.31660956785497124,0.9453099966049194,-0.022867485360342176,0.3212035673611161,-0.05190737453853375,-1.7615989265597527e-06,-2.971948819519864e-07,1.1710046009783835e-06,-9.448469497136348e-07,5.212309828034573e-06,6.965053645121e-06,16.10568145031461,2.3805836037886614,-15.143664470810451,-1.3370591385694044,0.49623054636281116,-0.8785164309600666
2024-01-09 17:53:47.979593,0.8541531675242481,-0.1774090160837838,0.31660956785497124,0.9453099966049194,-0.022867485360342176,0.3212035673611161,-0.05190737453853375,-1.7615989265597527e-06,-2.971948819519864e-07,1.1710046009783835e-06,-9.448469497136348e-07,5.212309828034573e-06,6.965053645121e-06,16.10568145031461,2.3805836037886614,-15.143664470810451,-1.3370591385694044,0.49623054636281116,-0.8785164309600666
2024-01-09 17:53:47.991828,0.8541531675242481,-0.1774090160837838,0.31660956785497124,0.9453099966049194,-0.022867485360342176,0.3212035673611161,-0.05190737453853375,-1.7615989265597527e-06,-2.971948819519864e-07,1.1710046009783835e-06,-9.448469497136348e-07,5.212309828034573e-06,6.965053645121e-06,16.10568145031461,2.3805836037886614,-15.143664470810451,-1.3370591385694044,0.49623054636281116,-0.8785164309600666
2024-01-09 17:53:48.004165,0.8541531691939594,-0.1774090684016694,0.31660957723989525,0.9453099966049194,-0.02286757022776616,0.32120356510885234,-0.051907384043633736,-1.7615989265597527e-06,-2.971948819519864e-07,1.1710046009783835e-06,-9.448469497136348e-07,5.212309828034573e-06,6.965053645121e-06,13.07685925470043,1.5035787051473657,-15.560814835342972,-1.4569569735819228,0.6722444429171758,-0.755541238990191
2024-01-09 17:53:48.016473,0.8541531650241158,-0.1774090833721212,0.3166095563645299,0.9453099966049194,-0.022867570916895553,0.3212035521092679,-0.0519073594593636,-1.7615989265597527e-06,-2.971948819519864e-07,1.1710046009783835e-06,-9.448469497136348e-07,5.212309828034573e-06,6.965053645121e-06,13.495049829909084,1.4142502062836013,-15.171266780391072,-1.4145288507452138,0.5419426702243729,-0.8305852619574632
2024-01-09 17:53:48.028903,0.8541531621186209,-0.17740909853467576,0.3166095398533524,0.9453099966049194,-0.02286755758529898,0.3212035455542985,-0.05190731493967183,-1.7615989265597527e-06,-2.971948819519864e-07,1.1710046009783835e-06,-9.448469497136348e-07,5.212309828034573e-06,6.965053645121e-06,13.727149019677595,1.4056294265507316,-14.853093996883405,-1.3566209404196303,0.47108034717033864,-0.8738744523812085
2024-01-09 17:53:48.041232,0.854153177719553,-0.17740901571729376,0.3166095296597955,0.9453099966049194,-0.022867549030338517,0.32120354284904773,-0.05190741021090444,-1.7615989265597527e-06,-2.971948819519864e-07,1.1710046009783835e-06,-9.448469497136348e-07,5.212309828034573e-06,6.965053645121e-06,13.818675775626062,1.3658927623215482,-14.742865275418504,-1.3420220729602785,0.4378957692233365,-0.8938704329133108
2024-01-09 17:53:48.053953,0.8541531691939594,-0.1774090684016694,0.31660957723989525,0.9453099966049194,-0.02286757022776616,0.32120356510885234,-0.051907384043633736,-1.7615989265597527e-06,-2.971948819519864e-07,1.1710046009783835e-06,-9.448469497136348e-07,5.212309828034573e-06,6.965053645121e-06,14.004718945924719,1.3395071144072253,-14.65160831316968,-1.3233992854772896,0.39055663458112566,-0.9222328432518361
2024-01-09 17:53:48.066430,0.8541531691939594,-0.1774090684016694,0.31660957723989525,0.9453099966049194,-0.02286757022776616,0.32120356510885234,-0.051907384043633736,-1.7615989265597527e-06,-2.971948819519864e-07,1.1710046009783835e-06,-9.448469497136348e-07,5.212309828034573e-06,6.965053645121e-06,14.25074279107668,1.3874641785621025,-14.450468252180434,-1.2617211553247107,0.3336408303411078,-0.9582244379566814
2024-01-09 17:53:48.078804,0.8541531691939594,-0.1774090684016694,0.31660957723989525,0.9453099966049194,-0.02286757022776616,0.32120356510885234,-0.051907384043633736,-1.7615989265597527e-06,-2.971948819519864e-07,1.1710046009783835e-06,-9.448469497136348e-07,5.212309828034573e-06,6.965053645121e-06,14.183342346159574,1.493044789762662,-14.325951882802919,-1.1999785304043962,0.34720514211997044,-0.9536594571485528
2024-01-09 17:53:48.091291,0.854153172743049,-0.17740904738233818,0.3166095398533524,0.9453099966049194,-0.022867529296156937,0.3212035442326837,-0.05190732459516631,-1.7615989265597527e-06,-2.971948819519864e-07,1.1710046009783835e-06,-9.448469497136348e-07,5.212309828034573e-06,6.965053645121e-06,13.889283212386676,1.5199069254232858,-14.396144663079731,-1.1911300149233808,0.410697479644066,-0.9195595071752991
2024-01-09 17:53:48.103687,0.8541531705458537,-0.1774089620902163,0.3166095508911901,0.9453099966049194,-0.022867525105040136,0.3212035343096031,-0.051907424750674426,-1.690150241984156e-07,6.560932451173438e-06,8.490644384154896e-07,1.4393648892877295e-05,1.0573120992513909e-06,5.638044516557039e-06,13.889283212386676,1.5199069254232858,-14.396144663079731,-1.1911300149233808,0.410697479644066,-0.9195595071752991
2024-01-09 17:53:48.116396,0.8541531705458537,-0.1774089620902163,0.3166095508911901,0.9453099966049194,-0.022867525105040136,0.3212035343096031,-0.051907424750674426,-1.690150241984156e-07,6.560932451173438e-06,8.490644384154896e-07,1.4393648892877295e-05,1.0573120992513909e-06,5.638044516557039e-06,13.6416236902449,1.4663597025376895,-14.582306934930989,-1.229098729521705,0.45694800453245443,-0.8926492868653415
2024-01-09 17:53:48.128654,0.8541531705458537,-0.1774089620902163,0.3166095508911901,0.9453099966049194,-0.022867525105040136,0.3212035343096031,-0.051907424750674426,-1.690150241984156e-07,6.560932451173438e-06,8.490644384154896e-07,1.4393648892877295e-05,1.0573120992513909e-06,5.638044516557039e-06,13.6416236902449,1.4663597025376895,-14.582306934930989,-1.229098729521705,0.45694800453245443,-0.8926492868653415
2024-01-09 17:53:48.140835,0.8541531670951269,-0.1774090668696316,0.3166095296597955,0.9453099966049194,-0.022867577319480206,0.3212035441706649,-0.05190740055540991,-1.690150241984156e-07,6.560932451173438e-06,8.490644384154896e-07,1.4393648892877295e-05,1.0573120992513909e-06,5.638044516557039e-06,13.6416236902449,1.4663597025376895,-14.582306934930989,-1.229098729521705,0.45694800453245443,-0.8926492868653415
2024-01-09 17:53:48.153572,0.8541531670951269,-0.1774090668696316,0.3166095296597955,0.9453099966049194,-0.022867577319480206,0.3212035441706649,-0.05190740055540991,-1.690150241984156e-07,6.560932451173438e-06,8.490644384154896e-07,1.4393648892877295e-05,1.0573120992513909e-06,5.638044516557039e-06,13.6416236902449,1.4663597025376895,-14.582306934930989,-1.229098729521705,0.45694800453245443,-0.8926492868653415
2024-01-09 17:53:48.165981,0.8541531670951269,-0.1774090668696316,0.3166095296597955,0.9453099966049194,-0.022867577319480206,0.3212035441706649,-0.05190740055540991,-1.690150241984156e-07,6.560932451173438e-06,8.490644384154896e-07,1.4393648892877295e-05,1.0573120992513909e-06,5.638044516557039e-06,13.6416236902449,1.4663597025376895,-14.582306934930989,-1.229098729521705,0.45694800453245443,-0.8926492868653415
2024-01-09 17:53:48.179659,0.8541531670951269,-0.1774090668696316,0.3166095296597955,0.9453099966049194,-0.022867577319480206,0.3212035441706649,-0.05190740055540991,-1.690150241984156e-07,6.560932451173438e-06,8.490644384154896e-07,1.4393648892877295e-05,1.0573120992513909e-06,5.638044516557039e-06,13.6416236902449,1.4663597025376895,-14.582306934930989,-1.229098729521705,0.45694800453245443,-0.8926492868653415
2024-01-09 17:53:48.193472,0.8541531798183856,-0.17740901724933145,0.3166095772398952,0.9453099966049194,-0.02286754193862494,0.32120356378723564,-0.051907393699128654,-1.690150241984156e-07,6.560932451173438e-06,8.490644384154896e-07,1.4393648892877295e-05,1.0573120992513909e-06,5.638044516557039e-06,13.787297567611715,1.2875936060848518,-14.675399300661997,-1.2869652039892159,0.41891857028483087,-0.9118957365163272
2024-01-09 17:53:48.206803,0.8541531691939594,-0.1774090684016694,0.31660957723989525,0.9453099966049194,-0.02286757022776616,0.32120356510885234,-0.051907384043633736,-1.690150241984156e-07,6.560932451173438e-06,8.490644384154896e-07,1.4393648892877295e-05,1.0573120992513909e-06,5.638044516557039e-06,13.804058012070021,1.3634943749525363,-14.582442550814925,-1.2520474544245797,0.4198430586271322,-0.9129236508898783
2024-01-09 17:53:48.220156,0.8541531769128925,-0.17740903241188546,0.31660956072871693,0.9453099966049194,-0.022867528607028627,0.32120355723226873,-0.051907349179437,-1.690150241984156e-07,6.560932451173438e-06,8.490644384154896e-07,1.4393648892877295e-05,1.0573120992513909e-06,5.638044516557039e-06,13.871404867819017,1.4390705301837583,-14.47582234224511,-1.2157874463957319,0.4083708860540465,-0.9211935579515819
2024-01-09 17:53:48.232625,0.8541531602289417,-0.17740897647789555,0.3166095253233611,0.9453099966049194,-0.022867497505027957,0.3212035230969593,-0.05190739058610817,-1.690150241984156e-07,6.560932451173438e-06,8.490644384154896e-07,1.4393648892877295e-05,1.0573120992513909e-06,5.638044516557039e-06,13.8644224034231,1.4152953506402914,-14.513862980357247,-1.227348070583198,0.4086056900905978,-0.920713741451813
2024-01-09 17:53:48.244944,0.8541531643987846,-0.1774089615074424,0.31660954619872855,0.9453099966049194,-0.02286749681589816,0.32120353609654434,-0.05190741517037781,-1.690150241984156e-07,6.560932451173438e-06,8.490644384154896e-07,1.4393648892877295e-05,1.0573120992513909e-06,5.638044516557039e-06,13.731709137924495,1.2984864363127628,-14.71370427253384,-1.2916329175755967,0.4316701885164804,-0.9044454284669002
2024-01-09 17:53:48.257286,0.8541531643987846,-0.1774089615074424,0.31660954619872855,0.9453099966049194,-0.02286749681589816,0.32120353609654434,-0.05190741517037781,-1.690150241984156e-07,6.560932451173438e-06,8.490644384154896e-07,1.4393648892877295e-05,1.0573120992513909e-06,5.638044516557039e-06,13.661963099982815,1.238804024086473,-14.785632393817725,-1.3173177989478895,0.443383700245351,-0.8964003469200755
2024-01-09 17:53:48.269406,0.8541532064863268,-0.17740894341893138,0.3166096057064663,0.9453099370002747,-0.02286750623329028,0.3212036349757146,-0.05190744055002203,-1.690150241984156e-07,6.560932451173438e-06,8.490644384154896e-07,1.4393648892877295e-05,1.0573120992513909e-06,5.638044516557039e-06,13.59995765579619,1.2432777982681997,-14.778986312471675,-1.3168860168955279,0.4578209149734717,-0.8882591868627877
2024-01-09 17:53:48.281471,0.8541531646187549,-0.17740903124633875,0.31660955134379304,0.9453099966049194,-0.02286747202874519,0.32120356080614626,-0.05190733001884213,-1.690150241984156e-07,6.560932451173438e-06,8.490644384154896e-07,1.4393648892877295e-05,1.0573120992513909e-06,5.638044516557039e-06,13.59995765579619,1.2432777982681997,-14.778986312471675,-1.3168860168955279,0.4578209149734717,-0.8882591868627877
2024-01-09 17:53:48.293549,0.8541531798183856,-0.17740901724933145,0.3166095772398952,0.9453099966049194,-0.02286754193862494,0.32120356378723564,-0.051907393699128654,-1.690150241984156e-07,6.560932451173438e-06,8.490644384154896e-07,1.4393648892877295e-05,1.0573120992513909e-06,5.638044516557039e-06,13.551559642399098,1.2447483738024911,-14.75624835103865,-1.3145490834812685,0.4714117247354646,-0.8812065591430139
2024-01-09 17:53:48.305783,0.8541531889594832,-0.17740901967477896,0.3166095355625359,0.9453099966049194,-0.02286755262712153,0.32120356711975434,-0.0519074022711661,7.0316135819964e-07,-1.865728853463093e-07,-3.205950714304005e-06,1.7631091347964265e-06,-4.294573340530222e-07,-1.157470163026972e-06,13.585477832112646,1.266197747523319,-14.721682608959915,-1.302245641873915,0.4663323507956367,-0.8851354215939471
2024-01-09 17:53:48.317955,0.8541531889594832,-0.17740901967477896,0.3166095355625359,0.9453099966049194,-0.02286755262712153,0.32120356711975434,-0.0519074022711661,7.0316135819964e-07,-1.865728853463093e-07,-3.205950714304005e-06,1.7631091347964265e-06,-4.294573340530222e-07,-1.157470163026972e-06,13.585477832112646,1.266197747523319,-14.721682608959915,-1.302245641873915,0.4663323507956367,-0.8851354215939471
2024-01-09 17:53:48.330168,0.8541531889594832,-0.17740901967477896,0.3166095355625359,0.9453099966049194,-0.02286755262712153,0.32120356711975434,-0.0519074022711661,7.0316135819964e-07,-1.865728853463093e-07,-3.205950714304005e-06,1.7631091347964265e-06,-4.294573340530222e-07,-1.157470163026972e-06,13.585477832112646,1.266197747523319,-14.721682608959915,-1.302245641873915,0.4663323507956367,-0.8851354215939471
2024-01-09 17:53:48.342414,0.8541531889594832,-0.17740901967477896,0.3166095355625359,0.9453099966049194,-0.02286755262712153,0.32120356711975434,-0.0519074022711661,7.0316135819964e-07,-1.865728853463093e-07,-3.205950714304005e-06,1.7631091347964265e-06,-4.294573340530222e-07,-1.157470163026972e-06,13.585477832112646,1.266197747523319,-14.721682608959915,-1.302245641873915,0.4663323507956367,-0.8851354215939471
2024-01-09 17:53:48.354966,0.8541531650241158,-0.1774090833721212,0.3166095563645299,0.9453099966049194,-0.022867570916895553,0.3212035521092679,-0.0519073594593636,7.0316135819964e-07,-1.865728853463093e-07,-3.205950714304005e-06,1.7631091347964265e-06,-4.294573340530222e-07,-1.157470163026972e-06,13.656430584289403,1.2754541479952548,-14.70588621903352,-1.2953571266662927,0.450899076455874,-0.8944153906635051
2024-01-09 17:53:48.367229,0.8541531643987846,-0.1774089615074424,0.31660954619872855,0.9453099966049194,-0.02286749681589816,0.32120353609654434,-0.05190741517037781,7.0316135819964e-07,-1.865728853463093e-07,-3.205950714304005e-06,1.7631091347964265e-06,-4.294573340530222e-07,-1.157470163026972e-06,13.938632091872377,1.3949976363110184,-14.510153831353662,-1.2273438652335527,0.3966915552783995,-0.9279085539881659
2024-01-09 17:53:48.379660,0.8541531860539894,-0.17740903483733195,0.3166095190513572,0.9453099966049194,-0.022867539295522855,0.32120356056478794,-0.051907357751475106,7.0316135819964e-07,-1.865728853463093e-07,-3.205950714304005e-06,1.7631091347964265e-06,-4.294573340530222e-07,-1.157470163026972e-06,13.92155139378256,1.3721621737201928,-14.53560469422055,-1.2401995066999414,0.40012743761444713,-0.9258107952037834
2024-01-09 17:53:48.392293,0.8541531756485429,-0.1774090322197834,0.3166095563645299,0.9453099966049194,-0.02286754262775388,0.3212035507876519,-0.05190736911485833,7.0316135819964e-07,-1.865728853463093e-07,-3.205950714304005e-06,1.7631091347964265e-06,-4.294573340530222e-07,-1.157470163026972e-06,13.846121172101558,1.3342294069222438,-14.612858937683683,-1.2634028320539477,0.414307120522419,-0.9169283418101257
2024-01-09 17:53:48.406168,0.8541531798183856,-0.17740901724933145,0.3166095772398952,0.9453099966049194,-0.02286754193862494,0.32120356378723564,-0.051907393699128654,7.0316135819964e-07,-1.865728853463093e-07,-3.205950714304005e-06,1.7631091347964265e-06,-4.294573340530222e-07,-1.157470163026972e-06,13.778531775503728,1.3129582513647124,-14.669396833850737,-1.2780475087132266,0.4263787553296673,-0.9091625388905122
2024-01-09 17:53:48.419918,0.8541531981390491,-0.17740897338710293,0.31660956391770345,0.9453099966049194,-0.022867507612800382,0.3212036089528718,-0.051907391336704634,7.0316135819964e-07,-1.865728853463093e-07,-3.205950714304005e-06,1.7631091347964265e-06,-4.294573340530222e-07,-1.157470163026972e-06,13.732694622845598,1.3084843144793294,-14.696546389181814,-1.283976056746297,0.4350084795141521,-0.9038482610099422
2024-01-09 17:53:48.433593,0.8541531643987846,-0.1774089615074424,0.31660954619872855,0.9453099966049194,-0.02286749681589816,0.32120353609654434,-0.05190741517037781,7.0316135819964e-07,-1.865728853463093e-07,-3.205950714304005e-06,1.7631091347964265e-06,-4.294573340530222e-07,-1.157470163026972e-06,13.745825614424982,1.3231496449765097,-14.678894335305586,-1.2801839185748203,0.4316478121113999,-0.905516424893887
2024-01-09 17:53:48.446649,0.8541531670951269,-0.1774090668696316,0.3166095296597955,0.9453099966049194,-0.022867577319480206,0.3212035441706649,-0.05190740055540991,7.0316135819964e-07,-1.865728853463093e-07,-3.205950714304005e-06,1.7631091347964265e-06,-4.294573340530222e-07,-1.157470163026972e-06,13.83550833107655,1.3500958601371216,-14.639013172815122,-1.2678018679108514,0.4124047417862176,-0.9165538908349564
2024-01-09 17:53:48.459477,0.8541531756485429,-0.1774090322197834,0.3166095563645299,0.9453099966049194,-0.02286754262775388,0.3212035507876519,-0.05190736911485833,7.0316135819964e-07,-1.865728853463093e-07,-3.205950714304005e-06,1.7631091347964265e-06,-4.294573340530222e-07,-1.157470163026972e-06,13.903699249758633,1.3694125975008462,-14.612792913872193,-1.2565275155257067,0.3987574186876153,-0.924546017381988
2024-01-09 17:53:48.472301,0.8541531691939594,-0.1774090684016694,0.31660957723989525,0.9453099966049194,-0.02286757022776616,0.32120356510885234,-0.051907384043633736,-4.965064171768264e-07,-2.7832219990236565e-06,1.6057973327112159e-06,3.484623370768656e-06,-1.914879127633004e-06,-3.3905796435684876e-06,13.947242926460778,1.3947350710092667,-14.584646742762033,-1.2412031656740055,0.39117957893731237,-0.9291973152358534
2024-01-09 17:53:48.486136,0.8541531691939594,-0.1774090684016694,0.31660957723989525,0.9453099966049194,-0.02286757022776616,0.32120356510885234,-0.051907384043633736,-4.965064171768264e-07,-2.7832219990236565e-06,1.6057973327112159e-06,3.484623370768656e-06,-1.914879127633004e-06,-3.3905796435684876e-06,13.947242926460778,1.3947350710092667,-14.584646742762033,-1.2412031656740055,0.39117957893731237,-0.9291973152358534
2024-01-09 17:53:48.499648,0.8541531691939594,-0.1774090684016694,0.31660957723989525,0.9453099966049194,-0.02286757022776616,0.32120356510885234,-0.051907384043633736,-4.965064171768264e-07,-2.7832219990236565e-06,1.6057973327112159e-06,3.484623370768656e-06,-1.914879127633004e-06,-3.3905796435684876e-06,13.947242926460778,1.3947350710092667,-14.584646742762033,-1.2412031656740055,0.39117957893731237,-0.9291973152358534
2024-01-09 17:53:48.512622,0.8541531691939594,-0.1774090684016694,0.31660957723989525,0.9453099966049194,-0.02286757022776616,0.32120356510885234,-0.051907384043633736,-4.965064171768264e-07,-2.7832219990236565e-06,1.6057973327112159e-06,3.484623370768656e-06,-1.914879127633004e-06,-3.3905796435684876e-06,13.947242926460778,1.3947350710092667,-14.584646742762033,-1.2412031656740055,0.39117957893731237,-0.9291973152358534
2024-01-09 17:53:48.525604,0.8541531614932921,-0.17740897666999653,0.3166095296875502,0.9453099966049194,-0.022867483484299723,0.32120352954157905,-0.05190737065068573,-4.965064171768264e-07,-2.7832219990236565e-06,1.6057973327112159e-06,3.484623370768656e-06,-1.914879127633004e-06,-3.3905796435684876e-06,14.173992154989827,1.4159028364872757,-14.463868507209822,-1.224254638131923,0.3442050552020023,-0.9577831331191107
2024-01-09 17:53:48.537802,0.8541531714688726,-0.1774089804353794,0.31660953122610125,0.9453099966049194,-0.022867501101810864,0.32120354736766726,-0.05190738264637108,-4.965064171768264e-07,-2.7832219990236565e-06,1.6057973327112159e-06,3.484623370768656e-06,-1.914879127633004e-06,-3.3905796435684876e-06,14.067686418246002,1.4102460421776464,-14.523699025424767,-1.234982089292057,0.36560447557144565,-0.9453761330052601
2024-01-09 17:53:48.550124,0.8541531691939594,-0.1774090684016694,0.31660957723989525,0.9453099966049194,-0.02286757022776616,0.32120356510885234,-0.051907384043633736,-4.965064171768264e-07,-2.7832219990236565e-06,1.6057973327112159e-06,3.484623370768656e-06,-1.914879127633004e-06,-3.3905796435684876e-06,13.940270561007976,1.4105801561356397,-14.582126607050794,-1.242150915701661,0.39169900435859173,-0.9302174348703103
2024-01-09 17:53:48.562460,0.8541531691939594,-0.1774090684016694,0.31660957723989525,0.9453099966049194,-0.02286757022776616,0.32120356510885234,-0.051907384043633736,-4.965064171768264e-07,-2.7832219990236565e-06,1.6057973327112159e-06,3.484623370768656e-06,-1.914879127633004e-06,-3.3905796435684876e-06,13.889443280624068,1.4081417731803278,-14.612862383307936,-1.2463281436265228,0.40223779946627525,-0.924403054221019
2024-01-09 17:53:48.575719,0.8541531614932921,-0.17740897666999653,0.3166095296875502,0.9453099966049194,-0.022867483484299723,0.32120352954157905,-0.05190737065068573,-4.965064171768264e-07,-2.7832219990236565e-06,1.6057973327112159e-06,3.484623370768656e-06,-1.914879127633004e-06,-3.3905796435684876e-06,13.917076781326266,1.4089288759048644,-14.607126758377547,-1.2446887888278027,0.39651702942120715,-0.9278587752395319
2024-01-09 17:53:48.589417,0.8541531852473292,-0.17740905153192496,0.31660955012028136,0.9453099966049194,-0.022867518872212403,0.3212035749480069,-0.05190729672000788,-4.965064171768264e-07,-2.7832219990236565e-06,1.6057973327112159e-06,3.484623370768656e-06,-1.914879127633004e-06,-3.3905796435684876e-06,13.983649277709079,1.4244952068989225,-14.578822180093328,-1.23567162227593,0.3833254489486928,-0.9356392656659623
2024-01-09 17:53:48.602025,0.8541531798183856,-0.17740901724933145,0.3166095772398952,0.9453099966049194,-0.02286754193862494,0.32120356378723564,-0.051907393699128654,-4.965064171768264e-07,-2.7832219990236565e-06,1.6057973327112159e-06,3.484623370768656e-06,-1.914879127633004e-06,-3.3905796435684876e-06,14.021320500892221,1.4441669986868828,-14.54480429041292,-1.2235505852305035,0.37760433334186744,-0.9393167092997281
2024-01-09 17:53:48.614380,0.8541531798183856,-0.17740901724933145,0.3166095772398952,0.9453099966049194,-0.02286754193862494,0.32120356378723564,-0.051907393699128654,-4.965064171768264e-07,-2.7832219990236565e-06,1.6057973327112159e-06,3.484623370768656e-06,-1.914879127633004e-06,-3.3905796435684876e-06,14.088366775962706,1.4653081446115885,-14.496951777402625,-1.2099394647118997,0.365026162568151,-0.946743539832242
2024-01-09 17:53:48.626739,0.8541531798183856,-0.17740901724933145,0.3166095772398952,0.9453099966049194,-0.02286754193862494,0.32120356378723564,-0.051907393699128654,-4.965064171768264e-07,-2.7832219990236565e-06,1.6057973327112159e-06,3.484623370768656e-06,-1.914879127633004e-06,-3.3905796435684876e-06,14.160981708272857,1.479692641885118,-14.462727569272861,-1.2008039410907347,0.3505766088833954,-0.9556154208207263
2024-01-09 17:53:48.638890,0.8541531756485429,-0.1774090322197834,0.3166095563645299,0.9453099966049194,-0.02286754262775388,0.3212035507876519,-0.05190736911485833,-4.965064171768264e-07,-2.7832219990236565e-06,1.6057973327112159e-06,3.484623370768656e-06,-1.914879127633004e-06,-3.3905796435684876e-06,14.160981708272857,1.479692641885118,-14.462727569272861,-1.2008039410907347,0.3505766088833954,-0.9556154208207263
2024-01-09 17:53:48.650958,0.8541531756485429,-0.1774090322197834,0.3166095563645299,0.9453099966049194,-0.02286754262775388,0.3212035507876519,-0.05190736911485833,-4.965064171768264e-07,-2.7832219990236565e-06,1.6057973327112159e-06,3.484623370768656e-06,-1.914879127633004e-06,-3.3905796435684876e-06,14.160981708272857,1.479692641885118,-14.462727569272861,-1.2008039410907347,0.3505766088833954,-0.9556154208207263
2024-01-09 17:53:48.663055,0.8541531756485429,-0.1774090322197834,0.3166095563645299,0.9453099966049194,-0.02286754262775388,0.3212035507876519,-0.05190736911485833,-4.965064171768264e-07,-2.7832219990236565e-06,1.6057973327112159e-06,3.484623370768656e-06,-1.914879127633004e-06,-3.3905796435684876e-06,14.160981708272857,1.479692641885118,-14.462727569272861,-1.2008039410907347,0.3505766088833954,-0.9556154208207263
2024-01-09 17:53:48.675187,0.8541531756485429,-0.1774090322197834,0.3166095563645299,0.9453099966049194,-0.02286754262775388,0.3212035507876519,-0.05190736911485833,-4.965064171768264e-07,-2.7832219990236565e-06,1.6057973327112159e-06,3.484623370768656e-06,-1.914879127633004e-06,-3.3905796435684876e-06,14.160981708272857,1.479692641885118,-14.462727569272861,-1.2008039410907347,0.3505766088833954,-0.9556154208207263
2024-01-09 17:53:48.687654,0.8541531706442146,-0.17740904585029918,0.31660949227325186,0.9453099966049194,-0.022867536387868453,0.3212035232944955,-0.0519073411069422,-9.442128839804619e-08,-2.5717954286102494e-07,-1.20926939740577e-06,-1.051008888051517e-06,9.926842181217821e-07,-6.303843852496029e-08,14.151550913768379,1.5018247511665954,-14.475454513535237,-1.2024458015443333,0.3491119207235351,-0.9564136452689748
2024-01-09 17:53:48.699709,0.8541531621186209,-0.17740909853467576,0.3166095398533524,0.9453099966049194,-0.02286755758529898,0.3212035455542985,-0.05190731493967183,-9.442128839804619e-08,-2.5717954286102494e-07,-1.20926939740577e-06,-1.051008888051517e-06,9.926842181217821e-07,-6.303843852496029e-08,14.080211056010391,1.4813528666141669,-14.516209519454359,-1.211984661610398,0.3638933907711655,-0.9481749338922194
2024-01-09 17:53:48.711843,0.8541531614932921,-0.17740897666999653,0.3166095296875502,0.9453099966049194,-0.022867483484299723,0.32120352954157905,-0.05190737065068573,-9.442128839804619e-08,-2.5717954286102494e-07,-1.20926939740577e-06,-1.051008888051517e-06,9.926842181217821e-07,-6.303843852496029e-08,14.053615684985969,1.453838935320805,-14.538115500337994,-1.2210519279900018,0.3701636727710169,-0.9446482364942944
2024-01-09 17:53:48.724085,0.8541531614932921,-0.17740897666999653,0.3166095296875502,0.9453099966049194,-0.022867483484299723,0.32120352954157905,-0.05190737065068573,-9.442128839804619e-08,-2.5717954286102494e-07,-1.20926939740577e-06,-1.051008888051517e-06,9.926842181217821e-07,-6.303843852496029e-08,14.050292906787591,1.4361584048419445,-14.535315633271157,-1.2241504321764443,0.37206161207129906,-0.9434413831003953
2024-01-09 17:53:48.736131,0.8541531698375548,-0.17740906254489444,0.3166095233421763,0.9453099966049194,-0.02286751596455976,0.32120353767771387,-0.0519072800754734,-9.442128839804619e-08,-2.5717954286102494e-07,-1.20926939740577e-06,-1.051008888051517e-06,9.926842181217821e-07,-6.303843852496029e-08,14.050292906787591,1.4361584048419445,-14.535315633271157,-1.2241504321764443,0.37206161207129906,-0.9434413831003953
2024-01-09 17:53:48.748403,0.8541531564706979,-0.1774091180219689,0.3166095296597955,0.9453099966049194,-0.022867605608621836,0.3212035454922815,-0.05190739089991529,-9.442128839804619e-08,-2.5717954286102494e-07,-1.20926939740577e-06,-1.051008888051517e-06,9.926842181217821e-07,-6.303843852496029e-08,14.073842149986438,1.4381737789596247,-14.51214364269427,-1.220058497524167,0.36803477295675097,-0.9451631573096922
2024-01-09 17:53:48.760773,0.8541531675242481,-0.1774090160837838,0.31660956785497124,0.9453099966049194,-0.022867485360342176,0.3212035673611161,-0.05190737453853375,-9.442128839804619e-08,-2.5717954286102494e-07,-1.20926939740577e-06,-1.051008888051517e-06,9.926842181217821e-07,-6.303843852496029e-08,14.130919675302577,1.4525321418902744,-14.483316034048757,-1.2121015162679014,0.3566410515520444,-0.9516099946773197
2024-01-09 17:53:48.772962,0.8541531455284587,-0.1774090105449667,0.3166094939261702,0.9453099966049194,-0.022867503907611542,0.3212035182669156,-0.05190741244636529,-9.442128839804619e-08,-2.5717954286102494e-07,-1.20926939740577e-06,-1.051008888051517e-06,9.926842181217821e-07,-6.303843852496029e-08,14.170442369265036,1.4709112525425214,-14.46655886138284,-1.203811373723336,0.3485709720355288,-0.9567535736608658
2024-01-09 17:53:48.785254,0.8541531602289417,-0.17740897647789555,0.3166095253233611,0.9453099966049194,-0.022867497505027957,0.3212035230969593,-0.05190739058610817,-9.442128839804619e-08,-2.5717954286102494e-07,-1.20926939740577e-06,-1.051008888051517e-06,9.926842181217821e-07,-6.303843852496029e-08,14.193167219430695,1.479187180121065,-14.45944985233642,-1.2001002964219185,0.3438422899954242,-0.9600885738040472
2024-01-09 17:53:48.797442,0.8541531798183856,-0.17740901724933145,0.3166095772398952,0.9453099966049194,-0.02286754193862494,0.32120356378723564,-0.051907393699128654,-9.442128839804619e-08,-2.5717954286102494e-07,-1.20926939740577e-06,-1.051008888051517e-06,9.926842181217821e-07,-6.303843852496029e-08,14.195376612210305,1.480795944159107,-14.458643594200327,-1.199678091547292,0.3427421940395428,-0.9603342060610457
2024-01-09 17:53:48.809572,0.8541531798183856,-0.17740901724933145,0.3166095772398952,0.9453099966049194,-0.02286754193862494,0.32120356378723564,-0.051907393699128654,-9.442128839804619e-08,-2.5717954286102494e-07,-1.20926939740577e-06,-1.051008888051517e-06,9.926842181217821e-07,-6.303843852496029e-08,14.173464724920704,1.4824104842865125,-14.470524464644043,-1.2016081602334214,0.34708017050111845,-0.9576191417174899
2024-01-09 17:53:48.821879,0.8541531662884655,-0.1774090835642233,0.31660956072871693,0.9453099966049194,-0.022867556896170274,0.32120355855388416,-0.05190733952394212,-9.442128839804619e-08,-2.5717954286102494e-07,-1.20926939740577e-06,-1.051008888051517e-06,9.926842181217821e-07,-6.303843852496029e-08,14.173464724920704,1.4824104842865125,-14.470524464644043,-1.2016081602334214,0.34708017050111845,-0.9576191417174899
2024-01-09 17:53:48.834054,0.8541531662884655,-0.1774090835642233,0.31660956072871693,0.9453099966049194,-0.022867556896170274,0.32120355855388416,-0.05190733952394212,-9.442128839804619e-08,-2.5717954286102494e-07,-1.20926939740577e-06,-1.051008888051517e-06,9.926842181217821e-07,-6.303843852496029e-08,14.173464724920704,1.4824104842865125,-14.470524464644043,-1.2016081602334214,0.34708017050111845,-0.9576191417174899
2024-01-09 17:53:48.846383,0.8541531662884655,-0.1774090835642233,0.31660956072871693,0.9453099966049194,-0.022867556896170274,0.32120355855388416,-0.05190733952394212,-9.442128839804619e-08,-2.5717954286102494e-07,-1.20926939740577e-06,-1.051008888051517e-06,9.926842181217821e-07,-6.303843852496029e-08,14.173464724920704,1.4824104842865125,-14.470524464644043,-1.2016081602334214,0.34708017050111845,-0.9576191417174899
2024-01-09 17:53:48.858614,0.8541531612555711,-0.17740902952219728,0.3166094993995069,0.9453099966049194,-0.022867493141182315,0.3212035334233438,-0.05190736646604114,-9.32017487878214e-08,1.0007782596460005e-06,-1.1357261119214632e-06,2.061103920027018e-07,7.344703423771031e-07,2.6009846304372156e-06,14.087912953915367,1.4316679773058427,-14.527418799916463,-1.226666887968263,0.36472162723611823,-0.9465787649376094
2024-01-09 17:53:48.870515,0.8541531612555711,-0.17740902952219728,0.3166094993995069,0.9453099966049194,-0.022867493141182315,0.3212035334233438,-0.05190736646604114,-9.32017487878214e-08,1.0007782596460005e-06,-1.1357261119214632e-06,2.061103920027018e-07,7.344703423771031e-07,2.6009846304372156e-06,14.104743362510789,1.4363410035768063,-14.517562547386389,-1.223466263482354,0.36123061181230504,-0.9481108392216373
2024-01-09 17:53:48.882689,0.8541531798183856,-0.17740901724933145,0.3166095772398952,0.9453099966049194,-0.02286754193862494,0.32120356378723564,-0.051907393699128654,-9.32017487878214e-08,1.0007782596460005e-06,-1.1357261119214632e-06,2.061103920027018e-07,7.344703423771031e-07,2.6009846304372156e-06,14.135253007804653,1.4519801141580975,-14.501000290140288,-1.2158113174704521,0.35501694699889563,-0.9515083513086231
2024-01-09 17:53:48.894641,0.8541532032417374,-0.17740904351667286,0.3166095693910435,0.9453099370002747,-0.02286752513551092,0.3212036254309158,-0.051907335700883246,-9.32017487878214e-08,1.0007782596460005e-06,-1.1357261119214632e-06,2.061103920027018e-07,7.344703423771031e-07,2.6009846304372156e-06,14.135253007804653,1.4519801141580975,-14.501000290140288,-1.2158113174704521,0.35501694699889563,-0.9515083513086231
2024-01-09 17:53:48.906692,0.8541531756485429,-0.1774090322197834,0.3166095563645299,0.9453099966049194,-0.02286754262775388,0.3212035507876519,-0.05190736911485833,-9.32017487878214e-08,1.0007782596460005e-06,-1.1357261119214632e-06,2.061103920027018e-07,7.344703423771031e-07,2.6009846304372156e-06,14.186414724040608,1.4721850730296944,-14.474676037826748,-1.2058136942344972,0.34435671547174695,-0.9578250819019466
2024-01-09 17:53:48.918781,0.854153178890118,-0.17740904796511214,0.3166095445458141,0.9453099966049194,-0.022867557585298924,0.32120354244574484,-0.051907334175463206,-9.32017487878214e-08,1.0007782596460005e-06,-1.1357261119214632e-06,2.061103920027018e-07,7.344703423771031e-07,2.6009846304372156e-06,14.20867382641983,1.4798104667398118,-14.464931814484334,-1.201144378162631,0.34004602897168174,-0.9605086586572449
2024-01-09 17:53:48.930889,0.8541531479348033,-0.1774089753123494,0.31660951593843834,0.9453099966049194,-0.022867440926743036,0.32120352667083873,-0.05190737142551543,-9.32017487878214e-08,1.0007782596460005e-06,-1.1357261119214632e-06,2.061103920027018e-07,7.344703423771031e-07,2.6009846304372156e-06,14.232334386881304,1.479367826705812,-14.4509814196213,-1.1991729266833533,0.3352623978806449,-0.9632611633808783
2024-01-09 17:53:48.942815,0.8541531748140592,-0.17740903087984722,0.3166095131486168,0.9453099966049194,-0.02286753569874097,0.32120353629408094,-0.05190736569121291,-9.32017487878214e-08,1.0007782596460005e-06,-1.1357261119214632e-06,2.061103920027018e-07,7.344703423771031e-07,2.6009846304372156e-06,14.237881522261734,1.4829087006215138,-14.449871388222883,-1.1987902722917525,0.3342342180981902,-0.9641336773384634
2024-01-09 17:53:48.954856,0.8541531676403614,-0.17740897725277,0.31660953438001166,0.9453099966049194,-0.022867511773442054,0.32120352775463923,-0.05190738023098215,-9.32017487878214e-08,1.0007782596460005e-06,-1.1357261119214632e-06,2.061103920027018e-07,7.344703423771031e-07,2.6009846304372156e-06,14.211477261062543,1.4732107180406349,-14.463238599078842,-1.203980432423904,0.33956198629366446,-0.9612970610465822
2024-01-09 17:53:48.966913,0.8541531602289417,-0.17740897647789555,0.3166095253233611,0.9453099966049194,-0.022867497505027957,0.3212035230969593,-0.05190739058610817,-9.32017487878214e-08,1.0007782596460005e-06,-1.1357261119214632e-06,2.061103920027018e-07,7.344703423771031e-07,2.6009846304372156e-06,14.183756520733382,1.4600513343223507,-14.487506738379269,-1.2123285289489507,0.34460221155063464,-0.9583796514086882
2024-01-09 17:53:48.979261,0.8541531602289417,-0.17740897647789555,0.3166095253233611,0.9453099966049194,-0.022867497505027957,0.3212035230969593,-0.05190739058610817,-9.32017487878214e-08,1.0007782596460005e-06,-1.1357261119214632e-06,2.061103920027018e-07,7.344703423771031e-07,2.6009846304372156e-06,14.183756520733382,1.4600513343223507,-14.487506738379269,-1.2123285289489507,0.34460221155063464,-0.9583796514086882
2024-01-09 17:53:48.991671,0.8541531602289417,-0.17740897647789555,0.3166095253233611,0.9453099966049194,-0.022867497505027957,0.3212035230969593,-0.05190739058610817,-9.32017487878214e-08,1.0007782596460005e-06,-1.1357261119214632e-06,2.061103920027018e-07,7.344703423771031e-07,2.6009846304372156e-06,14.183756520733382,1.4600513343223507,-14.487506738379269,-1.2123285289489507,0.34460221155063464,-0.9583796514086882
2024-01-09 17:53:49.003778,0.8541531602289417,-0.17740897647789555,0.3166095253233611,0.9453099966049194,-0.022867497505027957,0.3212035230969593,-0.05190739058610817,-9.32017487878214e-08,1.0007782596460005e-06,-1.1357261119214632e-06,2.061103920027018e-07,7.344703423771031e-07,2.6009846304372156e-06,14.183756520733382,1.4600513343223507,-14.487506738379269,-1.2123285289489507,0.34460221155063464,-0.9583796514086882
2024-01-09 17:53:49.016033,0.8541531602289417,-0.17740897647789555,0.3166095253233611,0.9453099966049194,-0.022867497505027957,0.3212035230969593,-0.05190739058610817,-9.32017487878214e-08,1.0007782596460005e-06,-1.1357261119214632e-06,2.061103920027018e-07,7.344703423771031e-07,2.6009846304372156e-06,14.182895027081928,1.4744183655796887,-14.48482297317623,-1.207831289342331,0.3443545748811117,-0.9584736630583456
2024-01-09 17:53:49.028628,0.854153166376011,-0.17740897706066935,0.31660953001582254,0.9453099966049194,-0.022867525794170302,0.3212035213100188,-0.05190740016640447,-9.32017487878214e-08,1.0007782596460005e-06,-1.1357261119214632e-06,2.061103920027018e-07,7.344703423771031e-07,2.6009846304372156e-06,14.182895027081928,1.4744183655796887,-14.48482297317623,-1.207831289342331,0.3443545748811117,-0.9584736630583456
2024-01-09 17:53:49.041119,0.8541531592131258,-0.17740911369723192,0.3166095233421763,0.9453099966049194,-0.022867544253702157,0.32120353899932746,-0.051907270419979175,-5.509911672218182e-07,-1.0510504812642442e-05,-5.133574035950297e-07,-1.8019359530344957e-05,-1.9687252766827358e-06,-9.237414569594e-06,14.237443874531145,1.4851246778434612,-14.467214084277465,-1.2016180937684289,0.3329442997100796,-0.9649946010518288
2024-01-09 17:53:49.053997,0.8541531756485429,-0.1774090322197834,0.3166095563645299,0.9453099966049194,-0.02286754262775388,0.3212035507876519,-0.05190736911485833,-5.509911672218182e-07,-1.0510504812642442e-05,-5.133574035950297e-07,-1.8019359530344957e-05,-1.9687252766827358e-06,-9.237414569594e-06,14.286763729898412,1.495238018087449,-14.433141443428946,-1.1930317106134132,0.322815227561749,-0.9710695263929849
2024-01-09 17:53:49.066449,0.8541531817956117,-0.17740903280255776,0.3166095610569917,0.9453099966049194,-0.022867570916895525,0.3212035490007115,-0.05190737869515544,-5.509911672218182e-07,-1.0510504812642442e-05,-5.133574035950297e-07,-1.8019359530344957e-05,-1.9687252766827358e-06,-9.237414569594e-06,14.317612969542223,1.5030796612801272,-14.414741879841374,-1.1890205979301978,0.31695010928851813,-0.9746236339591724
2024-01-09 17:53:49.078795,0.8541531714711038,-0.17740904721750478,0.31660953545114107,0.9453099966049194,-0.022867543318138017,0.3212035377643888,-0.051907344485807416,-5.509911672218182e-07,-1.0510504812642442e-05,-5.133574035950297e-07,-1.8019359530344957e-05,-1.9687252766827358e-06,-9.237414569594e-06,14.319848100129361,1.506145528401074,-14.413644952410321,-1.1890352194306886,0.31668678019789204,-0.9746113645690768
2024-01-09 17:53:49.091263,0.8541531539943279,-0.1774090823986758,0.3166095513437931,0.9453099966049194,-0.02286750031788694,0.3212035621277618,-0.05190732036334745,-5.509911672218182e-07,-1.0510504812642442e-05,-5.133574035950297e-07,-1.8019359530344957e-05,-1.9687252766827358e-06,-9.237414569594e-06,14.320096679155505,1.5016797132585333,-14.416236322845416,-1.1918040057325843,0.3164139983210518,-0.9748037672070007
2024-01-09 17:53:49.103569,0.8541531539943279,-0.1774090823986758,0.3166095513437931,0.9453099966049194,-0.02286750031788694,0.3212035621277618,-0.05190732036334745,-5.509911672218182e-07,-1.0510504812642442e-05,-5.133574035950297e-07,-1.8019359530344957e-05,-1.9687252766827358e-06,-9.237414569594e-06,14.320096679155505,1.5016797132585333,-14.416236322845416,-1.1918040057325843,0.3164139983210518,-0.9748037672070007
2024-01-09 17:53:49.115993,0.8541531539943279,-0.1774090823986758,0.3166095513437931,0.9453099966049194,-0.02286750031788694,0.3212035621277618,-0.05190732036334745,-5.509911672218182e-07,-1.0510504812642442e-05,-5.133574035950297e-07,-1.8019359530344957e-05,-1.9687252766827358e-06,-9.237414569594e-06,14.320096679155505,1.5016797132585333,-14.416236322845416,-1.1918040057325843,0.3164139983210518,-0.9748037672070007
2024-01-09 17:53:49.128572,0.8541531539943279,-0.1774090823986758,0.3166095513437931,0.9453099966049194,-0.02286750031788694,0.3212035621277618,-0.05190732036334745,-5.509911672218182e-07,-1.0510504812642442e-05,-5.133574035950297e-07,-1.8019359530344957e-05,-1.9687252766827358e-06,-9.237414569594e-06,14.304746577470913,1.4993091057157266,-14.432817852046828,-1.1957254047363282,0.3185023251311325,-0.9736060508422609
2024-01-09 17:53:49.140931,0.8541531798183856,-0.17740901724933145,0.3166095772398952,0.9453099966049194,-0.02286754193862494,0.32120356378723564,-0.051907393699128654,-5.509911672218182e-07,-1.0510504812642442e-05,-5.133574035950297e-07,-1.8019359530344957e-05,-1.9687252766827358e-06,-9.237414569594e-06,14.304746577470913,1.4993091057157266,-14.432817852046828,-1.1957254047363282,0.3185023251311325,-0.9736060508422609
2024-01-09 17:53:49.153992,0.8541531781680235,-0.17740896483827218,0.31660956785497124,0.9453099966049194,-0.022867457019672164,0.3212035660370915,-0.05190738421161622,-5.509911672218182e-07,-1.0510504812642442e-05,-5.133574035950297e-07,-1.8019359530344957e-05,-1.9687252766827358e-06,-9.237414569594e-06,14.26282114442826,1.5013403111297154,-14.447438819986399,-1.197618888130884,0.3271751999632256,-0.968267082538219
2024-01-09 17:53:49.166408,0.8541531756485429,-0.1774090322197834,0.3166095563645299,0.9453099966049194,-0.02286754262775388,0.3212035507876519,-0.05190736911485833,-5.509911672218182e-07,-1.0510504812642442e-05,-5.133574035950297e-07,-1.8019359530344957e-05,-1.9687252766827358e-06,-9.237414569594e-06,14.284701601329234,1.500028693838298,-14.443040263937807,-1.1963482432480348,0.32298381795943837,-0.9707437308166235
2024-01-09 17:53:49.178873,0.8541531756485429,-0.1774090322197834,0.3166095563645299,0.9453099966049194,-0.02286754262775388,0.3212035507876519,-0.05190736911485833,-5.509911672218182e-07,-1.0510504812642442e-05,-5.133574035950297e-07,-1.8019359530344957e-05,-1.9687252766827358e-06,-9.237414569594e-06,14.308433780628112,1.5072550673255516,-14.437083584783824,-1.1930289369252791,0.31841682207695826,-0.9733936641841848
2024-01-09 17:53:49.191344,0.8541531756485429,-0.1774090322197834,0.3166095563645299,0.9453099966049194,-0.02286754262775388,0.3212035507876519,-0.05190736911485833,-5.509911672218182e-07,-1.0510504812642442e-05,-5.133574035950297e-07,-1.8019359530344957e-05,-1.9687252766827358e-06,-9.237414569594e-06,14.308433780628112,1.5072550673255516,-14.437083584783824,-1.1930289369252791,0.31841682207695826,-0.9733936641841848
2024-01-09 17:53:49.203770,0.8541531756485429,-0.1774090322197834,0.3166095563645299,0.9453099966049194,-0.02286754262775388,0.3212035507876519,-0.05190736911485833,-5.509911672218182e-07,-1.0510504812642442e-05,-5.133574035950297e-07,-1.8019359530344957e-05,-1.9687252766827358e-06,-9.237414569594e-06,14.308433780628112,1.5072550673255516,-14.437083584783824,-1.1930289369252791,0.31841682207695826,-0.9733936641841848
2024-01-09 17:53:49.216116,0.8541531798183856,-0.17740901724933145,0.3166095772398952,0.9453099966049194,-0.02286754193862494,0.32120356378723564,-0.051907393699128654,-5.509911672218182e-07,-1.0510504812642442e-05,-5.133574035950297e-07,-1.8019359530344957e-05,-1.9687252766827358e-06,-9.237414569594e-06,14.308433780628112,1.5072550673255516,-14.437083584783824,-1.1930289369252791,0.31841682207695826,-0.9733936641841848
2024-01-09 17:53:49.228582,0.8541531685656092,-0.17740906238006032,0.31660951893996436,0.9453099966049194,-0.022867529986540423,0.32120353120941925,-0.051907299966115025,-5.509911672218182e-07,-1.0510504812642442e-05,-5.133574035950297e-07,-1.8019359530344957e-05,-1.9687252766827358e-06,-9.237414569594e-06,14.374962401580701,1.5280200322146509,-14.395740373251602,-1.1810409522608094,0.3049724774482138,-0.9819090149991739
2024-01-09 17:53:49.240991,0.8541531691939594,-0.1774090684016694,0.31660957723989525,0.9453099966049194,-0.02286757022776616,0.32120356510885234,-0.051907384043633736,4.4882161479417193e-08,-4.3011493374870267e-07,4.164280777350728e-06,1.3089963775924013e-05,-4.554186398276526e-06,-1.8277235859775878e-06,14.34281333073102,1.524382272044193,-14.416129553550087,-1.1843529878012888,0.3110708833895214,-0.9782007226895353
2024-01-09 17:53:49.253890,0.8541531748140592,-0.17740903087984722,0.3166095131486168,0.9453099966049194,-0.02286753569874097,0.32120353629408094,-0.05190736569121291,4.4882161479417193e-08,-4.3011493374870267e-07,4.164280777350728e-06,1.3089963775924013e-05,-4.554186398276526e-06,-1.8277235859775878e-06,14.31119802708837,1.5225472924871144,-14.431473605723024,-1.1872574849162914,0.31745821817467573,-0.9744060892362991
2024-01-09 17:53:49.266361,0.8541531748140592,-0.17740903087984722,0.3166095131486168,0.9453099966049194,-0.02286753569874097,0.32120353629408094,-0.05190736569121291,4.4882161479417193e-08,-4.3011493374870267e-07,4.164280777350728e-06,1.3089963775924013e-05,-4.554186398276526e-06,-1.8277235859775878e-06,14.287144108542652,1.519191677488853,-14.441096789023865,-1.1896321896981932,0.322738850309482,-0.9713602561300909
2024-01-09 17:53:49.278836,0.8541531643987846,-0.1774089615074424,0.31660954619872855,0.9453099966049194,-0.02286749681589816,0.32120353609654434,-0.05190741517037781,4.4882161479417193e-08,-4.3011493374870267e-07,4.164280777350728e-06,1.3089963775924013e-05,-4.554186398276526e-06,-1.8277235859775878e-06,14.284703844645517,1.5039527596181113,-14.432883945913616,-1.1922056159548937,0.32319894777099767,-0.9709280232153203
2024-01-09 17:53:49.291311,0.8541531643987846,-0.1774089615074424,0.31660954619872855,0.9453099966049194,-0.02286749681589816,0.32120353609654434,-0.05190741517037781,4.4882161479417193e-08,-4.3011493374870267e-07,4.164280777350728e-06,1.3089963775924013e-05,-4.554186398276526e-06,-1.8277235859775878e-06,14.284703844645517,1.5039527596181113,-14.432883945913616,-1.1922056159548937,0.32319894777099767,-0.9709280232153203
2024-01-09 17:53:49.303791,0.8541531643987846,-0.1774089615074424,0.31660954619872855,0.9453099966049194,-0.02286749681589816,0.32120353609654434,-0.05190741517037781,4.4882161479417193e-08,-4.3011493374870267e-07,4.164280777350728e-06,1.3089963775924013e-05,-4.554186398276526e-06,-1.8277235859775878e-06,14.284703844645517,1.5039527596181113,-14.432883945913616,-1.1922056159548937,0.32319894777099767,-0.9709280232153203
2024-01-09 17:53:49.316391,0.8541531643987846,-0.1774089615074424,0.31660954619872855,0.9453099966049194,-0.02286749681589816,0.32120353609654434,-0.05190741517037781,4.4882161479417193e-08,-4.3011493374870267e-07,4.164280777350728e-06,1.3089963775924013e-05,-4.554186398276526e-06,-1.8277235859775878e-06,14.284703844645517,1.5039527596181113,-14.432883945913616,-1.1922056159548937,0.32319894777099767,-0.9709280232153203
2024-01-09 17:53:49.328795,0.8541531756485429,-0.1774090322197834,0.3166095563645299,0.9453099966049194,-0.02286754262775388,0.3212035507876519,-0.05190736911485833,4.4882161479417193e-08,-4.3011493374870267e-07,4.164280777350728e-06,1.3089963775924013e-05,-4.554186398276526e-06,-1.8277235859775878e-06,14.316971602855999,1.5066411961910173,-14.411773993044342,-1.1844897744058478,0.31904705266003913,-0.9740915939083126
2024-01-09 17:53:49.341298,0.8541531585877994,-0.1774089918325523,0.31660951317637337,0.9453099966049194,-0.02286747015270106,0.32120352298661214,-0.05190732613099279,4.4882161479417193e-08,-4.3011493374870267e-07,4.164280777350728e-06,1.3089963775924013e-05,-4.554186398276526e-06,-1.8277235859775878e-06,14.324306862961333,1.5147106989537862,-14.40594126993378,-1.1812937104112375,0.31790591322854717,-0.9748859072138505
2024-01-09 17:53:49.354045,0.8541531643987846,-0.1774089615074424,0.31660954619872855,0.9453099966049194,-0.02286749681589816,0.32120353609654434,-0.05190741517037781,4.4882161479417193e-08,-4.3011493374870267e-07,4.164280777350728e-06,1.3089963775924013e-05,-4.554186398276526e-06,-1.8277235859775878e-06,14.336295036499854,1.5200996196365817,-14.398284069078075,-1.178825194586345,0.31482288401796105,-0.9764230763823974
2024-01-09 17:53:49.366345,0.8541531756485429,-0.1774090322197834,0.3166095563645299,0.9453099966049194,-0.02286754262775388,0.3212035507876519,-0.05190736911485833,4.4882161479417193e-08,-4.3011493374870267e-07,4.164280777350728e-06,1.3089963775924013e-05,-4.554186398276526e-06,-1.8277235859775878e-06,14.33847879505524,1.5193194656578348,-14.400499716846559,-1.1794848612359252,0.3141576204770901,-0.9774261949552612
2024-01-09 17:53:49.378851,0.8541531756485429,-0.1774090322197834,0.3166095563645299,0.9453099966049194,-0.02286754262775388,0.3212035507876519,-0.05190736911485833,4.4882161479417193e-08,-4.3011493374870267e-07,4.164280777350728e-06,1.3089963775924013e-05,-4.554186398276526e-06,-1.8277235859775878e-06,14.33847879505524,1.5193194656578348,-14.400499716846559,-1.1794848612359252,0.3141576204770901,-0.9774261949552612
2024-01-09 17:53:49.391331,0.8541531756485429,-0.1774090322197834,0.3166095563645299,0.9453099966049194,-0.02286754262775388,0.3212035507876519,-0.05190736911485833,4.4882161479417193e-08,-4.3011493374870267e-07,4.164280777350728e-06,1.3089963775924013e-05,-4.554186398276526e-06,-1.8277235859775878e-06,14.33847879505524,1.5193194656578348,-14.400499716846559,-1.1794848612359252,0.3141576204770901,-0.9774261949552612
2024-01-09 17:53:49.403710,0.8541531756485429,-0.1774090322197834,0.3166095563645299,0.9453099966049194,-0.02286754262775388,0.3212035507876519,-0.05190736911485833,4.4882161479417193e-08,-4.3011493374870267e-07,4.164280777350728e-06,1.3089963775924013e-05,-4.554186398276526e-06,-1.8277235859775878e-06,14.33847879505524,1.5193194656578348,-14.400499716846559,-1.1794848612359252,0.3141576204770901,-0.9774261949552612
2024-01-09 17:53:49.416465,0.8541531798183856,-0.17740901724933145,0.3166095772398952,0.9453099966049194,-0.02286754193862494,0.32120356378723564,-0.051907393699128654,4.4882161479417193e-08,-4.3011493374870267e-07,4.164280777350728e-06,1.3089963775924013e-05,-4.554186398276526e-06,-1.8277235859775878e-06,14.300686915491413,1.4962497514045943,-14.421685188877158,-1.1899504955464466,0.321994246356353,-0.9727164002469163
2024-01-09 17:53:49.429844,0.8541531798183856,-0.17740901724933145,0.3166095772398952,0.9453099966049194,-0.02286754193862494,0.32120356378723564,-0.051907393699128654,4.4882161479417193e-08,-4.3011493374870267e-07,4.164280777350728e-06,1.3089963775924013e-05,-4.554186398276526e-06,-1.8277235859775878e-06,14.317969543745544,1.5003673136548166,-14.419046452360762,-1.1882045226584341,0.3182537057295393,-0.9748241244499322
2024-01-09 17:53:49.442489,0.8541531798183856,-0.17740901724933145,0.3166095772398952,0.9453099966049194,-0.02286754193862494,0.32120356378723564,-0.051907393699128654,4.4882161479417193e-08,-4.3011493374870267e-07,4.164280777350728e-06,1.3089963775924013e-05,-4.554186398276526e-06,-1.8277235859775878e-06,14.317969543745544,1.5003673136548166,-14.419046452360762,-1.1882045226584341,0.3182537057295393,-0.9748241244499322
2024-01-09 17:53:49.455435,0.8541531798183856,-0.17740901724933145,0.3166095772398952,0.9453099966049194,-0.02286754193862494,0.32120356378723564,-0.051907393699128654,4.4882161479417193e-08,-4.3011493374870267e-07,4.164280777350728e-06,1.3089963775924013e-05,-4.554186398276526e-06,-1.8277235859775878e-06,14.317969543745544,1.5003673136548166,-14.419046452360762,-1.1882045226584341,0.3182537057295393,-0.9748241244499322
2024-01-09 17:53:49.468098,0.8541531705458537,-0.1774089620902163,0.3166095508911901,0.9453099966049194,-0.022867525105040136,0.3212035343096031,-0.051907424750674426,4.4882161479417193e-08,-4.3011493374870267e-07,4.164280777350728e-06,1.3089963775924013e-05,-4.554186398276526e-06,-1.8277235859775878e-06,14.317969543745544,1.5003673136548166,-14.419046452360762,-1.1882045226584341,0.3182537057295393,-0.9748241244499322
2024-01-09 17:53:49.480740,0.8541531643987846,-0.1774089615074424,0.31660954619872855,0.9453099966049194,-0.02286749681589816,0.32120353609654434,-0.05190741517037781,-4.7285146738300466e-07,4.4828762496989654e-08,-3.6095857926564065e-07,-2.7975054574830177e-06,-4.520849650692327e-07,3.626465854373762e-06,14.386537408202578,1.5334683554500275,-14.37976684701591,-1.1719328602428418,0.3046056366109793,-0.9830320265279968
2024-01-09 17:53:49.493617,0.8541531614932921,-0.17740897666999653,0.3166095296875502,0.9453099966049194,-0.022867483484299723,0.32120352954157905,-0.05190737065068573,-4.7285146738300466e-07,4.4828762496989654e-08,-3.6095857926564065e-07,-2.7975054574830177e-06,-4.520849650692327e-07,3.626465854373762e-06,14.399674397748088,1.5327572018363433,-14.373632050266965,-1.1713626184281813,0.3017554959285632,-0.9848033725408203
2024-01-09 17:53:49.506486,0.8541531756485429,-0.1774090322197834,0.3166095563645299,0.9453099966049194,-0.02286754262775388,0.3212035507876519,-0.05190736911485833,-4.7285146738300466e-07,4.4828762496989654e-08,-3.6095857926564065e-07,-2.7975054574830177e-06,-4.520849650692327e-07,3.626465854373762e-06,14.402237987038424,1.5353302238846975,-14.385143875862974,-1.1740275530264572,0.300784459284968,-0.9852024864133039
2024-01-09 17:53:49.519651,0.8541531496045182,-0.1774090276302324,0.3166095253233611,0.9453099966049194,-0.022867525794170347,0.3212035244185764,-0.05190738093061432,-4.7285146738300466e-07,4.4828762496989654e-08,-3.6095857926564065e-07,-2.7975054574830177e-06,-4.520849650692327e-07,3.626465854373762e-06,14.394221159826214,1.5301165678207285,-14.383368022825922,-1.1754602215979317,0.30244826799495933,-0.9843429290704839
2024-01-09 17:53:49.532575,0.8541531883633283,-0.17740896447178156,0.3166095296597955,0.9453099966049194,-0.022867520689668266,0.32120354152502273,-0.05190741988398631,-4.7285146738300466e-07,4.4828762496989654e-08,-3.6095857926564065e-07,-2.7975054574830177e-06,-4.520849650692327e-07,3.626465854373762e-06,14.371415851886203,1.5288888628437916,-14.392521900337108,-1.1780573872959723,0.3069686847107819,-0.9812967383720966
2024-01-09 17:53:49.545258,0.8541531883633283,-0.17740896447178156,0.3166095296597955,0.9453099966049194,-0.022867520689668266,0.32120354152502273,-0.05190741988398631,-4.7285146738300466e-07,4.4828762496989654e-08,-3.6095857926564065e-07,-2.7975054574830177e-06,-4.520849650692327e-07,3.626465854373762e-06,14.379654764631873,1.5292165608076875,-14.389273790279168,-1.1781153803286126,0.30488924215542207,-0.9824475809414638
2024-01-09 17:53:49.557919,0.8541531883633283,-0.17740896447178156,0.3166095296597955,0.9453099966049194,-0.022867520689668266,0.32120354152502273,-0.05190741988398631,-4.7285146738300466e-07,4.4828762496989654e-08,-3.6095857926564065e-07,-2.7975054574830177e-06,-4.520849650692327e-07,3.626465854373762e-06,14.379654764631873,1.5292165608076875,-14.389273790279168,-1.1781153803286126,0.30488924215542207,-0.9824475809414638
2024-01-09 17:53:49.570476,0.8541531883633283,-0.17740896447178156,0.3166095296597955,0.9453099966049194,-0.022867520689668266,0.32120354152502273,-0.05190741988398631,-4.7285146738300466e-07,4.4828762496989654e-08,-3.6095857926564065e-07,-2.7975054574830177e-06,-4.520849650692327e-07,3.626465854373762e-06,14.379654764631873,1.5292165608076875,-14.389273790279168,-1.1781153803286126,0.30488924215542207,-0.9824475809414638
2024-01-09 17:53:49.582944,0.8541531602289417,-0.17740897647789555,0.3166095253233611,0.9453099966049194,-0.022867497505027957,0.3212035230969593,-0.05190739058610817,-4.7285146738300466e-07,4.4828762496989654e-08,-3.6095857926564065e-07,-2.7975054574830177e-06,-4.520849650692327e-07,3.626465854373762e-06,14.379654764631873,1.5292165608076875,-14.389273790279168,-1.1781153803286126,0.30488924215542207,-0.9824475809414638
2024-01-09 17:53:49.595761,0.8541531544179548,-0.17740900680300692,0.31660949230100754,0.9453099966049194,-0.022867470841829572,0.3212035099870247,-0.051907301546722406,-4.7285146738300466e-07,4.4828762496989654e-08,-3.6095857926564065e-07,-2.7975054574830177e-06,-4.520849650692327e-07,3.626465854373762e-06,14.42228686270805,1.5456967603788336,-14.364580814605159,-1.1688445893021637,0.29674000624940233,-0.9873235515687128
2024-01-09 17:53:49.608322,0.8541531544179548,-0.17740900680300692,0.31660949230100754,0.9453099966049194,-0.022867470841829572,0.3212035099870247,-0.051907301546722406,-4.7285146738300466e-07,4.4828762496989654e-08,-3.6095857926564065e-07,-2.7975054574830177e-06,-4.520849650692327e-07,3.626465854373762e-06,14.42228686270805,1.5456967603788336,-14.364580814605159,-1.1688445893021637,0.29674000624940233,-0.9873235515687128
2024-01-09 17:53:49.621512,0.8541531544179548,-0.17740900680300692,0.31660949230100754,0.9453099966049194,-0.022867470841829572,0.3212035099870247,-0.051907301546722406,-4.7285146738300466e-07,4.4828762496989654e-08,-3.6095857926564065e-07,-2.7975054574830177e-06,-4.520849650692327e-07,3.626465854373762e-06,14.42228686270805,1.5456967603788336,-14.364580814605159,-1.1688445893021637,0.29674000624940233,-0.9873235515687128
2024-01-09 17:53:49.634318,0.8541531544179548,-0.17740900680300692,0.31660949230100754,0.9453099966049194,-0.022867470841829572,0.3212035099870247,-0.051907301546722406,-4.7285146738300466e-07,4.4828762496989654e-08,-3.6095857926564065e-07,-2.7975054574830177e-06,-4.520849650692327e-07,3.626465854373762e-06,14.42228686270805,1.5456967603788336,-14.364580814605159,-1.1688445893021637,0.29674000624940233,-0.9873235515687128
2024-01-09 17:53:49.646944,0.8541531756485429,-0.1774090322197834,0.3166095563645299,0.9453099966049194,-0.02286754262775388,0.3212035507876519,-0.05190736911485833,-4.7285146738300466e-07,4.4828762496989654e-08,-3.6095857926564065e-07,-2.7975054574830177e-06,-4.520849650692327e-07,3.626465854373762e-06,14.45216531187065,1.5455315786714425,-14.350266581373656,-1.1674747828237082,0.29071044331469387,-0.9916433302669122
2024-01-09 17:53:49.659690,0.8541531798183856,-0.17740901724933145,0.3166095772398952,0.9453099966049194,-0.02286754193862494,0.32120356378723564,-0.051907393699128654,-4.7285146738300466e-07,4.4828762496989654e-08,-3.6095857926564065e-07,-2.7975054574830177e-06,-4.520849650692327e-07,3.626465854373762e-06,14.42731626609372,1.5418049341651474,-14.365661855457164,-1.1709333873483452,0.29576556776588825,-0.9886209366293133
2024-01-09 17:53:49.671755,0.8541531756485429,-0.1774090322197834,0.3166095563645299,0.9453099966049194,-0.02286754262775388,0.3212035507876519,-0.05190736911485833,-4.7285146738300466e-07,4.4828762496989654e-08,-3.6095857926564065e-07,-2.7975054574830177e-06,-4.520849650692327e-07,3.626465854373762e-06,14.422053104967405,1.5424211933609182,-14.376111140319127,-1.172691354700589,0.2964333620276398,-0.9881746709824716
2024-01-09 17:53:49.683974,0.8541531714711038,-0.17740904721750478,0.31660953545114107,0.9453099966049194,-0.022867543318138017,0.3212035377643888,-0.051907344485807416,-3.481199217780784e-07,-1.24981011419741e-06,-1.7427824045013196e-06,-3.793754029873687e-06,2.1516771121519726e-06,-1.3145937179743374e-06,14.415509436441372,1.540034704149084,-14.379680070545643,-1.1741922513915322,0.2975085613302998,-0.9875459890100461
2024-01-09 17:53:49.696295,0.8541531643987846,-0.1774089615074424,0.31660954619872855,0.9453099966049194,-0.02286749681589816,0.32120353609654434,-0.05190741517037781,-3.481199217780784e-07,-1.24981011419741e-06,-1.7427824045013196e-06,-3.793754029873687e-06,2.1516771121519726e-06,-1.3145937179743374e-06,14.416387066433325,1.5398531572003737,-14.37812290733797,-1.1739262203698508,0.297434515666149,-0.9875788848544147
2024-01-09 17:53:49.708172,0.8541531602289417,-0.17740897647789555,0.3166095253233611,0.9453099966049194,-0.022867497505027957,0.3212035230969593,-0.05190739058610817,-3.481199217780784e-07,-1.24981011419741e-06,-1.7427824045013196e-06,-3.793754029873687e-06,2.1516771121519726e-06,-1.3145937179743374e-06,14.422198497966871,1.5434934114933563,-14.378597056340126,-1.1723975559062223,0.2966906341073804,-0.9878272496597487
2024-01-09 17:53:49.720644,0.8541531602289417,-0.17740897647789555,0.3166095253233611,0.9453099966049194,-0.022867497505027957,0.3212035230969593,-0.05190739058610817,-3.481199217780784e-07,-1.24981011419741e-06,-1.7427824045013196e-06,-3.793754029873687e-06,2.1516771121519726e-06,-1.3145937179743374e-06,14.422198497966871,1.5434934114933563,-14.378597056340126,-1.1723975559062223,0.2966906341073804,-0.9878272496597487
2024-01-09 17:53:49.732595,0.8541531602289417,-0.17740897647789555,0.3166095253233611,0.9453099966049194,-0.022867497505027957,0.3212035230969593,-0.05190739058610817,-3.481199217780784e-07,-1.24981011419741e-06,-1.7427824045013196e-06,-3.793754029873687e-06,2.1516771121519726e-06,-1.3145937179743374e-06,14.422198497966871,1.5434934114933563,-14.378597056340126,-1.1723975559062223,0.2966906341073804,-0.9878272496597487
2024-01-09 17:53:49.744666,0.8541531602289417,-0.17740897647789555,0.3166095253233611,0.9453099966049194,-0.022867497505027957,0.3212035230969593,-0.05190739058610817,-3.481199217780784e-07,-1.24981011419741e-06,-1.7427824045013196e-06,-3.793754029873687e-06,2.1516771121519726e-06,-1.3145937179743374e-06,14.422198497966871,1.5434934114933563,-14.378597056340126,-1.1723975559062223,0.2966906341073804,-0.9878272496597487
2024-01-09 17:53:49.756697,0.8541531691939594,-0.1774090684016694,0.31660957723989525,0.9453099966049194,-0.02286757022776616,0.32120356510885234,-0.051907384043633736,-3.481199217780784e-07,-1.24981011419741e-06,-1.7427824045013196e-06,-3.793754029873687e-06,2.1516771121519726e-06,-1.3145937179743374e-06,14.483483507738924,1.556664389832894,-14.34497924626332,-1.16439611464467,0.2840146508590444,-0.9949226303250378
2024-01-09 17:53:49.768692,0.8541531769128925,-0.17740903241188546,0.31660956072871693,0.9453099966049194,-0.022867528607028627,0.32120355723226873,-0.051907349179437,-3.481199217780784e-07,-1.24981011419741e-06,-1.7427824045013196e-06,-3.793754029873687e-06,2.1516771121519726e-06,-1.3145937179743374e-06,14.48347270111503,1.5581322644243154,-14.340494030281217,-1.1629526858363652,0.28401010163914336,-0.9952399142124789
2024-01-09 17:53:49.780982,0.8541531639699084,-0.1774090861640585,0.3166095528823465,0.9453099966049194,-0.02286751793539468,0.32120357995385274,-0.051907332359029314,-3.481199217780784e-07,-1.24981011419741e-06,-1.7427824045013196e-06,-3.793754029873687e-06,2.1516771121519726e-06,-1.3145937179743374e-06,14.47057161419477,1.5624607514032751,-14.354548010446452,-1.1651181698090463,0.28629387297544207,-0.9937498360764059
2024-01-09 17:53:49.793521,0.8541531639699084,-0.1774090861640585,0.3166095528823465,0.9453099966049194,-0.02286751793539468,0.32120357995385274,-0.051907332359029314,-3.481199217780784e-07,-1.24981011419741e-06,-1.7427824045013196e-06,-3.793754029873687e-06,2.1516771121519726e-06,-1.3145937179743374e-06,14.459825271441618,1.5577650819907096,-14.360871550483004,-1.1670374251254323,0.2882634811254947,-0.9925031351974736
2024-01-09 17:53:49.805647,0.8541531798183856,-0.17740901724933145,0.3166095772398952,0.9453099966049194,-0.02286754193862494,0.32120356378723564,-0.051907393699128654,-3.481199217780784e-07,-1.24981011419741e-06,-1.7427824045013196e-06,-3.793754029873687e-06,2.1516771121519726e-06,-1.3145937179743374e-06,14.459825271441618,1.5577650819907096,-14.360871550483004,-1.1670374251254323,0.2882634811254947,-0.9925031351974736
2024-01-09 17:53:49.818124,0.8541531798183856,-0.17740901724933145,0.3166095772398952,0.9453099966049194,-0.02286754193862494,0.32120356378723564,-0.051907393699128654,-3.481199217780784e-07,-1.24981011419741e-06,-1.7427824045013196e-06,-3.793754029873687e-06,2.1516771121519726e-06,-1.3145937179743374e-06,14.459825271441618,1.5577650819907096,-14.360871550483004,-1.1670374251254323,0.2882634811254947,-0.9925031351974736
2024-01-09 17:53:49.830662,0.8541531798183856,-0.17740901724933145,0.3166095772398952,0.9453099966049194,-0.02286754193862494,0.32120356378723564,-0.051907393699128654,-3.481199217780784e-07,-1.24981011419741e-06,-1.7427824045013196e-06,-3.793754029873687e-06,2.1516771121519726e-06,-1.3145937179743374e-06,14.459825271441618,1.5577650819907096,-14.360871550483004,-1.1670374251254323,0.2882634811254947,-0.9925031351974736
2024-01-09 17:53:49.843441,0.8541531798183856,-0.17740901724933145,0.3166095772398952,0.9453099966049194,-0.02286754193862494,0.32120356378723564,-0.051907393699128654,-3.481199217780784e-07,-1.24981011419741e-06,-1.7427824045013196e-06,-3.793754029873687e-06,2.1516771121519726e-06,-1.3145937179743374e-06,14.459825271441618,1.5577650819907096,-14.360871550483004,-1.1670374251254323,0.2882634811254947,-0.9925031351974736
2024-01-09 17:53:49.855999,0.8541531798183856,-0.17740901724933145,0.3166095772398952,0.9453099966049194,-0.02286754193862494,0.32120356378723564,-0.051907393699128654,-3.481199217780784e-07,-1.24981011419741e-06,-1.7427824045013196e-06,-3.793754029873687e-06,2.1516771121519726e-06,-1.3145937179743374e-06,14.473201037806998,1.5421661871313632,-14.361157486510546,-1.1714297780597565,0.2850173196574463,-0.9935176672904987
2024-01-09 17:53:49.868659,0.854153177719553,-0.17740901571729376,0.3166095296597955,0.9453099966049194,-0.022867549030338517,0.32120354284904773,-0.05190741021090444,-3.481199217780784e-07,-1.24981011419741e-06,-1.7427824045013196e-06,-3.793754029873687e-06,2.1516771121519726e-06,-1.3145937179743374e-06,14.47351789061011,1.5502225697375416,-14.366623939399444,-1.170123742874264,0.28525283239724764,-0.9933621626398758
2024-01-09 17:53:49.881086,0.8541531748140592,-0.17740903087984722,0.3166095131486168,0.9453099966049194,-0.02286753569874097,0.32120353629408094,-0.05190736569121291,-3.481199217780784e-07,-1.24981011419741e-06,-1.7427824045013196e-06,-3.793754029873687e-06,2.1516771121519726e-06,-1.3145937179743374e-06,14.480158158839409,1.543550446508586,-14.355382682141368,-1.1692543661728219,0.28402000826508633,-0.994160541102053
2024-01-09 17:53:49.893677,0.8541531859654542,-0.17740901783210594,0.3166095819323571,0.9453099966049194,-0.022867570227766226,0.32120356200029443,-0.05190740327942606,8.577996176620891e-07,1.0036724058697205e-06,5.291056947277238e-06,7.082387832438678e-06,-3.595012254342593e-06,-3.369462705384669e-06,14.492703504203202,1.5491191227120298,-14.356367633482982,-1.1682433350672086,0.2813652849424862,-0.9956685859550817
2024-01-09 17:53:49.906607,0.854153153774362,-0.1774090126597795,0.31660954619872855,0.9453099966049194,-0.022867525105040132,0.32120353741816215,-0.05190740551488357,8.577996176620891e-07,1.0036724058697205e-06,5.291056947277238e-06,7.082387832438678e-06,-3.595012254342593e-06,-3.369462705384669e-06,14.486962176953007,1.5492580948947423,-14.35475653650094,-1.1677092793394994,0.28268133651135813,-0.9949215507559611
2024-01-09 17:53:49.920281,0.8541531798183856,-0.17740901724933145,0.3166095772398952,0.9453099966049194,-0.02286754193862494,0.32120356378723564,-0.051907393699128654,8.577996176620891e-07,1.0036724058697205e-06,5.291056947277238e-06,7.082387832438678e-06,-3.595012254342593e-06,-3.369462705384669e-06,14.48284234489976,1.5537741541526302,-14.35965385407642,-1.167097114503895,0.2834946007396056,-0.9944590809117478
2024-01-09 17:53:49.932845,0.8541531762640456,-0.17740908732960672,0.31660956226727077,0.9453099966049194,-0.022867574513676978,0.32120357637997404,-0.051907351519624945,8.577996176620891e-07,1.0036724058697205e-06,5.291056947277238e-06,7.082387832438678e-06,-3.595012254342593e-06,-3.369462705384669e-06,14.473696934914997,1.5538291970794287,-14.36684787764504,-1.168212824091903,0.28526426599850263,-0.9933451876732493
2024-01-09 17:53:49.945491,0.8541531798183856,-0.17740901724933145,0.3166095772398952,0.9453099966049194,-0.02286754193862494,0.32120356378723564,-0.051907393699128654,8.577996176620891e-07,1.0036724058697205e-06,5.291056947277238e-06,7.082387832438678e-06,-3.595012254342593e-06,-3.369462705384669e-06,14.46639286866639,1.545236691857794,-14.369905975720577,-1.1709971932062901,0.2865597924350229,-0.9924488659716945
2024-01-09 17:53:49.957942,0.8541531691939594,-0.1774090684016694,0.31660957723989525,0.9453099966049194,-0.02286757022776616,0.32120356510885234,-0.051907384043633736,8.577996176620891e-07,1.0036724058697205e-06,5.291056947277238e-06,7.082387832438678e-06,-3.595012254342593e-06,-3.369462705384669e-06,14.440202838134246,1.5464960244454835,-14.380925564808487,-1.1727725371009563,0.2925567869044265,-0.9890958162515625
2024-01-09 17:53:49.970493,0.8541531691939594,-0.1774090684016694,0.31660957723989525,0.9453099966049194,-0.02286757022776616,0.32120356510885234,-0.051907384043633736,8.577996176620891e-07,1.0036724058697205e-06,5.291056947277238e-06,7.082387832438678e-06,-3.595012254342593e-06,-3.369462705384669e-06,14.443566298203109,1.5297625152588141,-14.380271674735571,-1.1777224640959103,0.2922250671231758,-0.989488682387573
2024-01-09 17:53:49.983134,0.8541531756485429,-0.1774090322197834,0.3166095563645299,0.9453099966049194,-0.02286754262775388,0.3212035507876519,-0.05190736911485833,8.577996176620891e-07,1.0036724058697205e-06,5.291056947277238e-06,7.082387832438678e-06,-3.595012254342593e-06,-3.369462705384669e-06,14.447080936221582,1.5298701764094964,-14.374997652387245,-1.1755335764775636,0.2919572792813168,-0.989957621047615
2024-01-09 17:53:49.995508,0.8541531614932921,-0.17740897666999653,0.3166095296875502,0.9453099966049194,-0.022867483484299723,0.32120352954157905,-0.05190737065068573,8.577996176620891e-07,1.0036724058697205e-06,5.291056947277238e-06,7.082387832438678e-06,-3.595012254342593e-06,-3.369462705384669e-06,14.447080936221582,1.5298701764094964,-14.374997652387245,-1.1755335764775636,0.2919572792813168,-0.989957621047615
2024-01-09 17:53:50.007765,0.8541531585877994,-0.1774089918325523,0.31660951317637337,0.9453099966049194,-0.02286747015270106,0.32120352298661214,-0.05190732613099279,8.577996176620891e-07,1.0036724058697205e-06,5.291056947277238e-06,7.082387832438678e-06,-3.595012254342593e-06,-3.369462705384669e-06,14.457344599626701,1.537265559180406,-14.369412867948494,-1.1722134264879212,0.2900439598763241,-0.9911004841809595
2024-01-09 17:53:50.020271,0.8541531585877994,-0.1774089918325523,0.31660951317637337,0.9453099966049194,-0.02286747015270106,0.32120352298661214,-0.05190732613099279,8.577996176620891e-07,1.0036724058697205e-06,5.291056947277238e-06,7.082387832438678e-06,-3.595012254342593e-06,-3.369462705384669e-06,14.457344599626701,1.537265559180406,-14.369412867948494,-1.1722134264879212,0.2900439598763241,-0.9911004841809595
2024-01-09 17:53:50.032683,0.8541531585877994,-0.1774089918325523,0.31660951317637337,0.9453099966049194,-0.02286747015270106,0.32120352298661214,-0.05190732613099279,8.577996176620891e-07,1.0036724058697205e-06,5.291056947277238e-06,7.082387832438678e-06,-3.595012254342593e-06,-3.369462705384669e-06,14.457344599626701,1.537265559180406,-14.369412867948494,-1.1722134264879212,0.2900439598763241,-0.9911004841809595
2024-01-09 17:53:50.044884,0.8541531675242481,-0.1774090160837838,0.31660956785497124,0.9453099966049194,-0.022867485360342176,0.3212035673611161,-0.05190737453853375,8.577996176620891e-07,1.0036724058697205e-06,5.291056947277238e-06,7.082387832438678e-06,-3.595012254342593e-06,-3.369462705384669e-06,14.464134008251182,1.5370683144770494,-14.372253261555555,-1.1724762245748463,0.2884584470893772,-0.9911672161534599
2024-01-09 17:53:50.057159,0.8541531675242481,-0.1774090160837838,0.31660956785497124,0.9453099966049194,-0.022867485360342176,0.3212035673611161,-0.05190737453853375,8.577996176620891e-07,1.0036724058697205e-06,5.291056947277238e-06,7.082387832438678e-06,-3.595012254342593e-06,-3.369462705384669e-06,14.465533328010995,1.5386942147013842,-14.371007052253367,-1.1722945440429484,0.2881661481752729,-0.9916758213131983
2024-01-09 17:53:50.069548,0.8541531650241158,-0.1774090833721212,0.3166095563645299,0.9453099966049194,-0.022867570916895553,0.3212035521092679,-0.0519073594593636,-1.92317871030066e-07,-5.176025953999532e-06,-8.838801015884292e-07,2.0885155830423172e-06,2.9543943631335636e-06,-1.3066040773568585e-05,14.46443315190725,1.5431537906719706,-14.368993435167669,-1.1715502174197494,0.28807992385865844,-0.9918078771784679
2024-01-09 17:53:50.081705,0.8541531544179548,-0.17740900680300692,0.31660949230100754,0.9453099966049194,-0.022867470841829572,0.3212035099870247,-0.051907301546722406,-1.92317871030066e-07,-5.176025953999532e-06,-8.838801015884292e-07,2.0885155830423172e-06,2.9543943631335636e-06,-1.3066040773568585e-05,14.457769424956627,1.5337103334140838,-14.37358060229453,-1.174442447994722,0.2894490811653386,-0.9911149336778887
2024-01-09 17:53:50.093942,0.8541531798183856,-0.17740901724933145,0.3166095772398952,0.9453099966049194,-0.02286754193862494,0.32120356378723564,-0.051907393699128654,-1.92317871030066e-07,-5.176025953999532e-06,-8.838801015884292e-07,2.0885155830423172e-06,2.9543943631335636e-06,-1.3066040773568585e-05,14.457769424956627,1.5337103334140838,-14.37358060229453,-1.174442447994722,0.2894490811653386,-0.9911149336778887
2024-01-09 17:53:50.106267,0.8541531643987846,-0.1774089615074424,0.31660954619872855,0.9453099966049194,-0.02286749681589816,0.32120353609654434,-0.05190741517037781,-1.92317871030066e-07,-5.176025953999532e-06,-8.838801015884292e-07,2.0885155830423172e-06,2.9543943631335636e-06,-1.3066040773568585e-05,14.455584564417027,1.533307883928652,-14.375869448305677,-1.1748587824523868,0.28983298622036957,-0.9909722727125538
2024-01-09 17:53:50.118933,0.8541531735497092,-0.17740903068774497,0.3166095087844298,0.9453099966049194,-0.022867549719466626,0.32120352984946365,-0.05190738562663409,-1.92317871030066e-07,-5.176025953999532e-06,-8.838801015884292e-07,2.0885155830423172e-06,2.9543943631335636e-06,-1.3066040773568585e-05,14.441767207976369,1.5335292757024825,-14.382533827544647,-1.175241806166597,0.29304020567350564,-0.9892037774705897
2024-01-09 17:53:50.131422,0.8541531735497092,-0.17740903068774497,0.3166095087844298,0.9453099966049194,-0.022867549719466626,0.32120352984946365,-0.05190738562663409,-1.92317871030066e-07,-5.176025953999532e-06,-8.838801015884292e-07,2.0885155830423172e-06,2.9543943631335636e-06,-1.3066040773568585e-05,14.441767207976369,1.5335292757024825,-14.382533827544647,-1.175241806166597,0.29304020567350564,-0.9892037774705897
2024-01-09 17:53:50.143648,0.8541531735497092,-0.17740903068774497,0.3166095087844298,0.9453099966049194,-0.022867549719466626,0.32120352984946365,-0.05190738562663409,-1.92317871030066e-07,-5.176025953999532e-06,-8.838801015884292e-07,2.0885155830423172e-06,2.9543943631335636e-06,-1.3066040773568585e-05,14.441767207976369,1.5335292757024825,-14.382533827544647,-1.175241806166597,0.29304020567350564,-0.9892037774705897
2024-01-09 17:53:50.156053,0.8541531735497092,-0.17740903068774497,0.3166095087844298,0.9453099966049194,-0.022867549719466626,0.32120352984946365,-0.05190738562663409,-1.92317871030066e-07,-5.176025953999532e-06,-8.838801015884292e-07,2.0885155830423172e-06,2.9543943631335636e-06,-1.3066040773568585e-05,14.441767207976369,1.5335292757024825,-14.382533827544647,-1.175241806166597,0.29304020567350564,-0.9892037774705897
2024-01-09 17:53:50.168251,0.854153177719553,-0.17740901571729376,0.3166095296597955,0.9453099966049194,-0.022867549030338517,0.32120354284904773,-0.05190741021090444,-1.92317871030066e-07,-5.176025953999532e-06,-8.838801015884292e-07,2.0885155830423172e-06,2.9543943631335636e-06,-1.3066040773568585e-05,14.476392969837823,1.5440380386312333,-14.368834684148036,-1.1695221133693485,0.2862462875317635,-0.9935452045889801
2024-01-09 17:53:50.180511,0.8541531653240348,-0.17740904663473103,0.31660953075867954,0.9453099966049194,-0.022867515028995908,0.3212035395513279,-0.05190733490551079,-1.92317871030066e-07,-5.176025953999532e-06,-8.838801015884292e-07,2.0885155830423172e-06,2.9543943631335636e-06,-1.3066040773568585e-05,14.501179187267322,1.5462856720938825,-14.351338918303899,-1.1657563742963033,0.2810056552122556,-0.9967391233217925
2024-01-09 17:53:50.192977,0.8541532029342209,-0.17740908028133526,0.31660959495887225,0.9453099370002747,-0.022867581024664144,0.32120363796517426,-0.051907360209955185,-1.92317871030066e-07,-5.176025953999532e-06,-8.838801015884292e-07,2.0885155830423172e-06,2.9543943631335636e-06,-1.3066040773568585e-05,14.496066839327261,1.5508561546852817,-14.356892852828905,-1.16566416425704,0.28227690106191666,-0.9959425386534111
2024-01-09 17:53:50.205284,0.8541531540818725,-0.17740897589512228,0.31660952063089975,0.9453099966049194,-0.02286746921588559,0.3212035248838992,-0.051907381005811805,-1.92317871030066e-07,-5.176025953999532e-06,-8.838801015884292e-07,2.0885155830423172e-06,2.9543943631335636e-06,-1.3066040773568585e-05,14.502131074772132,1.545468673011324,-14.349990962660266,-1.165661317056618,0.28053570395371785,-0.9966120149400084
2024-01-09 17:53:50.217492,0.854153164189632,-0.17740908203218494,0.3166095131486168,0.9453099966049194,-0.022867563987883022,0.32120353761569687,-0.05190735603571864,-1.92317871030066e-07,-5.176025953999532e-06,-8.838801015884292e-07,2.0885155830423172e-06,2.9543943631335636e-06,-1.3066040773568585e-05,14.48413755995146,1.540546452437988,-14.362171718312647,-1.169128665904066,0.2840561295322014,-0.994325795612083
2024-01-09 17:53:50.229723,0.854153166376011,-0.17740897706066935,0.31660953001582254,0.9453099966049194,-0.022867525794170302,0.3212035213100188,-0.05190740016640447,1.681829974432302e-07,8.074731968536004e-06,1.2974773648639807e-06,4.588014457419597e-06,1.9111114721561695e-06,7.865571613428415e-06,14.489750696150786,1.5469410739648157,-14.358966763414452,-1.168074191751909,0.28249661875424764,-0.9951790195886296
2024-01-09 17:53:50.242083,0.8541531859654542,-0.17740901783210594,0.3166095819323571,0.9453099966049194,-0.022867570227766226,0.32120356200029443,-0.05190740327942606,1.681829974432302e-07,8.074731968536004e-06,1.2974773648639807e-06,4.588014457419597e-06,1.9111114721561695e-06,7.865571613428415e-06,14.487400511659136,1.5437580730722689,-14.35317017317344,-1.1680337528584845,0.28290176859733107,-0.9949746080538894
2024-01-09 17:53:50.255532,0.854153172743049,-0.17740904738233818,0.3166095398533524,0.9453099966049194,-0.022867529296156937,0.3212035442326837,-0.05190732459516631,1.681829974432302e-07,8.074731968536004e-06,1.2974773648639807e-06,4.588014457419597e-06,1.9111114721561695e-06,7.865571613428415e-06,14.486660943891662,1.5415279044801682,-14.36038010713893,-1.16947372358795,0.28305040449616214,-0.9946688957746708
2024-01-09 17:53:50.268005,0.8541531614932921,-0.17740897666999653,0.3166095296875502,0.9453099966049194,-0.022867483484299723,0.32120352954157905,-0.05190737065068573,1.681829974432302e-07,8.074731968536004e-06,1.2974773648639807e-06,4.588014457419597e-06,1.9111114721561695e-06,7.865571613428415e-06,14.487750333232952,1.5467124729510704,-14.363407611593036,-1.1686037015568282,0.28296418695454206,-0.9946024993275044
2024-01-09 17:53:50.280229,0.8541531614932921,-0.17740897666999653,0.3166095296875502,0.9453099966049194,-0.022867483484299723,0.32120352954157905,-0.05190737065068573,1.681829974432302e-07,8.074731968536004e-06,1.2974773648639807e-06,4.588014457419597e-06,1.9111114721561695e-06,7.865571613428415e-06,14.487750333232952,1.5467124729510704,-14.363407611593036,-1.1686037015568282,0.28296418695454206,-0.9946024993275044
2024-01-09 17:53:50.292555,0.8541531614932921,-0.17740897666999653,0.3166095296875502,0.9453099966049194,-0.022867483484299723,0.32120352954157905,-0.05190737065068573,1.681829974432302e-07,8.074731968536004e-06,1.2974773648639807e-06,4.588014457419597e-06,1.9111114721561695e-06,7.865571613428415e-06,14.487750333232952,1.5467124729510704,-14.363407611593036,-1.1686037015568282,0.28296418695454206,-0.9946024993275044
2024-01-09 17:53:50.304731,0.8541531614932921,-0.17740897666999653,0.3166095296875502,0.9453099966049194,-0.022867483484299723,0.32120352954157905,-0.05190737065068573,1.681829974432302e-07,8.074731968536004e-06,1.2974773648639807e-06,4.588014457419597e-06,1.9111114721561695e-06,7.865571613428415e-06,14.487750333232952,1.5467124729510704,-14.363407611593036,-1.1686037015568282,0.28296418695454206,-0.9946024993275044
2024-01-09 17:53:50.316971,0.8541531735398816,-0.1774089639328878,0.31660950452137115,0.9453099966049194,-0.022867507504395396,0.32120353942906427,-0.05190742374241756,1.681829974432302e-07,8.074731968536004e-06,1.2974773648639807e-06,4.588014457419597e-06,1.9111114721561695e-06,7.865571613428415e-06,14.542052791009436,1.5608984785441793,-14.324884790267692,-1.1584018876107567,0.27237578271680385,-1.001754490472781
2024-01-09 17:53:50.329304,0.8541531735398816,-0.1774089639328878,0.31660950452137115,0.9453099966049194,-0.022867507504395396,0.32120353942906427,-0.05190742374241756,1.681829974432302e-07,8.074731968536004e-06,1.2974773648639807e-06,4.588014457419597e-06,1.9111114721561695e-06,7.865571613428415e-06,14.542052791009436,1.5608984785441793,-14.324884790267692,-1.1584018876107567,0.27237578271680385,-1.001754490472781
2024-01-09 17:53:50.341656,0.8541531735398816,-0.1774089639328878,0.31660950452137115,0.9453099966049194,-0.022867507504395396,0.32120353942906427,-0.05190742374241756,1.681829974432302e-07,8.074731968536004e-06,1.2974773648639807e-06,4.588014457419597e-06,1.9111114721561695e-06,7.865571613428415e-06,14.542052791009436,1.5608984785441793,-14.324884790267692,-1.1584018876107567,0.27237578271680385,-1.001754490472781
2024-01-09 17:53:50.354605,0.8541531735398816,-0.1774089639328878,0.31660950452137115,0.9453099966049194,-0.022867507504395396,0.32120353942906427,-0.05190742374241756,1.681829974432302e-07,8.074731968536004e-06,1.2974773648639807e-06,4.588014457419597e-06,1.9111114721561695e-06,7.865571613428415e-06,14.542052791009436,1.5608984785441793,-14.324884790267692,-1.1584018876107567,0.27237578271680385,-1.001754490472781
2024-01-09 17:53:50.366955,0.8541531735398816,-0.1774089639328878,0.31660950452137115,0.9453099966049194,-0.022867507504395396,0.32120353942906427,-0.05190742374241756,1.681829974432302e-07,8.074731968536004e-06,1.2974773648639807e-06,4.588014457419597e-06,1.9111114721561695e-06,7.865571613428415e-06,14.531053184612658,1.560912706174247,-14.331137658653958,-1.1612090531170067,0.2743591233655767,-1.0010458866346565
2024-01-09 17:53:50.379541,0.8541531798183856,-0.17740901724933145,0.3166095772398952,0.9453099966049194,-0.02286754193862494,0.32120356378723564,-0.051907393699128654,1.681829974432302e-07,8.074731968536004e-06,1.2974773648639807e-06,4.588014457419597e-06,1.9111114721561695e-06,7.865571613428415e-06,14.535271586662384,1.5642157589358154,-14.329118167197645,-1.1591853813597444,0.273572532437506,-1.0017494327016527
2024-01-09 17:53:50.391815,0.8541531643987846,-0.1774089615074424,0.31660954619872855,0.9453099966049194,-0.02286749681589816,0.32120353609654434,-0.05190741517037781,1.681829974432302e-07,8.074731968536004e-06,1.2974773648639807e-06,4.588014457419597e-06,1.9111114721561695e-06,7.865571613428415e-06,14.546805915448545,1.5681673698083058,-14.320508344966477,-1.1566511278750005,0.2712295041167072,-1.0029878241589534
2024-01-09 17:53:50.404281,0.8541531798183856,-0.17740901724933145,0.3166095772398952,0.9453099966049194,-0.02286754193862494,0.32120356378723564,-0.051907393699128654,1.681829974432302e-07,8.074731968536004e-06,1.2974773648639807e-06,4.588014457419597e-06,1.9111114721561695e-06,7.865571613428415e-06,14.546805915448545,1.5681673698083058,-14.320508344966477,-1.1566511278750005,0.2712295041167072,-1.0029878241589534
2024-01-09 17:53:50.416838,0.8541531889594832,-0.17740901967477896,0.3166095355625359,0.9453099966049194,-0.02286755262712153,0.32120356711975434,-0.0519074022711661,1.681829974432302e-07,8.074731968536004e-06,1.2974773648639807e-06,4.588014457419597e-06,1.9111114721561695e-06,7.865571613428415e-06,14.55490114017568,1.5649310207590683,-14.316195107661759,-1.1561736002879082,0.26956421391659846,-1.0039582749014417
2024-01-09 17:53:50.429130,0.8541531602289417,-0.17740897647789555,0.3166095253233611,0.9453099966049194,-0.022867497505027957,0.3212035230969593,-0.05190739058610817,1.681829974432302e-07,8.074731968536004e-06,1.2974773648639807e-06,4.588014457419597e-06,1.9111114721561695e-06,7.865571613428415e-06,14.566427424272888,1.5663156357287336,-14.311485778207402,-1.1551912241898172,0.2671024774154462,-1.0051348299443843
2024-01-09 17:53:50.441544,0.8541531643987846,-0.1774089615074424,0.31660954619872855,0.9453099966049194,-0.02286749681589816,0.32120353609654434,-0.05190741517037781,3.207571473386504e-07,1.1515733196081174e-06,1.605797494974581e-06,3.4955595313274586e-06,-1.9825522038424986e-06,1.2112647341069507e-06,14.567630714232234,1.5709637436617192,-14.312996564950973,-1.1532205375099398,0.26728762715176657,-1.0056003430112133
2024-01-09 17:53:50.454366,0.854153150005812,-0.17740895880985688,0.3166094892337089,0.9453099966049194,-0.02286744732932653,0.3212035187322381,-0.051907412521562835,3.207571473386504e-07,1.1515733196081174e-06,1.605797494974581e-06,3.4955595313274586e-06,-1.9825522038424986e-06,1.2112647341069507e-06,14.571491174666527,1.5748388497472834,-14.308178638371215,-1.1510470759408735,0.26669736980601433,-1.0060962343223925
2024-01-09 17:53:50.466587,0.854153166376011,-0.17740897706066935,0.31660953001582254,0.9453099966049194,-0.022867525794170302,0.3212035213100188,-0.05190740016640447,3.207571473386504e-07,1.1515733196081174e-06,1.605797494974581e-06,3.4955595313274586e-06,-1.9825522038424986e-06,1.2112647341069507e-06,14.567399722541895,1.5783946078603588,-14.30737483040877,-1.150244795934597,0.26759246801381387,-1.0056392234205247
2024-01-09 17:53:50.478857,0.8541531531460085,-0.1774090066381739,0.3166094878987935,0.9453099966049194,-0.022867484863813247,0.32120350351872695,-0.05190732143736511,3.207571473386504e-07,1.1515733196081174e-06,1.605797494974581e-06,3.4955595313274586e-06,-1.9825522038424986e-06,1.2112647341069507e-06,14.56697348350157,1.574458125053898,-14.312553400776206,-1.151641141022262,0.26799068412193033,-1.0055669492142822
2024-01-09 17:53:50.491459,0.8541531531460085,-0.1774090066381739,0.3166094878987935,0.9453099966049194,-0.022867484863813247,0.32120350351872695,-0.05190732143736511,3.207571473386504e-07,1.1515733196081174e-06,1.605797494974581e-06,3.4955595313274586e-06,-1.9825522038424986e-06,1.2112647341069507e-06,14.56697348350157,1.574458125053898,-14.312553400776206,-1.151641141022262,0.26799068412193033,-1.0055669492142822
2024-01-09 17:53:50.505182,0.8541531531460085,-0.1774090066381739,0.3166094878987935,0.9453099966049194,-0.022867484863813247,0.32120350351872695,-0.05190732143736511,3.207571473386504e-07,1.1515733196081174e-06,1.605797494974581e-06,3.4955595313274586e-06,-1.9825522038424986e-06,1.2112647341069507e-06,14.56697348350157,1.574458125053898,-14.312553400776206,-1.151641141022262,0.26799068412193033,-1.0055669492142822
2024-01-09 17:53:50.519005,0.8541531531460085,-0.1774090066381739,0.3166094878987935,0.9453099966049194,-0.022867484863813247,0.32120350351872695,-0.05190732143736511,3.207571473386504e-07,1.1515733196081174e-06,1.605797494974581e-06,3.4955595313274586e-06,-1.9825522038424986e-06,1.2112647341069507e-06,14.56697348350157,1.574458125053898,-14.312553400776206,-1.151641141022262,0.26799068412193033,-1.0055669492142822
2024-01-09 17:53:50.532754,0.8541531531460085,-0.1774090066381739,0.3166094878987935,0.9453099966049194,-0.022867484863813247,0.32120350351872695,-0.05190732143736511,3.207571473386504e-07,1.1515733196081174e-06,1.605797494974581e-06,3.4955595313274586e-06,-1.9825522038424986e-06,1.2112647341069507e-06,14.56697348350157,1.574458125053898,-14.312553400776206,-1.151641141022262,0.26799068412193033,-1.0055669492142822
2024-01-09 17:53:50.545709,0.8541531531460085,-0.1774090066381739,0.3166094878987935,0.9453099966049194,-0.022867484863813247,0.32120350351872695,-0.05190732143736511,3.207571473386504e-07,1.1515733196081174e-06,1.605797494974581e-06,3.4955595313274586e-06,-1.9825522038424986e-06,1.2112647341069507e-06,14.56697348350157,1.574458125053898,-14.312553400776206,-1.151641141022262,0.26799068412193033,-1.0055669492142822
2024-01-09 17:53:50.558755,0.8541531910583156,-0.17740902120681643,0.3166095831426363,0.9453099966049194,-0.022867545535407707,0.3212035880579414,-0.051907385759390585,3.207571473386504e-07,1.1515733196081174e-06,1.605797494974581e-06,3.4955595313274586e-06,-1.9825522038424986e-06,1.2112647341069507e-06,14.566901979909307,1.5754017318432376,-14.316567887307855,-1.1514522002615397,0.26827871888178445,-1.0055078773516903
2024-01-09 17:53:50.571481,0.8541531608466758,-0.1774090983698424,0.316609535451141,0.9453099966049194,-0.02286757160728007,0.3212035390860041,-0.051907334830313095,3.207571473386504e-07,1.1515733196081174e-06,1.605797494974581e-06,3.4955595313274586e-06,-1.9825522038424986e-06,1.2112647341069507e-06,14.578435574624246,1.5739641220739178,-14.305716254690608,-1.150082182941524,0.2657041416315846,-1.0069365289853727
2024-01-09 17:53:50.583988,0.8541531608466758,-0.1774090983698424,0.316609535451141,0.9453099966049194,-0.02286757160728007,0.3212035390860041,-0.051907334830313095,3.207571473386504e-07,1.1515733196081174e-06,1.605797494974581e-06,3.4955595313274586e-06,-1.9825522038424986e-06,1.2112647341069507e-06,14.584481652114906,1.5792831806658774,-14.314255717214069,-1.1510416106133843,0.2641311504219578,-1.007415514633767
2024-01-09 17:53:50.596527,0.8541531756485429,-0.1774090322197834,0.3166095563645299,0.9453099966049194,-0.02286754262775388,0.3212035507876519,-0.05190736911485833,3.207571473386504e-07,1.1515733196081174e-06,1.605797494974581e-06,3.4955595313274586e-06,-1.9825522038424986e-06,1.2112647341069507e-06,14.57554411301088,1.576858797315862,-14.320126516351149,-1.1529767270976035,0.26579963438303456,-1.0061135533326226
2024-01-09 17:53:50.608992,0.8541531839829791,-0.17740905133982246,0.31660954575609346,0.9453099966049194,-0.022867532892937633,0.32120356850339055,-0.05190731665542932,3.207571473386504e-07,1.1515733196081174e-06,1.605797494974581e-06,3.4955595313274586e-06,-1.9825522038424986e-06,1.2112647341069507e-06,14.57988429881149,1.5695966842616913,-14.313649293417969,-1.154534995635627,0.2647784293388529,-1.006563925104316
2024-01-09 17:53:50.621788,0.8541531756485429,-0.1774090322197834,0.3166095563645299,0.9453099966049194,-0.02286754262775388,0.3212035507876519,-0.05190736911485833,3.207571473386504e-07,1.1515733196081174e-06,1.605797494974581e-06,3.4955595313274586e-06,-1.9825522038424986e-06,1.2112647341069507e-06,14.57988429881149,1.5695966842616913,-14.313649293417969,-1.154534995635627,0.2647784293388529,-1.006563925104316
2024-01-09 17:53:50.634372,0.8541531708727148,-0.1774089252323844,0.3166095253233611,0.9453099966049194,-0.02286746916435702,0.3212035217729343,-0.051907400259189336,3.207571473386504e-07,1.1515733196081174e-06,1.605797494974581e-06,3.4955595313274586e-06,-1.9825522038424986e-06,1.2112647341069507e-06,14.571678034721996,1.5679355603935201,-14.315110275517556,-1.1549118584902025,0.2666681807268451,-1.005588562121403
2024-01-09 17:53:50.647176,0.8541531798183856,-0.17740901724933145,0.3166095772398952,0.9453099966049194,-0.02286754193862494,0.32120356378723564,-0.051907393699128654,6.389764828362843e-07,-6.572639073871527e-06,3.7083238622694277e-06,2.316185638520254e-06,-5.112714856468319e-06,-1.0440315815768026e-05,14.561415423244089,1.5640443845399006,-14.32689875857876,-1.1575258224256921,0.26899756705389627,-1.004252760336974
2024-01-09 17:53:50.659811,0.8541531643987846,-0.1774089615074424,0.31660954619872855,0.9453099966049194,-0.02286749681589816,0.32120353609654434,-0.05190741517037781,6.389764828362843e-07,-6.572639073871527e-06,3.7083238622694277e-06,2.316185638520254e-06,-5.112714856468319e-06,-1.0440315815768026e-05,14.562089137255192,1.55829140649489,-14.319252190194325,-1.1570119680302446,0.26883710983148235,-1.0043521000391036
2024-01-09 17:53:50.672552,0.8541531798183856,-0.17740901724933145,0.3166095772398952,0.9453099966049194,-0.02286754193862494,0.32120356378723564,-0.051907393699128654,6.389764828362843e-07,-6.572639073871527e-06,3.7083238622694277e-06,2.316185638520254e-06,-5.112714856468319e-06,-1.0440315815768026e-05,14.556669850978354,1.5607423289307893,-14.330083104983322,-1.1579539516852795,0.26996311927423045,-1.0037500054662438
2024-01-09 17:53:50.685208,0.8541531602289417,-0.17740897647789555,0.3166095253233611,0.9453099966049194,-0.022867497505027957,0.3212035230969593,-0.05190739058610817,6.389764828362843e-07,-6.572639073871527e-06,3.7083238622694277e-06,2.316185638520254e-06,-5.112714856468319e-06,-1.0440315815768026e-05,14.566269918268707,1.5626823473131974,-14.324598185719525,-1.156961859077283,0.26784257378291865,-1.0047313758794025
2024-01-09 17:53:50.697772,0.8541531602289417,-0.17740897647789555,0.3166095253233611,0.9453099966049194,-0.022867497505027957,0.3212035230969593,-0.05190739058610817,6.389764828362843e-07,-6.572639073871527e-06,3.7083238622694277e-06,2.316185638520254e-06,-5.112714856468319e-06,-1.0440315815768026e-05,14.566269918268707,1.5626823473131974,-14.324598185719525,-1.156961859077283,0.26784257378291865,-1.0047313758794025
2024-01-09 17:53:50.710154,0.8541531602289417,-0.17740897647789555,0.3166095253233611,0.9453099966049194,-0.022867497505027957,0.3212035230969593,-0.05190739058610817,6.389764828362843e-07,-6.572639073871527e-06,3.7083238622694277e-06,2.316185638520254e-06,-5.112714856468319e-06,-1.0440315815768026e-05,14.566269918268707,1.5626823473131974,-14.324598185719525,-1.156961859077283,0.26784257378291865,-1.0047313758794025
2024-01-09 17:53:50.722695,0.8541531602289417,-0.17740897647789555,0.3166095253233611,0.9453099966049194,-0.022867497505027957,0.3212035230969593,-0.05190739058610817,6.389764828362843e-07,-6.572639073871527e-06,3.7083238622694277e-06,2.316185638520254e-06,-5.112714856468319e-06,-1.0440315815768026e-05,14.566269918268707,1.5626823473131974,-14.324598185719525,-1.156961859077283,0.26784257378291865,-1.0047313758794025
2024-01-09 17:53:50.734861,0.8541531602289417,-0.17740897647789555,0.3166095253233611,0.9453099966049194,-0.022867497505027957,0.3212035230969593,-0.05190739058610817,6.389764828362843e-07,-6.572639073871527e-06,3.7083238622694277e-06,2.316185638520254e-06,-5.112714856468319e-06,-1.0440315815768026e-05,14.566269918268707,1.5626823473131974,-14.324598185719525,-1.156961859077283,0.26784257378291865,-1.0047313758794025
2024-01-09 17:53:50.746961,0.8541531602289417,-0.17740897647789555,0.3166095253233611,0.9453099966049194,-0.022867497505027957,0.3212035230969593,-0.05190739058610817,6.389764828362843e-07,-6.572639073871527e-06,3.7083238622694277e-06,2.316185638520254e-06,-5.112714856468319e-06,-1.0440315815768026e-05,14.566269918268707,1.5626823473131974,-14.324598185719525,-1.156961859077283,0.26784257378291865,-1.0047313758794025
2024-01-09 17:53:50.759062,0.8541531602289417,-0.17740897647789555,0.3166095253233611,0.9453099966049194,-0.022867497505027957,0.3212035230969593,-0.05190739058610817,6.389764828362843e-07,-6.572639073871527e-06,3.7083238622694277e-06,2.316185638520254e-06,-5.112714856468319e-06,-1.0440315815768026e-05,14.566269918268707,1.5626823473131974,-14.324598185719525,-1.156961859077283,0.26784257378291865,-1.0047313758794025
2024-01-09 17:53:50.771036,0.8541531602289417,-0.17740897647789555,0.3166095253233611,0.9453099966049194,-0.022867497505027957,0.3212035230969593,-0.05190739058610817,6.389764828362843e-07,-6.572639073871527e-06,3.7083238622694277e-06,2.316185638520254e-06,-5.112714856468319e-06,-1.0440315815768026e-05,14.566269918268707,1.5626823473131974,-14.324598185719525,-1.156961859077283,0.26784257378291865,-1.0047313758794025
2024-01-09 17:53:50.782931,0.8541531602289417,-0.17740897647789555,0.3166095253233611,0.9453099966049194,-0.022867497505027957,0.3212035230969593,-0.05190739058610817,6.389764828362843e-07,-6.572639073871527e-06,3.7083238622694277e-06,2.316185638520254e-06,-5.112714856468319e-06,-1.0440315815768026e-05,14.566269918268707,1.5626823473131974,-14.324598185719525,-1.156961859077283,0.26784257378291865,-1.0047313758794025
2024-01-09 17:53:50.794941,0.8541531602289417,-0.17740897647789555,0.3166095253233611,0.9453099966049194,-0.022867497505027957,0.3212035230969593,-0.05190739058610817,6.389764828362843e-07,-6.572639073871527e-06,3.7083238622694277e-06,2.316185638520254e-06,-5.112714856468319e-06,-1.0440315815768026e-05,14.585476472172566,1.5715187190264561,-14.316657114962585,-1.155363324254189,0.2633165080643159,-1.0072877060327645
2024-01-09 17:53:50.807055,0.854153177719553,-0.17740901571729376,0.3166095296597955,0.9453099966049194,-0.022867549030338517,0.32120354284904773,-0.05190741021090444,6.389764828362843e-07,-6.572639073871527e-06,3.7083238622694277e-06,2.316185638520254e-06,-5.112714856468319e-06,-1.0440315815768026e-05,14.585476472172566,1.5715187190264561,-14.316657114962585,-1.155363324254189,0.2633165080643159,-1.0072877060327645
2024-01-09 17:53:50.819561,0.8541531756485429,-0.1774090322197834,0.3166095563645299,0.9453099966049194,-0.02286754262775388,0.3212035507876519,-0.05190736911485833,6.389764828362843e-07,-6.572639073871527e-06,3.7083238622694277e-06,2.316185638520254e-06,-5.112714856468319e-06,-1.0440315815768026e-05,14.584141444190369,1.5696766764275853,-14.327420344716751,-1.1577146671389003,0.263298663045981,-1.0069652425652578
2024-01-09 17:53:50.832259,0.8541531939692066,-0.17740898835755584,0.3166095430423354,0.9453099966049194,-0.022867508301927807,0.3212035959532887,-0.05190736675243521,6.389764828362843e-07,-6.572639073871527e-06,3.7083238622694277e-06,2.316185638520254e-06,-5.112714856468319e-06,-1.0440315815768026e-05,14.586864535378858,1.564670558379768,-14.328041958615728,-1.1591698373906694,0.2624811056726023,-1.0073114475375626
2024-01-09 17:53:50.844653,0.8541531585877994,-0.1774089918325523,0.31660951317637337,0.9453099966049194,-0.02286747015270106,0.32120352298661214,-0.05190732613099279,6.389764828362843e-07,-6.572639073871527e-06,3.7083238622694277e-06,2.316185638520254e-06,-5.112714856468319e-06,-1.0440315815768026e-05,14.58737797929161,1.5697331967461698,-14.33015408533375,-1.158651282873385,0.26233646132495375,-1.007107547838251
2024-01-09 17:53:50.857399,0.8541531756485429,-0.1774090322197834,0.3166095563645299,0.9453099966049194,-0.02286754262775388,0.3212035507876519,-0.05190736911485833,6.389764828362843e-07,-6.572639073871527e-06,3.7083238622694277e-06,2.316185638520254e-06,-5.112714856468319e-06,-1.0440315815768026e-05,14.594740952606667,1.5704613443679807,-14.32570339523802,-1.1584397080169582,0.26053216187588707,-1.0081351646394427
2024-01-09 17:53:50.870164,0.8541531756485429,-0.1774090322197834,0.3166095563645299,0.9453099966049194,-0.02286754262775388,0.3212035507876519,-0.05190736911485833,6.389764828362843e-07,-6.572639073871527e-06,3.7083238622694277e-06,2.316185638520254e-06,-5.112714856468319e-06,-1.0440315815768026e-05,14.594740952606667,1.5704613443679807,-14.32570339523802,-1.1584397080169582,0.26053216187588707,-1.0081351646394427
2024-01-09 17:53:50.883175,0.8541531756485429,-0.1774090322197834,0.3166095563645299,0.9453099966049194,-0.02286754262775388,0.3212035507876519,-0.05190736911485833,6.389764828362843e-07,-6.572639073871527e-06,3.7083238622694277e-06,2.316185638520254e-06,-5.112714856468319e-06,-1.0440315815768026e-05,14.594740952606667,1.5704613443679807,-14.32570339523802,-1.1584397080169582,0.26053216187588707,-1.0081351646394427
2024-01-09 17:53:50.896046,0.8541531756485429,-0.1774090322197834,0.3166095563645299,0.9453099966049194,-0.02286754262775388,0.3212035507876519,-0.05190736911485833,6.389764828362843e-07,-6.572639073871527e-06,3.7083238622694277e-06,2.316185638520254e-06,-5.112714856468319e-06,-1.0440315815768026e-05,14.579493801431276,1.5583512743831645,-14.324412706725235,-1.1611430421415816,0.2641400276139115,-1.0056507189845425
2024-01-09 17:53:50.908694,0.8541531643987846,-0.1774089615074424,0.31660954619872855,0.9453099966049194,-0.02286749681589816,0.32120353609654434,-0.05190741517037781,6.389764828362843e-07,-6.572639073871527e-06,3.7083238622694277e-06,2.316185638520254e-06,-5.112714856468319e-06,-1.0440315815768026e-05,14.574271802802606,1.5569709325100496,-14.335263646015061,-1.1630726970381604,0.26538570475085715,-1.0048639070835557
2024-01-09 17:53:50.922346,0.8541531602289417,-0.17740897647789555,0.3166095253233611,0.9453099966049194,-0.022867497505027957,0.3212035230969593,-0.05190739058610817,-3.474869096168713e-07,-1.247537762908794e-06,-1.7396139528891297e-06,-3.78685615893808e-06,2.1477648874960405e-06,-1.3122034619491966e-06,14.574617949781748,1.5583368389948313,-14.336254230327732,-1.1626820158254476,0.265060716450987,-1.0052097596660658
2024-01-09 17:53:50.935051,0.8541531643987846,-0.1774089615074424,0.31660954619872855,0.9453099966049194,-0.02286749681589816,0.32120353609654434,-0.05190741517037781,-3.474869096168713e-07,-1.247537762908794e-06,-1.7396139528891297e-06,-3.78685615893808e-06,2.1477648874960405e-06,-1.3122034619491966e-06,14.574617949781748,1.5583368389948313,-14.336254230327732,-1.1626820158254476,0.265060716450987,-1.0052097596660658
2024-01-09 17:53:50.947837,0.8541531643987846,-0.1774089615074424,0.31660954619872855,0.9453099966049194,-0.02286749681589816,0.32120353609654434,-0.05190741517037781,-3.474869096168713e-07,-1.247537762908794e-06,-1.7396139528891297e-06,-3.78685615893808e-06,2.1477648874960405e-06,-1.3122034619491966e-06,14.574617949781748,1.5583368389948313,-14.336254230327732,-1.1626820158254476,0.265060716450987,-1.0052097596660658
2024-01-09 17:53:50.960782,0.8541531643987846,-0.1774089615074424,0.31660954619872855,0.9453099966049194,-0.02286749681589816,0.32120353609654434,-0.05190741517037781,-3.474869096168713e-07,-1.247537762908794e-06,-1.7396139528891297e-06,-3.78685615893808e-06,2.1477648874960405e-06,-1.3122034619491966e-06,14.574617949781748,1.5583368389948313,-14.336254230327732,-1.1626820158254476,0.265060716450987,-1.0052097596660658
2024-01-09 17:53:50.973440,0.8541531831484954,-0.1774090499998864,0.3166095025401801,0.9453099966049194,-0.022867525963923736,0.3212035540098201,-0.05190731323178366,-3.474869096168713e-07,-1.247537762908794e-06,-1.7396139528891297e-06,-3.78685615893808e-06,2.1477648874960405e-06,-1.3122034619491966e-06,14.594618904581889,1.5571692486679576,-14.331340600263262,-1.1629277709074939,0.2606631888343388,-1.0072284764036328
2024-01-09 17:53:50.986286,0.8541531831484954,-0.1774090499998864,0.3166095025401801,0.9453099966049194,-0.022867525963923736,0.3212035540098201,-0.05190731323178366,-3.474869096168713e-07,-1.247537762908794e-06,-1.7396139528891297e-06,-3.78685615893808e-06,2.1477648874960405e-06,-1.3122034619491966e-06,14.594618904581889,1.5571692486679576,-14.331340600263262,-1.1629277709074939,0.2606631888343388,-1.0072284764036328
2024-01-09 17:53:50.999018,0.8541531831484954,-0.1774090499998864,0.3166095025401801,0.9453099966049194,-0.022867525963923736,0.3212035540098201,-0.05190731323178366,-3.474869096168713e-07,-1.247537762908794e-06,-1.7396139528891297e-06,-3.78685615893808e-06,2.1477648874960405e-06,-1.3122034619491966e-06,14.594618904581889,1.5571692486679576,-14.331340600263262,-1.1629277709074939,0.2606631888343388,-1.0072284764036328
2024-01-09 17:53:51.011733,0.8541531831484954,-0.1774090499998864,0.3166095025401801,0.9453099966049194,-0.022867525963923736,0.3212035540098201,-0.05190731323178366,-3.474869096168713e-07,-1.247537762908794e-06,-1.7396139528891297e-06,-3.78685615893808e-06,2.1477648874960405e-06,-1.3122034619491966e-06,14.594618904581889,1.5571692486679576,-14.331340600263262,-1.1629277709074939,0.2606631888343388,-1.0072284764036328
2024-01-09 17:53:51.024465,0.8541531643987846,-0.1774089615074424,0.31660954619872855,0.9453099966049194,-0.02286749681589816,0.32120353609654434,-0.05190741517037781,-3.474869096168713e-07,-1.247537762908794e-06,-1.7396139528891297e-06,-3.78685615893808e-06,2.1477648874960405e-06,-1.3122034619491966e-06,14.608296275793634,1.5700470949352592,-14.321536251347911,-1.1577468396370416,0.2579287012636342,-1.008790854370505
2024-01-09 17:53:51.037099,0.8541531643987846,-0.1774089615074424,0.31660954619872855,0.9453099966049194,-0.02286749681589816,0.32120353609654434,-0.05190741517037781,-3.474869096168713e-07,-1.247537762908794e-06,-1.7396139528891297e-06,-3.78685615893808e-06,2.1477648874960405e-06,-1.3122034619491966e-06,14.616208905497713,1.5728316113379064,-14.319454707509548,-1.1570703818398933,0.25609528395965836,-1.0098516160683577
2024-01-09 17:53:51.049906,0.8541531458359678,-0.17740897378030962,0.3166094683583416,0.9453099966049194,-0.02286744801845474,0.3212035057326512,-0.051907387937293964,-3.474869096168713e-07,-1.247537762908794e-06,-1.7396139528891297e-06,-3.78685615893808e-06,2.1477648874960405e-06,-1.3122034619491966e-06,14.606657945050143,1.5653195401967213,-14.324558762265632,-1.1593462578531313,0.25829932005825623,-1.0088950302677684
2024-01-09 17:53:51.063061,0.854153174007399,-0.17740904757444106,0.3166095442175399,0.9453099966049194,-0.022867515275432168,0.32120355067730016,-0.05190730465974424,-3.474869096168713e-07,-1.247537762908794e-06,-1.7396139528891297e-06,-3.78685615893808e-06,2.1477648874960405e-06,-1.3122034619491966e-06,14.604154973295985,1.5616168055633177,-14.332705740544359,-1.1618951471353265,0.25888261086005215,-1.008467491666513
2024-01-09 17:53:51.075764,0.8541531756387154,-0.1774089654649263,0.31660955210146885,0.9453099966049194,-0.022867500412681804,0.3212035603672517,-0.05190740723064079,-3.474869096168713e-07,-1.247537762908794e-06,-1.7396139528891297e-06,-3.78685615893808e-06,2.1477648874960405e-06,-1.3122034619491966e-06,14.601704280978765,1.5584505676691789,-14.327699512717277,-1.1617814798735662,0.25948727933553567,-1.008295668877535
2024-01-09 17:53:51.088965,0.8541531643987846,-0.1774089615074424,0.31660954619872855,0.9453099966049194,-0.02286749681589816,0.32120353609654434,-0.05190741517037781,-3.474869096168713e-07,-1.247537762908794e-06,-1.7396139528891297e-06,-3.78685615893808e-06,2.1477648874960405e-06,-1.3122034619491966e-06,14.597324453467035,1.5553800843905425,-14.334032554910674,-1.1641284295915315,0.2601735086972415,-1.0076279228560152
2024-01-09 17:53:51.101771,0.8541531536527524,-0.1774090266809671,0.3166094824357249,0.9453099966049194,-0.022867561175025895,0.32120350169344714,-0.05190740702268787,-3.474869096168713e-07,-1.247537762908794e-06,-1.7396139528891297e-06,-3.78685615893808e-06,2.1477648874960405e-06,-1.3122034619491966e-06,14.600947507728538,1.554602374772442,-14.333102176369175,-1.164107994146876,0.2595415367764237,-1.0079051101552239
2024-01-09 17:53:51.114545,0.8541531643987846,-0.1774089615074424,0.31660954619872855,0.9453099966049194,-0.02286749681589816,0.32120353609654434,-0.05190741517037781,-3.474869096168713e-07,-1.247537762908794e-06,-1.7396139528891297e-06,-3.78685615893808e-06,2.1477648874960405e-06,-1.3122034619491966e-06,14.607935465484138,1.5620997126604081,-14.333627182514153,-1.1616644240706755,0.25819691444272197,-1.0088787837353688
